{"cam/image_array": "214_cam-image_array_.jpg", "user/angle": 1.0, "user/throttle": 1.0, "user/mode": "user", "imu1/acl_x": 0.1484405029296875, "imu1/acl_y": -0.08379705810546874, "imu1/acl_z": 12.993332409667968, "imu1/gyr_x": -3.8702290076335877, "imu1/gyr_y": 2.3435114503816794, "imu1/gyr_z": -3.7709923664122136, "imu2/acl_x": -0.09576806640624999, "imu2/acl_y": -0.13646949462890623, "imu2/acl_z": 9.789890588378906, "imu2/gyr_x": 3.900763358778626, "imu2/gyr_y": -1.251908396946565, "imu2/gyr_z": -0.9389312977099237, "milliseconds": 35977}