{"cam/image_array": "49_cam-image_array_.jpg", "user/angle": -1.0, "user/throttle": 0.61355466742597, "user/mode": "user", "imu1/acl_x": 0.10295067138671875, "imu1/acl_y": -0.033518823242187495, "imu1/acl_z": 12.966996191406249, "imu1/gyr_x": -1.9618320610687023, "imu1/gyr_y": 2.3206106870229006, "imu1/gyr_z": -1.8854961832061068, "imu2/acl_x": -0.09576806640624999, "imu2/acl_y": 0.00718260498046875, "imu2/acl_z": 9.670180505371093, "imu2/gyr_x": 1.9694656488549618, "imu2/gyr_y": -1.2900763358778626, "imu2/gyr_z": -0.8778625954198473, "milliseconds": 26776}