{"cam/image_array": "127_cam-image_array_.jpg", "user/angle": 0.0, "user/throttle": -0.37142857142857144, "user/mode": "user", "imu1/acl_x": 0.15083470458984374, "imu1/acl_y": -0.09337386474609374, "imu1/acl_z": 12.938265771484375, "imu1/gyr_x": -4.0458015267175576, "imu1/gyr_y": 2.435114503816794, "imu1/gyr_z": -1.916030534351145, "imu2/acl_x": -0.09816226806640624, "imu2/acl_y": 0.03591302490234375, "imu2/acl_z": 9.619902270507811, "imu2/gyr_x": 3.854961832061069, "imu2/gyr_y": -1.2900763358778626, "imu2/gyr_z": -0.9389312977099237, "milliseconds": 30781}