{"cam/image_array": "51_cam-image_array_.jpg", "user/angle": 1.0, "user/throttle": 0.128571428571428, "user/mode": "user", "imu1/acl_x": 0.08858546142578125, "imu1/acl_y": -0.1149216796875, "imu1/acl_z": 13.012486022949219, "imu1/gyr_x": -3.801526717557252, "imu1/gyr_y": 2.4580152671755724, "imu1/gyr_z": -2.0229007633587788, "imu2/acl_x": -0.15562310791015624, "imu2/acl_y": 0.07422025146484375, "imu2/acl_z": 9.689334118652344, "imu2/gyr_x": 1.9618320610687023, "imu2/gyr_y": -1.2366412213740459, "imu2/gyr_z": -1.213740458015267, "milliseconds": 26879}