{"cam/image_array": "238_cam-image_array_.jpg", "user/angle": 0.037448981258792216, "user/throttle": 1.0, "user/mode": "user", "imu1/acl_x": 0.296881005859375, "imu1/acl_y": -0.11252747802734374, "imu1/acl_z": 12.9095353515625, "imu1/gyr_x": -5.778625954198473, "imu1/gyr_y": 2.3206106870229006, "imu1/gyr_z": -3.885496183206107, "imu2/acl_x": -0.055066638183593745, "imu2/acl_y": 0.06943184814453125, "imu2/acl_z": 9.6917283203125, "imu2/gyr_x": 3.717557251908397, "imu2/gyr_y": -1.1297709923664123, "imu2/gyr_z": -0.9465648854961832, "milliseconds": 39038}