{"cam/image_array": "136_cam-image_array_.jpg", "user/angle": 0.0, "user/throttle": -0.05433498852303745, "user/mode": "user", "imu1/acl_x": 0.11013327636718749, "imu1/acl_y": -0.25139117431640623, "imu1/acl_z": 12.866439721679686, "imu1/gyr_x": -2.0229007633587788, "imu1/gyr_y": 2.5267175572519083, "imu1/gyr_z": -1.7786259541984732, "imu2/acl_x": -0.12210428466796874, "imu2/acl_y": 0.06464344482421874, "imu2/acl_z": 9.701305126953125, "imu2/gyr_x": 3.7938931297709924, "imu2/gyr_y": -1.2595419847328244, "imu2/gyr_z": -0.9541984732824428, "milliseconds": 31227}