{"cam/image_array": "215_cam-image_array_.jpg", "user/angle": 1.0, "user/throttle": 1.0, "user/mode": "user", "imu1/acl_x": 0.16998831787109375, "imu1/acl_y": -0.09337386474609374, "imu1/acl_z": 12.919112158203124, "imu1/gyr_x": -3.900763358778626, "imu1/gyr_y": 2.312977099236641, "imu1/gyr_z": -0.007633587786259542, "imu2/acl_x": -0.1149216796875, "imu2/acl_y": -0.0526724365234375, "imu2/acl_z": 9.636661682128906, "imu2/gyr_x": 3.732824427480916, "imu2/gyr_y": -1.2290076335877862, "imu2/gyr_z": -1.0305343511450382, "milliseconds": 36018}