{"cam/image_array": "218_cam-image_array_.jpg", "user/angle": 0.0, "user/throttle": -1.0, "user/mode": "user", "imu1/acl_x": 0.19632453613281248, "imu1/acl_y": -0.05985504150390625, "imu1/acl_z": 12.928688964843749, "imu1/gyr_x": -3.9160305343511452, "imu1/gyr_y": 2.50381679389313, "imu1/gyr_z": -0.015267175572519083, "imu2/acl_x": -0.14604630126953125, "imu2/acl_y": -0.011971008300781249, "imu2/acl_z": 9.610325463867188, "imu2/gyr_x": 3.8091603053435112, "imu2/gyr_y": -1.3129770992366412, "imu2/gyr_z": -1.0381679389312977, "milliseconds": 36172}