{"cam/image_array": "113_cam-image_array_.jpg", "user/angle": 0.0, "user/throttle": -0.12857142857142814, "user/mode": "user", "imu1/acl_x": 0.13646949462890623, "imu1/acl_y": -0.05746083984375, "imu1/acl_z": 12.847286108398437, "imu1/gyr_x": -4.0534351145038165, "imu1/gyr_y": 2.145038167938931, "imu1/gyr_z": -1.6870229007633588, "imu2/acl_x": -0.11013327636718749, "imu2/acl_y": 0.02633621826171875, "imu2/acl_z": 9.624690673828125, "imu2/gyr_x": 3.8244274809160306, "imu2/gyr_y": -1.2900763358778626, "imu2/gyr_z": -1.0381679389312977, "milliseconds": 30062}