{"cam/image_array": "189_cam-image_array_.jpg", "user/angle": 0.0, "user/throttle": -1.0, "user/mode": "user", "imu1/acl_x": 0.08379705810546874, "imu1/acl_y": -0.062249243164062495, "imu1/acl_z": 12.981361401367186, "imu1/gyr_x": -4.0, "imu1/gyr_y": 2.1297709923664123, "imu1/gyr_z": -1.9694656488549618, "imu2/acl_x": -0.1149216796875, "imu2/acl_y": 0.0430956298828125, "imu2/acl_z": 9.679757312011718, "imu2/gyr_x": 3.7557251908396947, "imu2/gyr_y": -1.2595419847328244, "imu2/gyr_z": -0.9312977099236641, "milliseconds": 33937}