{"cam/image_array": "42_cam-image_array_.jpg", "user/angle": 0.0, "user/throttle": 0.0, "user/mode": "user", "imu1/acl_x": 0.13646949462890623, "imu1/acl_y": -0.10295067138671875, "imu1/acl_z": 13.014880224609374, "imu1/gyr_x": -1.9770992366412214, "imu1/gyr_y": 2.3435114503816794, "imu1/gyr_z": -2.053435114503817, "imu2/acl_x": -0.16041151123046873, "imu2/acl_y": 0.1005564697265625, "imu2/acl_z": 9.526528405761718, "imu2/gyr_x": 3.8244274809160306, "imu2/gyr_y": -1.3358778625954197, "imu2/gyr_z": -0.9083969465648855, "milliseconds": 26403}