{"cam/image_array": "12_cam-image_array_.jpg", "user/angle": 0.0, "user/throttle": -0.44285714285714217, "user/mode": "user", "imu1/acl_x": 0.20829554443359374, "imu1/acl_y": -0.11013327636718749, "imu1/acl_z": 12.878410729980468, "imu1/gyr_x": -3.8931297709923665, "imu1/gyr_y": 2.2748091603053435, "imu1/gyr_z": -2.0610687022900764, "imu2/acl_x": -0.1388636962890625, "imu2/acl_y": 0.04548983154296875, "imu2/acl_z": 9.634267480468749, "imu2/gyr_x": 3.8702290076335877, "imu2/gyr_y": -1.2671755725190839, "imu2/gyr_z": -0.9847328244274809, "milliseconds": 24044}