{"cam/image_array": "17_cam-image_array_.jpg", "user/angle": 0.0, "user/throttle": 0.0, "user/mode": "user", "imu1/acl_x": 0.16041151123046873, "imu1/acl_y": -0.105344873046875, "imu1/acl_z": 12.916717956542968, "imu1/gyr_x": -3.9618320610687023, "imu1/gyr_y": 2.3893129770992365, "imu1/gyr_z": -1.9236641221374047, "imu2/acl_x": -0.105344873046875, "imu2/acl_y": -0.00718260498046875, "imu2/acl_z": 9.572018237304688, "imu2/gyr_x": 3.687022900763359, "imu2/gyr_y": -1.16793893129771, "imu2/gyr_z": -0.9465648854961832, "milliseconds": 24312}