{"cam/image_array": "2_cam-image_array_.jpg", "user/angle": -0.014285714285714176, "user/throttle": 0.6857142857142857, "user/mode": "user", "imu1/acl_x": 0.12449848632812499, "imu1/acl_y": -0.09337386474609374, "imu1/acl_z": 12.885593334960937, "imu1/gyr_x": -3.7251908396946565, "imu1/gyr_y": 2.3587786259541983, "imu1/gyr_z": -1.8396946564885497, "imu2/acl_x": -0.105344873046875, "imu2/acl_y": 0.0, "imu2/acl_z": 9.677363110351562, "imu2/gyr_x": 3.83206106870229, "imu2/gyr_y": -1.1984732824427482, "imu2/gyr_z": -1.1145038167938932, "milliseconds": 23522}