{"cam/image_array": "141_cam-image_array_.jpg", "user/angle": 0.0, "user/throttle": -0.05433498852303745, "user/mode": "user", "imu1/acl_x": 0.14125789794921875, "imu1/acl_y": -0.08858546142578125, "imu1/acl_z": 12.9095353515625, "imu1/gyr_x": -1.9770992366412214, "imu1/gyr_y": 2.4732824427480917, "imu1/gyr_z": -0.007633587786259542, "imu2/acl_x": -0.1149216796875, "imu2/acl_y": 0.02633621826171875, "imu2/acl_z": 9.765948571777344, "imu2/gyr_x": 3.7938931297709924, "imu2/gyr_y": -1.3129770992366412, "imu2/gyr_z": -1.0305343511450382, "milliseconds": 31480}