{"cam/image_array": "148_cam-image_array_.jpg", "user/angle": 0.0, "user/throttle": -1.0, "user/mode": "user", "imu1/acl_x": 0.13646949462890623, "imu1/acl_y": -0.11013327636718749, "imu1/acl_z": 12.880804931640624, "imu1/gyr_x": -3.8625954198473282, "imu1/gyr_y": 2.3435114503816794, "imu1/gyr_z": -1.9312977099236641, "imu2/acl_x": -0.1388636962890625, "imu2/acl_y": 0.06703764648437499, "imu2/acl_z": 9.581595043945311, "imu2/gyr_x": 3.5877862595419847, "imu2/gyr_y": -1.3511450381679388, "imu2/gyr_z": -0.9923664122137404, "milliseconds": 31859}