{"cam/image_array": "177_cam-image_array_.jpg", "user/angle": -1.0, "user/throttle": 1.0, "user/mode": "user", "imu1/acl_x": 0.15083470458984374, "imu1/acl_y": -0.031124621582031248, "imu1/acl_z": 12.9861498046875, "imu1/gyr_x": -3.816793893129771, "imu1/gyr_y": 2.404580152671756, "imu1/gyr_z": -2.122137404580153, "imu2/acl_x": -0.105344873046875, "imu2/acl_y": 0.00239420166015625, "imu2/acl_z": 9.713276135253906, "imu2/gyr_x": 3.885496183206107, "imu2/gyr_y": -1.282442748091603, "imu2/gyr_z": -1.015267175572519, "milliseconds": 33328}