{"cam/image_array": "61_cam-image_array_.jpg", "user/angle": 0.0, "user/throttle": -1.0, "user/mode": "user", "imu1/acl_x": 0.1292868896484375, "imu1/acl_y": -0.03591302490234375, "imu1/acl_z": 12.933477368164061, "imu1/gyr_x": -3.816793893129771, "imu1/gyr_y": 2.4885496183206106, "imu1/gyr_z": -1.9465648854961832, "imu2/acl_x": -0.28490999755859375, "imu2/acl_y": -0.09576806640624999, "imu2/acl_z": 9.753977563476562, "imu2/gyr_x": 3.969465648854962, "imu2/gyr_y": -1.1221374045801527, "imu2/gyr_z": -1.0, "milliseconds": 27385}