{"cam/image_array": "83_cam-image_array_.jpg", "user/angle": 0.0, "user/throttle": -0.1857142857142858, "user/mode": "user", "imu1/acl_x": 0.15322890625, "imu1/acl_y": -0.0909796630859375, "imu1/acl_z": 12.950236779785156, "imu1/gyr_x": -5.862595419847328, "imu1/gyr_y": 2.381679389312977, "imu1/gyr_z": -1.9694656488549618, "imu2/acl_x": -0.18435352783203124, "imu2/acl_y": 0.011971008300781249, "imu2/acl_z": 9.732429748535155, "imu2/gyr_x": 3.8396946564885495, "imu2/gyr_y": -1.213740458015267, "imu2/gyr_z": -0.9847328244274809, "milliseconds": 28518}