{"cam/image_array": "151_cam-image_array_.jpg", "user/angle": 0.0, "user/throttle": -1.0, "user/mode": "user", "imu1/acl_x": 0.28969840087890625, "imu1/acl_y": -0.05746083984375, "imu1/acl_z": 12.878410729980468, "imu1/gyr_x": -3.877862595419847, "imu1/gyr_y": 2.3587786259541983, "imu1/gyr_z": -1.8396946564885497, "imu2/acl_x": -0.14604630126953125, "imu2/acl_y": 0.0, "imu2/acl_z": 9.706093530273437, "imu2/gyr_x": 3.801526717557252, "imu2/gyr_y": -1.2671755725190839, "imu2/gyr_z": -1.0458015267175573, "milliseconds": 31997}