{"cam/image_array": "199_cam-image_array_.jpg", "user/angle": 0.0, "user/throttle": -1.0, "user/mode": "user", "imu1/acl_x": 0.1484405029296875, "imu1/acl_y": -0.08379705810546874, "imu1/acl_z": 12.85207451171875, "imu1/gyr_x": -3.8091603053435112, "imu1/gyr_y": 2.282442748091603, "imu1/gyr_z": -1.7709923664122138, "imu2/acl_x": -0.11252747802734374, "imu2/acl_y": 0.02154781494140625, "imu2/acl_z": 9.667786303710937, "imu2/gyr_x": 3.946564885496183, "imu2/gyr_y": -1.297709923664122, "imu2/gyr_z": -0.9770992366412213, "milliseconds": 34451}