{"cam/image_array": "100_cam-image_array_.jpg", "user/angle": 0.0, "user/throttle": -0.6428571428571431, "user/mode": "user", "imu1/acl_x": 0.10773907470703124, "imu1/acl_y": -0.13646949462890623, "imu1/acl_z": 12.945448376464842, "imu1/gyr_x": -2.0229007633587788, "imu1/gyr_y": 2.2977099236641223, "imu1/gyr_z": -2.0610687022900764, "imu2/acl_x": -0.12689268798828124, "imu2/acl_y": -0.05985504150390625, "imu2/acl_z": 9.7683427734375, "imu2/gyr_x": 3.7786259541984735, "imu2/gyr_y": -1.2595419847328244, "imu2/gyr_z": -1.0610687022900764, "milliseconds": 29382}