{"cam/image_array": "170_cam-image_array_.jpg", "user/angle": 1.0, "user/throttle": 1.0, "user/mode": "user", "imu1/acl_x": 0.1484405029296875, "imu1/acl_y": -0.0718260498046875, "imu1/acl_z": 12.895170141601561, "imu1/gyr_x": -3.877862595419847, "imu1/gyr_y": 2.198473282442748, "imu1/gyr_z": -1.8473282442748091, "imu2/acl_x": -0.1149216796875, "imu2/acl_y": 0.023942016601562498, "imu2/acl_z": 9.749189160156249, "imu2/gyr_x": 3.816793893129771, "imu2/gyr_y": -1.1145038167938932, "imu2/gyr_z": -1.0076335877862594, "milliseconds": 32975}