{"cam/image_array": "88_cam-image_array_.jpg", "user/angle": 1.0, "user/throttle": 1.0, "user/mode": "user", "imu1/acl_x": 0.1292868896484375, "imu1/acl_y": -0.0718260498046875, "imu1/acl_z": 12.931083166503905, "imu1/gyr_x": -3.900763358778626, "imu1/gyr_y": 2.2519083969465647, "imu1/gyr_z": -1.8396946564885497, "imu2/acl_x": -0.3064578125, "imu2/acl_y": 0.01915361328125, "imu2/acl_z": 9.739612353515625, "imu2/gyr_x": 3.7786259541984735, "imu2/gyr_y": -1.3129770992366412, "imu2/gyr_z": -0.9770992366412213, "milliseconds": 28773}