{"cam/image_array": "31_cam-image_array_.jpg", "user/angle": 0.0, "user/throttle": -1.0, "user/mode": "user", "imu1/acl_x": 0.28012159423828126, "imu1/acl_y": -0.08140285644531249, "imu1/acl_z": 12.820949890136719, "imu1/gyr_x": -3.854961832061069, "imu1/gyr_y": 2.4732824427480917, "imu1/gyr_z": -2.16793893129771, "imu2/acl_x": -0.1580173095703125, "imu2/acl_y": 0.01915361328125, "imu2/acl_z": 9.682151513671874, "imu2/gyr_x": 3.946564885496183, "imu2/gyr_y": -1.297709923664122, "imu2/gyr_z": -1.0916030534351144, "milliseconds": 25020}