{"cam/image_array": "48_cam-image_array_.jpg", "user/angle": -1.0, "user/throttle": 0.61355466742597, "user/mode": "user", "imu1/acl_x": 0.14604630126953125, "imu1/acl_y": -0.028730419921875, "imu1/acl_z": 12.887987536621093, "imu1/gyr_x": -3.931297709923664, "imu1/gyr_y": 2.1908396946564888, "imu1/gyr_z": -1.9389312977099236, "imu2/acl_x": -0.08140285644531249, "imu2/acl_y": 0.0383072265625, "imu2/acl_z": 9.734823950195311, "imu2/gyr_x": 1.9618320610687023, "imu2/gyr_y": -1.3358778625954197, "imu2/gyr_z": -0.9007633587786259, "milliseconds": 26723}