{"cam/image_array": "114_cam-image_array_.jpg", "user/angle": 0.0, "user/throttle": 0.0, "user/mode": "user", "imu1/acl_x": 0.2537853759765625, "imu1/acl_y": -0.02633621826171875, "imu1/acl_z": 12.974178796386719, "imu1/gyr_x": -3.8473282442748094, "imu1/gyr_y": 2.2977099236641223, "imu1/gyr_z": -2.1068702290076335, "imu2/acl_x": -0.13407529296874998, "imu2/acl_y": -0.0143652099609375, "imu2/acl_z": 9.557653027343749, "imu2/gyr_x": 3.6946564885496183, "imu2/gyr_y": -1.3435114503816794, "imu2/gyr_z": -0.9083969465648855, "milliseconds": 30093}