{"cam/image_array": "86_cam-image_array_.jpg", "user/angle": 0.0, "user/throttle": -0.7714285714285715, "user/mode": "user", "imu1/acl_x": 0.09337386474609374, "imu1/acl_y": -0.11731588134765625, "imu1/acl_z": 13.022062829589842, "imu1/gyr_x": -3.900763358778626, "imu1/gyr_y": 2.2748091603053435, "imu1/gyr_z": -0.007633587786259542, "imu2/acl_x": -0.12689268798828124, "imu2/acl_y": 0.08858546142578125, "imu2/acl_z": 9.643844287109374, "imu2/gyr_x": 3.7480916030534353, "imu2/gyr_y": -1.1145038167938932, "imu2/gyr_z": -0.9312977099236641, "milliseconds": 28670}