{"cam/image_array": "76_cam-image_array_.jpg", "user/angle": 0.0, "user/throttle": -1.0, "user/mode": "user", "imu1/acl_x": 0.09337386474609374, "imu1/acl_y": -0.1005564697265625, "imu1/acl_z": 12.89038173828125, "imu1/gyr_x": -3.9923664122137406, "imu1/gyr_y": 2.312977099236641, "imu1/gyr_z": -3.854961832061069, "imu2/acl_x": -0.12210428466796874, "imu2/acl_y": 0.009576806640625, "imu2/acl_z": 9.710881933593749, "imu2/gyr_x": 3.931297709923664, "imu2/gyr_y": -1.4351145038167938, "imu2/gyr_z": -0.8015267175572519, "milliseconds": 28158}