{"cam/image_array": "47_cam-image_array_.jpg", "user/angle": 0.0, "user/throttle": -0.719273613481671, "user/mode": "user", "imu1/acl_x": 0.10773907470703124, "imu1/acl_y": -0.1149216796875, "imu1/acl_z": 12.950236779785156, "imu1/gyr_x": -5.8320610687022905, "imu1/gyr_y": 2.3206106870229006, "imu1/gyr_z": -1.7404580152671756, "imu2/acl_x": -0.15322890625, "imu2/acl_y": 0.0718260498046875, "imu2/acl_z": 9.713276135253906, "imu2/gyr_x": 3.854961832061069, "imu2/gyr_y": -1.3740458015267176, "imu2/gyr_z": -1.015267175572519, "milliseconds": 26673}