{"cam/image_array": "29_cam-image_array_.jpg", "user/angle": 0.0, "user/throttle": -1.0, "user/mode": "user", "imu1/acl_x": 0.1771709228515625, "imu1/acl_y": -0.1005564697265625, "imu1/acl_z": 12.952630981445312, "imu1/gyr_x": -4.0534351145038165, "imu1/gyr_y": 2.5267175572519083, "imu1/gyr_z": -2.1908396946564888, "imu2/acl_x": -0.19393033447265623, "imu2/acl_y": 0.00239420166015625, "imu2/acl_z": 9.689334118652344, "imu2/gyr_x": 3.7557251908396947, "imu2/gyr_y": -1.2595419847328244, "imu2/gyr_z": -1.015267175572519, "milliseconds": 24917}