{"cam/image_array": "8_cam-image_array_.jpg", "user/angle": 0.0, "user/throttle": -0.4051985784368917, "user/mode": "user", "imu1/acl_x": 0.19393033447265623, "imu1/acl_y": -0.1197100830078125, "imu1/acl_z": 12.8329208984375, "imu1/gyr_x": -3.946564885496183, "imu1/gyr_y": 2.3893129770992365, "imu1/gyr_z": -1.8625954198473282, "imu2/acl_x": -0.15322890625, "imu2/acl_y": 0.05746083984375, "imu2/acl_z": 9.765948571777344, "imu2/gyr_x": 3.786259541984733, "imu2/gyr_y": -1.3053435114503817, "imu2/gyr_z": -1.0, "milliseconds": 23847}