{"cam/image_array": "82_cam-image_array_.jpg", "user/angle": 0.0, "user/throttle": -0.028571428571429427, "user/mode": "user", "imu1/acl_x": 0.01915361328125, "imu1/acl_y": -0.055066638183593745, "imu1/acl_z": 13.000515014648437, "imu1/gyr_x": -4.0458015267175576, "imu1/gyr_y": 2.3435114503816794, "imu1/gyr_z": -1.8854961832061068, "imu2/acl_x": -0.16280571289062498, "imu2/acl_y": 0.028730419921875, "imu2/acl_z": 9.710881933593749, "imu2/gyr_x": 3.801526717557252, "imu2/gyr_y": -1.381679389312977, "imu2/gyr_z": -1.0, "milliseconds": 28465}