{"cam/image_array": "67_cam-image_array_.jpg", "user/angle": 0.0, "user/throttle": -0.8491111594438927, "user/mode": "user", "imu1/acl_x": 0.14125789794921875, "imu1/acl_y": -0.1197100830078125, "imu1/acl_z": 12.887987536621093, "imu1/gyr_x": -1.9618320610687023, "imu1/gyr_y": 2.404580152671756, "imu1/gyr_z": -2.0076335877862594, "imu2/acl_x": -0.16519991455078123, "imu2/acl_y": 0.023942016601562498, "imu2/acl_z": 9.581595043945311, "imu2/gyr_x": 5.847328244274809, "imu2/gyr_y": -1.1526717557251909, "imu2/gyr_z": -0.9923664122137404, "milliseconds": 27703}