{"cam/image_array": "117_cam-image_array_.jpg", "user/angle": 0.0, "user/throttle": -0.15714285714285708, "user/mode": "user", "imu1/acl_x": 0.12210428466796874, "imu1/acl_y": -0.047884033203124995, "imu1/acl_z": 12.943054174804686, "imu1/gyr_x": -3.8473282442748094, "imu1/gyr_y": 2.5572519083969465, "imu1/gyr_z": -1.8473282442748091, "imu2/acl_x": -0.13168109130859373, "imu2/acl_y": 0.062249243164062495, "imu2/acl_z": 9.696516723632811, "imu2/gyr_x": 3.786259541984733, "imu2/gyr_y": -1.0610687022900764, "imu2/gyr_z": -0.916030534351145, "milliseconds": 30268}