{"cam/image_array": "237_cam-image_array_.jpg", "user/angle": 0.05714285714285752, "user/throttle": 1.0, "user/mode": "user", "imu1/acl_x": 0.1388636962890625, "imu1/acl_y": -0.0526724365234375, "imu1/acl_z": 12.746729638671875, "imu1/gyr_x": -3.9389312977099236, "imu1/gyr_y": 2.3282442748091605, "imu1/gyr_z": -1.8625954198473282, "imu2/acl_x": -0.15562310791015624, "imu2/acl_y": 0.00718260498046875, "imu2/acl_z": 9.785102185058593, "imu2/gyr_x": 3.8473282442748094, "imu2/gyr_y": -1.1755725190839694, "imu2/gyr_z": -0.9923664122137404, "milliseconds": 38985}