{"cam/image_array": "22_cam-image_array_.jpg", "user/angle": -1.0, "user/throttle": 0.3999999999999997, "user/mode": "user", "imu1/acl_x": 0.02154781494140625, "imu1/acl_y": -0.07422025146484375, "imu1/acl_z": 12.94065997314453, "imu1/gyr_x": -3.931297709923664, "imu1/gyr_y": 2.427480916030534, "imu1/gyr_z": -1.8931297709923665, "imu2/acl_x": -0.00239420166015625, "imu2/acl_y": 0.13407529296874998, "imu2/acl_z": 9.612719665527344, "imu2/gyr_x": 3.7938931297709924, "imu2/gyr_y": -1.213740458015267, "imu2/gyr_z": -0.8473282442748091, "milliseconds": 24547}