{"cam/image_array": "162_cam-image_array_.jpg", "user/angle": 0.509389486348289, "user/throttle": 1.0, "user/mode": "user", "imu1/acl_x": 0.1388636962890625, "imu1/acl_y": -0.07900865478515624, "imu1/acl_z": 12.885593334960937, "imu1/gyr_x": -3.9923664122137406, "imu1/gyr_y": 2.33587786259542, "imu1/gyr_z": -2.1297709923664123, "imu2/acl_x": -0.19153613281249998, "imu2/acl_y": 0.0383072265625, "imu2/acl_z": 9.679757312011718, "imu2/gyr_x": 3.732824427480916, "imu2/gyr_y": -1.3282442748091603, "imu2/gyr_z": -0.916030534351145, "milliseconds": 32576}