{"cam/image_array": "94_cam-image_array_.jpg", "user/angle": 0.0, "user/throttle": -0.42857142857142855, "user/mode": "user", "imu1/acl_x": 0.12449848632812499, "imu1/acl_y": -0.05985504150390625, "imu1/acl_z": 12.765883251953124, "imu1/gyr_x": -4.00763358778626, "imu1/gyr_y": 2.480916030534351, "imu1/gyr_z": -0.022900763358778626, "imu2/acl_x": -0.12689268798828124, "imu2/acl_y": -0.02154781494140625, "imu2/acl_z": 9.636661682128906, "imu2/gyr_x": 3.7938931297709924, "imu2/gyr_y": -1.2748091603053435, "imu2/gyr_z": -0.916030534351145, "milliseconds": 29076}