{"cam/image_array": "25_cam-image_array_.jpg", "user/angle": 1.0, "user/throttle": 1.0, "user/mode": "user", "imu1/acl_x": 0.14125789794921875, "imu1/acl_y": -0.1149216796875, "imu1/acl_z": 12.943054174804686, "imu1/gyr_x": -3.8091603053435112, "imu1/gyr_y": 2.450381679389313, "imu1/gyr_z": -1.8015267175572518, "imu2/acl_x": -0.14604630126953125, "imu2/acl_y": 0.028730419921875, "imu2/acl_z": 9.555258825683593, "imu2/gyr_x": 3.8396946564885495, "imu2/gyr_y": -1.282442748091603, "imu2/gyr_z": -1.1450381679389312, "milliseconds": 24723}