{"cam/image_array": "59_cam-image_array_.jpg", "user/angle": 0.0, "user/throttle": -1.0, "user/mode": "user", "imu1/acl_x": 0.105344873046875, "imu1/acl_y": -0.143652099609375, "imu1/acl_z": 12.739547033691405, "imu1/gyr_x": -4.00763358778626, "imu1/gyr_y": 2.267175572519084, "imu1/gyr_z": -3.8702290076335877, "imu2/acl_x": -0.1388636962890625, "imu2/acl_y": 0.062249243164062495, "imu2/acl_z": 9.624690673828125, "imu2/gyr_x": 3.732824427480916, "imu2/gyr_y": -1.1908396946564885, "imu2/gyr_z": -0.9770992366412213, "milliseconds": 27285}