{"cam/image_array": "63_cam-image_array_.jpg", "user/angle": 0.0, "user/throttle": -1.0, "user/mode": "user", "imu1/acl_x": 0.15322890625, "imu1/acl_y": -0.15322890625, "imu1/acl_z": 12.739547033691405, "imu1/gyr_x": -2.0, "imu1/gyr_y": 2.282442748091603, "imu1/gyr_z": -1.9083969465648856, "imu2/acl_x": -0.14604630126953125, "imu2/acl_y": 0.08140285644531249, "imu2/acl_z": 9.665392102050781, "imu2/gyr_x": 3.816793893129771, "imu2/gyr_y": -1.1297709923664123, "imu2/gyr_z": -0.9083969465648855, "milliseconds": 27497}