{"cam/image_array": "139_cam-image_array_.jpg", "user/angle": 0.0, "user/throttle": -0.05433498852303745, "user/mode": "user", "imu1/acl_x": 0.0, "imu1/acl_y": -0.105344873046875, "imu1/acl_z": 12.988544006347656, "imu1/gyr_x": -3.8091603053435112, "imu1/gyr_y": 2.351145038167939, "imu1/gyr_z": -1.8015267175572518, "imu2/acl_x": -0.11013327636718749, "imu2/acl_y": -0.0047884033203125, "imu2/acl_z": 9.708487731933593, "imu2/gyr_x": 2.0839694656488548, "imu2/gyr_y": -1.1984732824427482, "imu2/gyr_z": -0.9465648854961832, "milliseconds": 31374}