{"cam/image_array": "107_cam-image_array_.jpg", "user/angle": 0.0, "user/throttle": -0.21428571428571422, "user/mode": "user", "imu1/acl_x": 0.2825157958984375, "imu1/acl_y": -0.076614453125, "imu1/acl_z": 12.904746948242186, "imu1/gyr_x": -1.9694656488549618, "imu1/gyr_y": 2.3587786259541983, "imu1/gyr_z": -2.1603053435114505, "imu2/acl_x": -0.028730419921875, "imu2/acl_y": 0.0047884033203125, "imu2/acl_z": 9.694122521972655, "imu2/gyr_x": 3.83206106870229, "imu2/gyr_y": -1.3129770992366412, "imu2/gyr_z": -0.9083969465648855, "milliseconds": 29739}