{"cam/image_array": "105_cam-image_array_.jpg", "user/angle": 0.0, "user/throttle": -0.35714285714285743, "user/mode": "user", "imu1/acl_x": 0.13407529296874998, "imu1/acl_y": -0.0718260498046875, "imu1/acl_z": 12.976572998046874, "imu1/gyr_x": -4.038167938931298, "imu1/gyr_y": 2.3969465648854964, "imu1/gyr_z": -1.8015267175572518, "imu2/acl_x": -0.15322890625, "imu2/acl_y": 0.00239420166015625, "imu2/acl_z": 9.6917283203125, "imu2/gyr_x": 3.786259541984733, "imu2/gyr_y": -1.2213740458015268, "imu2/gyr_z": -1.0076335877862594, "milliseconds": 29638}