{"cam/image_array": "175_cam-image_array_.jpg", "user/angle": 1.5308084989341916e-16, "user/throttle": 1.0, "user/mode": "user", "imu1/acl_x": 0.09816226806640624, "imu1/acl_y": -0.13407529296874998, "imu1/acl_z": 13.014880224609374, "imu1/gyr_x": -3.9618320610687023, "imu1/gyr_y": 2.4732824427480917, "imu1/gyr_z": -1.633587786259542, "imu2/acl_x": -0.2825157958984375, "imu2/acl_y": -0.15083470458984374, "imu2/acl_z": 9.5001921875, "imu2/gyr_x": 3.931297709923664, "imu2/gyr_y": -1.3129770992366412, "imu2/gyr_z": -1.0687022900763359, "milliseconds": 33229}