{"cam/image_array": "33_cam-image_array_.jpg", "user/angle": -1.0, "user/throttle": 0.7714285714285716, "user/mode": "user", "imu1/acl_x": 0.12689268798828124, "imu1/acl_y": -0.05027823486328125, "imu1/acl_z": 12.976572998046874, "imu1/gyr_x": -3.9618320610687023, "imu1/gyr_y": 2.33587786259542, "imu1/gyr_z": -2.015267175572519, "imu2/acl_x": -0.181959326171875, "imu2/acl_y": 0.028730419921875, "imu2/acl_z": 9.739612353515625, "imu2/gyr_x": 3.8396946564885495, "imu2/gyr_y": -1.282442748091603, "imu2/gyr_z": -1.0229007633587786, "milliseconds": 25123}