{"cam/image_array": "43_cam-image_array_.jpg", "user/angle": 0.0, "user/throttle": 0.0, "user/mode": "user", "imu1/acl_x": 0.09576806640624999, "imu1/acl_y": -0.11252747802734374, "imu1/acl_z": 12.9095353515625, "imu1/gyr_x": -3.9389312977099236, "imu1/gyr_y": 2.5267175572519083, "imu1/gyr_z": -1.8091603053435115, "imu2/acl_x": -0.11013327636718749, "imu2/acl_y": 0.02154781494140625, "imu2/acl_z": 9.682151513671874, "imu2/gyr_x": 3.717557251908397, "imu2/gyr_y": -1.2442748091603053, "imu2/gyr_z": -1.0610687022900764, "milliseconds": 26465}