{"cam/image_array": "58_cam-image_array_.jpg", "user/angle": 1.0, "user/throttle": 0.5480133914955477, "user/mode": "user", "imu1/acl_x": 0.16998831787109375, "imu1/acl_y": -0.03591302490234375, "imu1/acl_z": 12.866439721679686, "imu1/gyr_x": -5.8320610687022905, "imu1/gyr_y": 2.3740458015267176, "imu1/gyr_z": -1.8854961832061068, "imu2/acl_x": -0.18914193115234373, "imu2/acl_y": -0.028730419921875, "imu2/acl_z": 9.648632690429688, "imu2/gyr_x": 3.8931297709923665, "imu2/gyr_y": -1.213740458015267, "imu2/gyr_z": -0.8931297709923665, "milliseconds": 27234}