{"cam/image_array": "101_cam-image_array_.jpg", "user/angle": 0.0, "user/throttle": -0.9857142857142855, "user/mode": "user", "imu1/acl_x": 0.0143652099609375, "imu1/acl_y": -0.08140285644531249, "imu1/acl_z": 12.916717956542968, "imu1/gyr_x": -3.7938931297709924, "imu1/gyr_y": 2.3969465648854964, "imu1/gyr_z": -2.2061068702290076, "imu2/acl_x": -0.143652099609375, "imu2/acl_y": -0.016759411621093748, "imu2/acl_z": 9.753977563476562, "imu2/gyr_x": 3.648854961832061, "imu2/gyr_y": -1.1374045801526718, "imu2/gyr_z": -0.9312977099236641, "milliseconds": 29434}