{"cam/image_array": "230_cam-image_array_.jpg", "user/angle": -1.0, "user/throttle": 0.27067663355653254, "user/mode": "user", "imu1/acl_x": 0.08858546142578125, "imu1/acl_y": -0.09816226806640624, "imu1/acl_z": 12.789825268554686, "imu1/gyr_x": -3.969465648854962, "imu1/gyr_y": 2.351145038167939, "imu1/gyr_z": -1.8244274809160306, "imu2/acl_x": -0.15083470458984374, "imu2/acl_y": 0.01915361328125, "imu2/acl_z": 9.751583361816406, "imu2/gyr_x": 3.687022900763359, "imu2/gyr_y": -1.0229007633587786, "imu2/gyr_z": -1.0534351145038168, "milliseconds": 37300}