{"cam/image_array": "74_cam-image_array_.jpg", "user/angle": 0.0, "user/throttle": -1.0, "user/mode": "user", "imu1/acl_x": 0.1292868896484375, "imu1/acl_y": -0.05027823486328125, "imu1/acl_z": 12.94065997314453, "imu1/gyr_x": -3.9389312977099236, "imu1/gyr_y": 2.351145038167939, "imu1/gyr_z": -3.9083969465648853, "imu2/acl_x": -0.047884033203124995, "imu2/acl_y": 0.0430956298828125, "imu2/acl_z": 9.579200842285156, "imu2/gyr_x": 3.7480916030534353, "imu2/gyr_y": -1.2366412213740459, "imu2/gyr_z": -0.9847328244274809, "milliseconds": 28044}