{"cam/image_array": "213_cam-image_array_.jpg", "user/angle": 0.3285714285714289, "user/throttle": 1.0, "user/mode": "user", "imu1/acl_x": 0.181959326171875, "imu1/acl_y": -0.12210428466796874, "imu1/acl_z": 12.86404552001953, "imu1/gyr_x": -3.9618320610687023, "imu1/gyr_y": 2.282442748091603, "imu1/gyr_z": -1.8931297709923665, "imu2/acl_x": -0.16041151123046873, "imu2/acl_y": -0.00718260498046875, "imu2/acl_z": 9.670180505371093, "imu2/gyr_x": 3.801526717557252, "imu2/gyr_y": -1.2748091603053435, "imu2/gyr_z": -1.1526717557251909, "milliseconds": 35924}