{"cam/image_array": "35_cam-image_array_.jpg", "user/angle": 1.0, "user/throttle": 1.0, "user/mode": "user", "imu1/acl_x": 0.11731588134765625, "imu1/acl_y": -0.0718260498046875, "imu1/acl_z": 12.945448376464842, "imu1/gyr_x": -3.984732824427481, "imu1/gyr_y": 2.3969465648854964, "imu1/gyr_z": -1.8854961832061068, "imu2/acl_x": -0.1388636962890625, "imu2/acl_y": 0.0430956298828125, "imu2/acl_z": 9.665392102050781, "imu2/gyr_x": 5.8396946564885495, "imu2/gyr_y": -1.16793893129771, "imu2/gyr_z": -0.9618320610687023, "milliseconds": 25226}