{"cam/image_array": "14_cam-image_array_.jpg", "user/angle": 1.0, "user/throttle": 1.0, "user/mode": "user", "imu1/acl_x": 0.181959326171875, "imu1/acl_y": -0.07422025146484375, "imu1/acl_z": 12.904746948242186, "imu1/gyr_x": -3.8702290076335877, "imu1/gyr_y": 2.480916030534351, "imu1/gyr_z": -2.053435114503817, "imu2/acl_x": -0.28490999755859375, "imu2/acl_y": 0.14125789794921875, "imu2/acl_z": 9.698910925292969, "imu2/gyr_x": 1.9694656488549618, "imu2/gyr_y": -1.2061068702290076, "imu2/gyr_z": -1.1450381679389312, "milliseconds": 24146}