{"cam/image_array": "209_cam-image_array_.jpg", "user/angle": 1.7494954273533618e-18, "user/throttle": 0.02857142857142857, "user/mode": "user", "imu1/acl_x": 0.1149216796875, "imu1/acl_y": -0.047884033203124995, "imu1/acl_z": 12.90235274658203, "imu1/gyr_x": -3.83206106870229, "imu1/gyr_y": 2.183206106870229, "imu1/gyr_z": -1.9389312977099236, "imu2/acl_x": -0.14604630126953125, "imu2/acl_y": 0.0718260498046875, "imu2/acl_z": 9.651026892089844, "imu2/gyr_x": 5.816793893129771, "imu2/gyr_y": -1.4198473282442747, "imu2/gyr_z": -1.0687022900763359, "milliseconds": 35723}