{"cam/image_array": "73_cam-image_array_.jpg", "user/angle": 0.0, "user/throttle": -0.7571428571428572, "user/mode": "user", "imu1/acl_x": 0.1149216796875, "imu1/acl_y": -0.07900865478515624, "imu1/acl_z": 12.969390393066405, "imu1/gyr_x": -4.0, "imu1/gyr_y": 2.366412213740458, "imu1/gyr_z": -1.8015267175572518, "imu2/acl_x": -0.086191259765625, "imu2/acl_y": 0.01915361328125, "imu2/acl_z": 9.622296472167967, "imu2/gyr_x": 1.9618320610687023, "imu2/gyr_y": -1.1068702290076335, "imu2/gyr_z": -1.0763358778625953, "milliseconds": 28002}