{"cam/image_array": "226_cam-image_array_.jpg", "user/angle": 0.0, "user/throttle": 3.4989908547067235e-18, "user/mode": "user", "imu1/acl_x": 0.143652099609375, "imu1/acl_y": -0.1388636962890625, "imu1/acl_z": 12.895170141601561, "imu1/gyr_x": -3.931297709923664, "imu1/gyr_y": 2.3587786259541983, "imu1/gyr_z": -2.0763358778625953, "imu2/acl_x": -0.11731588134765625, "imu2/acl_y": 0.03591302490234375, "imu2/acl_z": 9.660603698730467, "imu2/gyr_x": 3.7709923664122136, "imu2/gyr_y": -1.3282442748091603, "imu2/gyr_z": -0.9618320610687023, "milliseconds": 37095}