{"cam/image_array": "243_cam-image_array_.jpg", "user/angle": 0.0, "user/throttle": -1.0, "user/mode": "user", "imu1/acl_x": 0.13168109130859373, "imu1/acl_y": -0.03591302490234375, "imu1/acl_z": 12.89038173828125, "imu1/gyr_x": -1.9770992366412214, "imu1/gyr_y": 2.3282442748091605, "imu1/gyr_z": -1.8778625954198473, "imu2/acl_x": -0.13646949462890623, "imu2/acl_y": 0.011971008300781249, "imu2/acl_z": 9.670180505371093, "imu2/gyr_x": 3.7557251908396947, "imu2/gyr_y": -1.2671755725190839, "imu2/gyr_z": -0.8625954198473282, "milliseconds": 40014}