{"cam/image_array": "138_cam-image_array_.jpg", "user/angle": 0.0, "user/throttle": -0.05433498852303745, "user/mode": "user", "imu1/acl_x": 0.16280571289062498, "imu1/acl_y": -0.11252747802734374, "imu1/acl_z": 13.010091821289063, "imu1/gyr_x": -3.931297709923664, "imu1/gyr_y": 2.450381679389313, "imu1/gyr_z": -1.7786259541984732, "imu2/acl_x": -0.13168109130859373, "imu2/acl_y": 0.02154781494140625, "imu2/acl_z": 9.658209497070311, "imu2/gyr_x": 3.7480916030534353, "imu2/gyr_y": -1.3206106870229009, "imu2/gyr_z": -0.8549618320610687, "milliseconds": 31322}