{"cam/image_array": "28_cam-image_array_.jpg", "user/angle": 0.0, "user/throttle": -1.0, "user/mode": "user", "imu1/acl_x": 0.12449848632812499, "imu1/acl_y": -0.04548983154296875, "imu1/acl_z": 12.928688964843749, "imu1/gyr_x": -1.9694656488549618, "imu1/gyr_y": 2.50381679389313, "imu1/gyr_z": -1.8931297709923665, "imu2/acl_x": -0.15562310791015624, "imu2/acl_y": 0.047884033203124995, "imu2/acl_z": 9.737218151855469, "imu2/gyr_x": 3.854961832061069, "imu2/gyr_y": -1.1221374045801527, "imu2/gyr_z": -1.1145038167938932, "milliseconds": 24867}