{"cam/image_array": "220_cam-image_array_.jpg", "user/angle": 0.0, "user/throttle": -0.014285714285714464, "user/mode": "user", "imu1/acl_x": 0.12689268798828124, "imu1/acl_y": -0.05746083984375, "imu1/acl_z": 12.921506359863281, "imu1/gyr_x": -3.946564885496183, "imu1/gyr_y": 2.4580152671755724, "imu1/gyr_z": -1.6946564885496183, "imu2/acl_x": -0.105344873046875, "imu2/acl_y": -0.016759411621093748, "imu2/acl_z": 9.765948571777344, "imu2/gyr_x": 3.83206106870229, "imu2/gyr_y": -1.3587786259541985, "imu2/gyr_z": -0.9312977099236641, "milliseconds": 36272}