{"cam/image_array": "130_cam-image_array_.jpg", "user/angle": 0.0, "user/throttle": -0.1285714285714285, "user/mode": "user", "imu1/acl_x": 0.07900865478515624, "imu1/acl_y": -0.09576806640624999, "imu1/acl_z": 12.9095353515625, "imu1/gyr_x": -3.7938931297709924, "imu1/gyr_y": 2.4122137404580153, "imu1/gyr_z": -0.007633587786259542, "imu2/acl_x": -0.18914193115234373, "imu2/acl_y": 0.00718260498046875, "imu2/acl_z": 9.629479077148437, "imu2/gyr_x": 3.7480916030534353, "imu2/gyr_y": -1.251908396946565, "imu2/gyr_z": -0.9465648854961832, "milliseconds": 30924}