{"cam/image_array": "37_cam-image_array_.jpg", "user/angle": 1.0, "user/throttle": 0.2112558194719614, "user/mode": "user", "imu1/acl_x": 0.17477672119140625, "imu1/acl_y": -0.13407529296874998, "imu1/acl_z": 12.90235274658203, "imu1/gyr_x": -3.7938931297709924, "imu1/gyr_y": 2.2442748091603053, "imu1/gyr_z": -2.030534351145038, "imu2/acl_x": -0.0047884033203125, "imu2/acl_y": 0.13407529296874998, "imu2/acl_z": 9.682151513671874, "imu2/gyr_x": 3.877862595419847, "imu2/gyr_y": -1.2748091603053435, "imu2/gyr_z": -0.9083969465648855, "milliseconds": 25327}