{"cam/image_array": "52_cam-image_array_.jpg", "user/angle": 0.0, "user/throttle": -1.0, "user/mode": "user", "imu1/acl_x": 0.105344873046875, "imu1/acl_y": -0.05027823486328125, "imu1/acl_z": 12.856862915039061, "imu1/gyr_x": -3.984732824427481, "imu1/gyr_y": 2.2519083969465647, "imu1/gyr_z": -1.717557251908397, "imu2/acl_x": -0.143652099609375, "imu2/acl_y": -0.00239420166015625, "imu2/acl_z": 9.619902270507811, "imu2/gyr_x": 3.6946564885496183, "imu2/gyr_y": -1.3511450381679388, "imu2/gyr_z": -1.0076335877862594, "milliseconds": 26928}