{"cam/image_array": "184_cam-image_array_.jpg", "user/angle": 1.0, "user/throttle": 1.0, "user/mode": "user", "imu1/acl_x": 0.19153613281249998, "imu1/acl_y": -0.1149216796875, "imu1/acl_z": 12.957419384765624, "imu1/gyr_x": -1.9694656488549618, "imu1/gyr_y": 2.427480916030534, "imu1/gyr_z": -1.786259541984733, "imu2/acl_x": -0.143652099609375, "imu2/acl_y": 0.055066638183593745, "imu2/acl_z": 9.636661682128906, "imu2/gyr_x": 3.7404580152671754, "imu2/gyr_y": -1.1068702290076335, "imu2/gyr_z": -1.0381679389312977, "milliseconds": 33677}