{"cam/image_array": "188_cam-image_array_.jpg", "user/angle": 0.0, "user/throttle": -1.0, "user/mode": "user", "imu1/acl_x": 0.076614453125, "imu1/acl_y": -0.11731588134765625, "imu1/acl_z": 12.904746948242186, "imu1/gyr_x": -3.9236641221374047, "imu1/gyr_y": 2.4885496183206106, "imu1/gyr_z": -2.0381679389312977, "imu2/acl_x": -0.15083470458984374, "imu2/acl_y": 0.028730419921875, "imu2/acl_z": 9.773131176757811, "imu2/gyr_x": 1.9770992366412214, "imu2/gyr_y": -1.2213740458015268, "imu2/gyr_z": -1.0076335877862594, "milliseconds": 33884}