{"cam/image_array": "75_cam-image_array_.jpg", "user/angle": 0.0, "user/throttle": -1.0, "user/mode": "user", "imu1/acl_x": 0.1149216796875, "imu1/acl_y": -0.09816226806640624, "imu1/acl_z": 12.926294763183593, "imu1/gyr_x": -3.8473282442748094, "imu1/gyr_y": 2.519083969465649, "imu1/gyr_z": -1.8549618320610688, "imu2/acl_x": -0.296881005859375, "imu2/acl_y": -0.009576806640625, "imu2/acl_z": 9.631873278808593, "imu2/gyr_x": 3.8625954198473282, "imu2/gyr_y": -1.3053435114503817, "imu2/gyr_z": -0.9694656488549618, "milliseconds": 28103}