{"cam/image_array": "84_cam-image_array_.jpg", "user/angle": 0.0, "user/throttle": -0.1857142857142858, "user/mode": "user", "imu1/acl_x": 0.09337386474609374, "imu1/acl_y": -0.10773907470703124, "imu1/acl_z": 12.880804931640624, "imu1/gyr_x": -5.854961832061068, "imu1/gyr_y": 2.3282442748091605, "imu1/gyr_z": -1.9389312977099236, "imu2/acl_x": -0.1292868896484375, "imu2/acl_y": 0.03591302490234375, "imu2/acl_z": 9.737218151855469, "imu2/gyr_x": 3.8244274809160306, "imu2/gyr_y": -1.1908396946564885, "imu2/gyr_z": -1.1145038167938932, "milliseconds": 28566}