{"cam/image_array": "232_cam-image_array_.jpg", "user/angle": 0.0, "user/throttle": 0.0, "user/mode": "user", "imu1/acl_x": 0.13168109130859373, "imu1/acl_y": -0.086191259765625, "imu1/acl_z": 12.995726611328124, "imu1/gyr_x": -4.022900763358779, "imu1/gyr_y": 2.4198473282442747, "imu1/gyr_z": -1.6870229007633588, "imu2/acl_x": -0.13407529296874998, "imu2/acl_y": 0.0383072265625, "imu2/acl_z": 9.662997900390625, "imu2/gyr_x": 3.687022900763359, "imu2/gyr_y": -1.2748091603053435, "imu2/gyr_z": -0.7480916030534351, "milliseconds": 38073}