{"cam/image_array": "55_cam-image_array_.jpg", "user/angle": 0.0, "user/throttle": -1.0, "user/mode": "user", "imu1/acl_x": 0.15322890625, "imu1/acl_y": -0.09816226806640624, "imu1/acl_z": 13.010091821289063, "imu1/gyr_x": -3.969465648854962, "imu1/gyr_y": 2.3435114503816794, "imu1/gyr_z": -1.8931297709923665, "imu2/acl_x": -0.0047884033203125, "imu2/acl_y": 0.143652099609375, "imu2/acl_z": 9.787496386718749, "imu2/gyr_x": 3.8931297709923665, "imu2/gyr_y": -1.3893129770992367, "imu2/gyr_z": -1.0534351145038168, "milliseconds": 27085}