{"cam/image_array": "64_cam-image_array_.jpg", "user/angle": -0.24285714285714285, "user/throttle": 0.4857142857142857, "user/mode": "user", "imu1/acl_x": 0.12689268798828124, "imu1/acl_y": -0.06703764648437499, "imu1/acl_z": 12.840103503417968, "imu1/gyr_x": -3.954198473282443, "imu1/gyr_y": 2.2900763358778624, "imu1/gyr_z": -1.7709923664122138, "imu2/acl_x": -0.1388636962890625, "imu2/acl_y": 0.009576806640625, "imu2/acl_z": 9.763554370117188, "imu2/gyr_x": 3.8244274809160306, "imu2/gyr_y": -1.2748091603053435, "imu2/gyr_z": -0.8931297709923665, "milliseconds": 27534}