{"cam/image_array": "81_cam-image_array_.jpg", "user/angle": 0.0, "user/throttle": -0.028571428571429427, "user/mode": "user", "imu1/acl_x": 0.1292868896484375, "imu1/acl_y": -0.1388636962890625, "imu1/acl_z": 12.78743106689453, "imu1/gyr_x": -3.931297709923664, "imu1/gyr_y": 2.4198473282442747, "imu1/gyr_z": -2.114503816793893, "imu2/acl_x": -0.011971008300781249, "imu2/acl_y": -0.1149216796875, "imu2/acl_z": 9.610325463867188, "imu2/gyr_x": 3.8244274809160306, "imu2/gyr_y": -1.183206106870229, "imu2/gyr_z": -1.1755725190839694, "milliseconds": 28417}