{"cam/image_array": "50_cam-image_array_.jpg", "user/angle": 1.0, "user/throttle": 0.128571428571428, "user/mode": "user", "imu1/acl_x": 0.1292868896484375, "imu1/acl_y": -0.05027823486328125, "imu1/acl_z": 12.990938208007812, "imu1/gyr_x": -4.091603053435114, "imu1/gyr_y": 2.2900763358778624, "imu1/gyr_z": -1.8549618320610688, "imu2/acl_x": -0.09816226806640624, "imu2/acl_y": -0.0143652099609375, "imu2/acl_z": 9.715670336914062, "imu2/gyr_x": 3.900763358778626, "imu2/gyr_y": -1.16793893129771, "imu2/gyr_z": -1.0458015267175573, "milliseconds": 26824}