{"cam/image_array": "98_cam-image_array_.jpg", "user/angle": 0.0, "user/throttle": -0.8285714285714288, "user/mode": "user", "imu1/acl_x": 0.12210428466796874, "imu1/acl_y": -0.10295067138671875, "imu1/acl_z": 12.808978881835937, "imu1/gyr_x": -4.0534351145038165, "imu1/gyr_y": 2.4198473282442747, "imu1/gyr_z": -1.9312977099236641, "imu2/acl_x": -0.105344873046875, "imu2/acl_y": 0.0, "imu2/acl_z": 9.586383447265625, "imu2/gyr_x": 3.9389312977099236, "imu2/gyr_y": -1.1374045801526718, "imu2/gyr_z": -1.0534351145038168, "milliseconds": 29291}