{"cam/image_array": "60_cam-image_array_.jpg", "user/angle": 0.0, "user/throttle": 0.0, "user/mode": "user", "imu1/acl_x": 0.15083470458984374, "imu1/acl_y": -0.076614453125, "imu1/acl_z": 12.923900561523437, "imu1/gyr_x": -3.877862595419847, "imu1/gyr_y": 2.480916030534351, "imu1/gyr_z": -1.9236641221374047, "imu2/acl_x": -0.22266075439453123, "imu2/acl_y": 0.13168109130859373, "imu2/acl_z": 9.533711010742186, "imu2/gyr_x": 3.8396946564885495, "imu2/gyr_y": -1.251908396946565, "imu2/gyr_z": -1.0229007633587786, "milliseconds": 27326}