{"cam/image_array": "34_cam-image_array_.jpg", "user/angle": 1.0, "user/throttle": 1.0, "user/mode": "user", "imu1/acl_x": 0.1388636962890625, "imu1/acl_y": -0.07900865478515624, "imu1/acl_z": 12.962207788085937, "imu1/gyr_x": -4.0458015267175576, "imu1/gyr_y": 2.3969465648854964, "imu1/gyr_z": -2.0763358778625953, "imu2/acl_x": -0.1197100830078125, "imu2/acl_y": 0.033518823242187495, "imu2/acl_z": 9.576806640625, "imu2/gyr_x": 3.687022900763359, "imu2/gyr_y": -1.2595419847328244, "imu2/gyr_z": -0.9083969465648855, "milliseconds": 25177}