{"cam/image_array": "71_cam-image_array_.jpg", "user/angle": 0.0, "user/throttle": -1.0, "user/mode": "user", "imu1/acl_x": 0.11731588134765625, "imu1/acl_y": -0.076614453125, "imu1/acl_z": 12.923900561523437, "imu1/gyr_x": -4.00763358778626, "imu1/gyr_y": 2.4122137404580153, "imu1/gyr_z": -1.9694656488549618, "imu2/acl_x": -0.11013327636718749, "imu2/acl_y": 0.0430956298828125, "imu2/acl_z": 9.701305126953125, "imu2/gyr_x": 3.7557251908396947, "imu2/gyr_y": -1.381679389312977, "imu2/gyr_z": -1.099236641221374, "milliseconds": 27900}