{"cam/image_array": "173_cam-image_array_.jpg", "user/angle": 1.0, "user/throttle": 1.0, "user/mode": "user", "imu1/acl_x": 0.13168109130859373, "imu1/acl_y": -0.21787235107421873, "imu1/acl_z": 12.897564343261719, "imu1/gyr_x": -3.9618320610687023, "imu1/gyr_y": 2.519083969465649, "imu1/gyr_z": -2.0, "imu2/acl_x": -0.15322890625, "imu2/acl_y": 0.0383072265625, "imu2/acl_z": 9.574412438964844, "imu2/gyr_x": 3.786259541984733, "imu2/gyr_y": -1.4580152671755726, "imu2/gyr_z": -1.1068702290076335, "milliseconds": 33124}