{"cam/image_array": "124_cam-image_array_.jpg", "user/angle": 0.0, "user/throttle": -0.3285714285714279, "user/mode": "user", "imu1/acl_x": 0.10295067138671875, "imu1/acl_y": -0.12689268798828124, "imu1/acl_z": 12.911929553222656, "imu1/gyr_x": -3.969465648854962, "imu1/gyr_y": 2.427480916030534, "imu1/gyr_z": -1.900763358778626, "imu2/acl_x": -0.12689268798828124, "imu2/acl_y": 0.13407529296874998, "imu2/acl_z": 9.710881933593749, "imu2/gyr_x": 3.7251908396946565, "imu2/gyr_y": -1.1526717557251909, "imu2/gyr_z": -1.0076335877862594, "milliseconds": 30616}