{"cam/image_array": "172_cam-image_array_.jpg", "user/angle": 1.0, "user/throttle": 1.0, "user/mode": "user", "imu1/acl_x": 0.1197100830078125, "imu1/acl_y": -0.11252747802734374, "imu1/acl_z": 12.897564343261719, "imu1/gyr_x": -3.83206106870229, "imu1/gyr_y": 2.3969465648854964, "imu1/gyr_z": -2.114503816793893, "imu2/acl_x": -0.08379705810546874, "imu2/acl_y": -0.00239420166015625, "imu2/acl_z": 9.677363110351562, "imu2/gyr_x": 5.824427480916031, "imu2/gyr_y": -1.213740458015267, "imu2/gyr_z": -0.9083969465648855, "milliseconds": 33075}