{"cam/image_array": "112_cam-image_array_.jpg", "user/angle": 1.0, "user/throttle": 0.04285714285714291, "user/mode": "user", "imu1/acl_x": 0.14125789794921875, "imu1/acl_y": -0.055066638183593745, "imu1/acl_z": 12.871228125, "imu1/gyr_x": -3.8702290076335877, "imu1/gyr_y": 2.4122137404580153, "imu1/gyr_z": -2.1908396946564888, "imu2/acl_x": -0.105344873046875, "imu2/acl_y": 0.02154781494140625, "imu2/acl_z": 9.701305126953125, "imu2/gyr_x": 3.8931297709923665, "imu2/gyr_y": -1.2290076335877862, "imu2/gyr_z": -0.8854961832061069, "milliseconds": 30009}