{"cam/image_array": "122_cam-image_array_.jpg", "user/angle": 0.0, "user/throttle": -0.38571428571428606, "user/mode": "user", "imu1/acl_x": 0.033518823242187495, "imu1/acl_y": -0.09576806640624999, "imu1/acl_z": 12.959813586425781, "imu1/gyr_x": -3.9083969465648853, "imu1/gyr_y": 2.50381679389313, "imu1/gyr_z": -1.8854961832061068, "imu2/acl_x": -0.10773907470703124, "imu2/acl_y": 0.12449848632812499, "imu2/acl_z": 9.624690673828125, "imu2/gyr_x": 3.7557251908396947, "imu2/gyr_y": -1.3358778625954197, "imu2/gyr_z": -1.083969465648855, "milliseconds": 30512}