{"cam/image_array": "229_cam-image_array_.jpg", "user/angle": -1.0, "user/throttle": 0.27067663355653254, "user/mode": "user", "imu1/acl_x": 0.15562310791015624, "imu1/acl_y": -0.07422025146484375, "imu1/acl_z": 12.842497705078124, "imu1/gyr_x": -3.9236641221374047, "imu1/gyr_y": 2.549618320610687, "imu1/gyr_z": -1.8702290076335877, "imu2/acl_x": -0.00239420166015625, "imu2/acl_y": 0.08140285644531249, "imu2/acl_z": 9.536105212402344, "imu2/gyr_x": 3.7404580152671754, "imu2/gyr_y": -1.1526717557251909, "imu2/gyr_z": -0.9847328244274809, "milliseconds": 37268}