{"cam/image_array": "239_cam-image_array_.jpg", "user/angle": 0.037448981258792216, "user/throttle": 1.0, "user/mode": "user", "imu1/acl_x": 0.13646949462890623, "imu1/acl_y": -0.09576806640624999, "imu1/acl_z": 12.9095353515625, "imu1/gyr_x": -3.786259541984733, "imu1/gyr_y": 2.282442748091603, "imu1/gyr_z": -0.015267175572519083, "imu2/acl_x": -0.17956512451171874, "imu2/acl_y": 0.07422025146484375, "imu2/acl_z": 9.804255798339844, "imu2/gyr_x": 3.7557251908396947, "imu2/gyr_y": -1.251908396946565, "imu2/gyr_z": -0.8778625954198473, "milliseconds": 39088}