{"cam/image_array": "145_cam-image_array_.jpg", "user/angle": 0.0, "user/throttle": -0.08642629615399038, "user/mode": "user", "imu1/acl_x": 0.12689268798828124, "imu1/acl_y": -0.1388636962890625, "imu1/acl_z": 12.907141149902342, "imu1/gyr_x": -4.015267175572519, "imu1/gyr_y": 2.3206106870229006, "imu1/gyr_z": -2.1068702290076335, "imu2/acl_x": -0.10295067138671875, "imu2/acl_y": 0.04548983154296875, "imu2/acl_z": 9.591171850585937, "imu2/gyr_x": 3.732824427480916, "imu2/gyr_y": -1.2213740458015268, "imu2/gyr_z": -0.9618320610687023, "milliseconds": 31690}