{"cam/image_array": "142_cam-image_array_.jpg", "user/angle": 0.0, "user/throttle": -0.05433498852303745, "user/mode": "user", "imu1/acl_x": 0.11252747802734374, "imu1/acl_y": -0.08379705810546874, "imu1/acl_z": 12.933477368164061, "imu1/gyr_x": -4.0, "imu1/gyr_y": 2.4198473282442747, "imu1/gyr_z": -1.8396946564885497, "imu2/acl_x": -0.18914193115234373, "imu2/acl_y": 0.0143652099609375, "imu2/acl_z": 9.665392102050781, "imu2/gyr_x": 3.6259541984732824, "imu2/gyr_y": -1.2595419847328244, "imu2/gyr_z": -1.0, "milliseconds": 31529}