{"cam/image_array": "164_cam-image_array_.jpg", "user/angle": 1.0, "user/throttle": 1.0, "user/mode": "user", "imu1/acl_x": 0.17956512451171874, "imu1/acl_y": -0.11013327636718749, "imu1/acl_z": 12.9095353515625, "imu1/gyr_x": -3.9923664122137406, "imu1/gyr_y": 2.49618320610687, "imu1/gyr_z": -2.0076335877862594, "imu2/acl_x": -0.2920926025390625, "imu2/acl_y": 0.12689268798828124, "imu2/acl_z": 9.765948571777344, "imu2/gyr_x": 3.885496183206107, "imu2/gyr_y": -1.1603053435114503, "imu2/gyr_z": -1.0229007633587786, "milliseconds": 32667}