{"cam/image_array": "27_cam-image_array_.jpg", "user/angle": 0.0, "user/throttle": 0.0, "user/mode": "user", "imu1/acl_x": 0.16519991455078123, "imu1/acl_y": -0.12210428466796874, "imu1/acl_z": 12.876016528320312, "imu1/gyr_x": -2.0, "imu1/gyr_y": 2.1755725190839694, "imu1/gyr_z": -3.8473282442748094, "imu2/acl_x": -0.05985504150390625, "imu2/acl_y": 0.016759411621093748, "imu2/acl_z": 9.639055883789062, "imu2/gyr_x": 3.7099236641221376, "imu2/gyr_y": -1.1984732824427482, "imu2/gyr_z": -1.0, "milliseconds": 24813}