{"cam/image_array": "97_cam-image_array_.jpg", "user/angle": 0.0, "user/throttle": -0.8285714285714288, "user/mode": "user", "imu1/acl_x": 0.16519991455078123, "imu1/acl_y": -0.076614453125, "imu1/acl_z": 12.962207788085937, "imu1/gyr_x": -4.0458015267175576, "imu1/gyr_y": 2.381679389312977, "imu1/gyr_z": -2.0, "imu2/acl_x": -0.19871873779296872, "imu2/acl_y": 0.10773907470703124, "imu2/acl_z": 9.694122521972655, "imu2/gyr_x": 3.8091603053435112, "imu2/gyr_y": -1.3511450381679388, "imu2/gyr_z": -0.9312977099236641, "milliseconds": 29239}