{"cam/image_array": "72_cam-image_array_.jpg", "user/angle": 0.0, "user/throttle": -0.7571428571428572, "user/mode": "user", "imu1/acl_x": 0.16998831787109375, "imu1/acl_y": -0.06703764648437499, "imu1/acl_z": 12.955025183105468, "imu1/gyr_x": -5.816793893129771, "imu1/gyr_y": 2.4580152671755724, "imu1/gyr_z": -2.1526717557251906, "imu2/acl_x": -0.12449848632812499, "imu2/acl_y": 0.0, "imu2/acl_z": 9.672574707031249, "imu2/gyr_x": 3.8244274809160306, "imu2/gyr_y": -1.183206106870229, "imu2/gyr_z": -0.9083969465648855, "milliseconds": 27936}