{"cam/image_array": "179_cam-image_array_.jpg", "user/angle": -0.33720424669002885, "user/throttle": 1.0, "user/mode": "user", "imu1/acl_x": 0.13646949462890623, "imu1/acl_y": -0.1388636962890625, "imu1/acl_z": 12.938265771484375, "imu1/gyr_x": -3.984732824427481, "imu1/gyr_y": 2.5419847328244276, "imu1/gyr_z": -1.8473282442748091, "imu2/acl_x": -0.06464344482421874, "imu2/acl_y": 0.031124621582031248, "imu2/acl_z": 9.634267480468749, "imu2/gyr_x": 3.732824427480916, "imu2/gyr_y": -1.2213740458015268, "imu2/gyr_z": -1.015267175572519, "milliseconds": 33432}