{"cam/image_array": "224_cam-image_array_.jpg", "user/angle": 0.0, "user/throttle": -0.8857142857142863, "user/mode": "user", "imu1/acl_x": 0.11252747802734374, "imu1/acl_y": -0.07900865478515624, "imu1/acl_z": 12.914323754882812, "imu1/gyr_x": -3.9770992366412212, "imu1/gyr_y": 2.3587786259541983, "imu1/gyr_z": -1.984732824427481, "imu2/acl_x": -0.16280571289062498, "imu2/acl_y": 0.086191259765625, "imu2/acl_z": 9.665392102050781, "imu2/gyr_x": 3.8396946564885495, "imu2/gyr_y": -1.1984732824427482, "imu2/gyr_z": -1.015267175572519, "milliseconds": 36518}