{"cam/image_array": "211_cam-image_array_.jpg", "user/angle": -0.9571428571428572, "user/throttle": 0.22857142857142887, "user/mode": "user", "imu1/acl_x": 0.12449848632812499, "imu1/acl_y": -0.143652099609375, "imu1/acl_z": 12.84489190673828, "imu1/gyr_x": -3.954198473282443, "imu1/gyr_y": 2.480916030534351, "imu1/gyr_z": -2.053435114503817, "imu2/acl_x": -0.040701428222656245, "imu2/acl_y": 0.02154781494140625, "imu2/acl_z": 9.686939916992188, "imu2/gyr_x": 3.763358778625954, "imu2/gyr_y": -1.251908396946565, "imu2/gyr_z": -1.0076335877862594, "milliseconds": 35835}