{"cam/image_array": "195_cam-image_array_.jpg", "user/angle": -0.21428571428571416, "user/throttle": 0.5285714285714286, "user/mode": "user", "imu1/acl_x": 0.09816226806640624, "imu1/acl_y": -0.03591302490234375, "imu1/acl_z": 12.919112158203124, "imu1/gyr_x": -3.8931297709923665, "imu1/gyr_y": 2.450381679389313, "imu1/gyr_z": -1.9541984732824427, "imu2/acl_x": -0.08858546142578125, "imu2/acl_y": 0.011971008300781249, "imu2/acl_z": 9.651026892089844, "imu2/gyr_x": 5.847328244274809, "imu2/gyr_y": -1.3053435114503817, "imu2/gyr_z": -1.1297709923664123, "milliseconds": 34249}