{"cam/image_array": "212_cam-image_array_.jpg", "user/angle": 0.3285714285714289, "user/throttle": 1.0, "user/mode": "user", "imu1/acl_x": 0.13646949462890623, "imu1/acl_y": -0.0909796630859375, "imu1/acl_z": 12.859257116699219, "imu1/gyr_x": -3.8702290076335877, "imu1/gyr_y": 2.4198473282442747, "imu1/gyr_z": -2.1297709923664123, "imu2/acl_x": -0.28012159423828126, "imu2/acl_y": -0.15083470458984374, "imu2/acl_z": 9.677363110351562, "imu2/gyr_x": 3.801526717557252, "imu2/gyr_y": -1.1984732824427482, "imu2/gyr_z": -1.015267175572519, "milliseconds": 35874}