{"cam/image_array": "200_cam-image_array_.jpg", "user/angle": 0.0, "user/throttle": -1.0, "user/mode": "user", "imu1/acl_x": 0.0718260498046875, "imu1/acl_y": -0.07422025146484375, "imu1/acl_z": 12.923900561523437, "imu1/gyr_x": -4.0, "imu1/gyr_y": 2.381679389312977, "imu1/gyr_z": -2.0916030534351147, "imu2/acl_x": -0.031124621582031248, "imu2/acl_y": -0.13407529296874998, "imu2/acl_z": 9.639055883789062, "imu2/gyr_x": 3.854961832061069, "imu2/gyr_y": -1.3053435114503817, "imu2/gyr_z": -1.1374045801526718, "milliseconds": 34517}