{"cam/image_array": "4_cam-image_array_.jpg", "user/angle": 1.0, "user/throttle": 1.0, "user/mode": "user", "imu1/acl_x": 0.1484405029296875, "imu1/acl_y": -0.0909796630859375, "imu1/acl_z": 12.959813586425781, "imu1/gyr_x": -3.946564885496183, "imu1/gyr_y": 2.480916030534351, "imu1/gyr_z": -1.7328244274809161, "imu2/acl_x": -0.15322890625, "imu2/acl_y": -0.00718260498046875, "imu2/acl_z": 9.502586389160156, "imu2/gyr_x": 3.6412213740458017, "imu2/gyr_y": -1.282442748091603, "imu2/gyr_z": -0.9770992366412213, "milliseconds": 23625}