{"cam/image_array": "158_cam-image_array_.jpg", "user/angle": -1.0, "user/throttle": 1.0, "user/mode": "user", "imu1/acl_x": 0.181959326171875, "imu1/acl_y": -0.0909796630859375, "imu1/acl_z": 13.136984509277344, "imu1/gyr_x": -3.9923664122137406, "imu1/gyr_y": 2.351145038167939, "imu1/gyr_z": -2.0381679389312977, "imu2/acl_x": -0.11252747802734374, "imu2/acl_y": -0.011971008300781249, "imu2/acl_z": 9.64623848876953, "imu2/gyr_x": 3.7709923664122136, "imu2/gyr_y": -1.1526717557251909, "imu2/gyr_z": -1.0687022900763359, "milliseconds": 32359}