{"cam/image_array": "233_cam-image_array_.jpg", "user/angle": 0.0, "user/throttle": -0.009225029445419485, "user/mode": "user", "imu1/acl_x": 0.2920926025390625, "imu1/acl_y": -0.05985504150390625, "imu1/acl_z": 12.892775939941405, "imu1/gyr_x": -3.732824427480916, "imu1/gyr_y": 2.4198473282442747, "imu1/gyr_z": -1.900763358778626, "imu2/acl_x": -0.10295067138671875, "imu2/acl_y": 0.08858546142578125, "imu2/acl_z": 9.593566052246093, "imu2/gyr_x": 3.7251908396946565, "imu2/gyr_y": -1.213740458015267, "imu2/gyr_z": -1.0381679389312977, "milliseconds": 38118}