{"cam/image_array": "87_cam-image_array_.jpg", "user/angle": 1.0, "user/throttle": 1.0, "user/mode": "user", "imu1/acl_x": 0.26336218261718747, "imu1/acl_y": -0.10773907470703124, "imu1/acl_z": 12.94065997314453, "imu1/gyr_x": -4.129770992366412, "imu1/gyr_y": 2.366412213740458, "imu1/gyr_z": -2.068702290076336, "imu2/acl_x": -0.09816226806640624, "imu2/acl_y": 0.00718260498046875, "imu2/acl_z": 9.631873278808593, "imu2/gyr_x": 3.7786259541984735, "imu2/gyr_y": -1.2748091603053435, "imu2/gyr_z": -1.0381679389312977, "milliseconds": 28723}