{"cam/image_array": "150_cam-image_array_.jpg", "user/angle": 0.0, "user/throttle": -1.0, "user/mode": "user", "imu1/acl_x": 0.12449848632812499, "imu1/acl_y": -0.10773907470703124, "imu1/acl_z": 12.926294763183593, "imu1/gyr_x": -3.9083969465648853, "imu1/gyr_y": 2.381679389312977, "imu1/gyr_z": -1.7786259541984732, "imu2/acl_x": -0.07900865478515624, "imu2/acl_y": 0.15083470458984374, "imu2/acl_z": 9.710881933593749, "imu2/gyr_x": 3.7404580152671754, "imu2/gyr_y": -1.2442748091603053, "imu2/gyr_z": -1.0076335877862594, "milliseconds": 31951}