{"cam/image_array": "92_cam-image_array_.jpg", "user/angle": 0.0, "user/throttle": -0.09999999999999994, "user/mode": "user", "imu1/acl_x": 0.1149216796875, "imu1/acl_y": -0.10773907470703124, "imu1/acl_z": 12.904746948242186, "imu1/gyr_x": -1.9618320610687023, "imu1/gyr_y": 2.381679389312977, "imu1/gyr_z": -1.9312977099236641, "imu2/acl_x": -0.15322890625, "imu2/acl_y": 0.033518823242187495, "imu2/acl_z": 9.655815295410155, "imu2/gyr_x": 3.7251908396946565, "imu2/gyr_y": -1.1450381679389312, "imu2/gyr_z": -1.0305343511450382, "milliseconds": 28970}