{"cam/image_array": "26_cam-image_array_.jpg", "user/angle": 0.0, "user/throttle": -0.06576670522058073, "user/mode": "user", "imu1/acl_x": 0.06943184814453125, "imu1/acl_y": -0.06703764648437499, "imu1/acl_z": 12.921506359863281, "imu1/gyr_x": -3.931297709923664, "imu1/gyr_y": 2.450381679389313, "imu1/gyr_z": -2.0916030534351147, "imu2/acl_x": -0.033518823242187495, "imu2/acl_y": 0.13168109130859373, "imu2/acl_z": 9.509768994140625, "imu2/gyr_x": 3.816793893129771, "imu2/gyr_y": -1.282442748091603, "imu2/gyr_z": -1.1221374045801527, "milliseconds": 24756}