{"cam/image_array": "126_cam-image_array_.jpg", "user/angle": 0.0, "user/throttle": -0.5857142857142861, "user/mode": "user", "imu1/acl_x": 0.15562310791015624, "imu1/acl_y": -0.062249243164062495, "imu1/acl_z": 12.85207451171875, "imu1/gyr_x": -4.015267175572519, "imu1/gyr_y": 2.2213740458015265, "imu1/gyr_z": -2.0, "imu2/acl_x": -0.1484405029296875, "imu2/acl_y": 0.05746083984375, "imu2/acl_z": 9.574412438964844, "imu2/gyr_x": 3.816793893129771, "imu2/gyr_y": -1.3587786259541985, "imu2/gyr_z": -0.9770992366412213, "milliseconds": 30719}