{"cam/image_array": "157_cam-image_array_.jpg", "user/angle": -1.0, "user/throttle": 1.0, "user/mode": "user", "imu1/acl_x": 0.201112939453125, "imu1/acl_y": -0.0718260498046875, "imu1/acl_z": 12.981361401367186, "imu1/gyr_x": -3.83206106870229, "imu1/gyr_y": 2.282442748091603, "imu1/gyr_z": -2.0076335877862594, "imu2/acl_x": -0.031124621582031248, "imu2/acl_y": 0.13407529296874998, "imu2/acl_z": 9.792284790039062, "imu2/gyr_x": 3.7786259541984735, "imu2/gyr_y": -1.381679389312977, "imu2/gyr_z": -1.015267175572519, "milliseconds": 32309}