{"cam/image_array": "182_cam-image_array_.jpg", "user/angle": 1.0, "user/throttle": 1.0, "user/mode": "user", "imu1/acl_x": 0.16759411621093748, "imu1/acl_y": -0.06464344482421874, "imu1/acl_z": 12.945448376464842, "imu1/gyr_x": -2.0, "imu1/gyr_y": 2.4198473282442747, "imu1/gyr_z": -0.06870229007633588, "imu2/acl_x": -0.1197100830078125, "imu2/acl_y": 0.040701428222656245, "imu2/acl_z": 9.677363110351562, "imu2/gyr_x": 3.83206106870229, "imu2/gyr_y": -1.366412213740458, "imu2/gyr_z": -1.0687022900763359, "milliseconds": 33575}