{"cam/image_array": "38_cam-image_array_.jpg", "user/angle": 0.0, "user/throttle": -1.0, "user/mode": "user", "imu1/acl_x": 0.0, "imu1/acl_y": -0.062249243164062495, "imu1/acl_z": 12.785036865234375, "imu1/gyr_x": -3.7938931297709924, "imu1/gyr_y": 2.3893129770992365, "imu1/gyr_z": -1.916030534351145, "imu2/acl_x": -0.21308394775390624, "imu2/acl_y": 0.047884033203124995, "imu2/acl_z": 9.6917283203125, "imu2/gyr_x": 3.8091603053435112, "imu2/gyr_y": -1.3129770992366412, "imu2/gyr_z": -0.8473282442748091, "milliseconds": 25385}