{"cam/image_array": "85_cam-image_array_.jpg", "user/angle": 0.0, "user/throttle": -0.7714285714285715, "user/mode": "user", "imu1/acl_x": 0.02154781494140625, "imu1/acl_y": -0.08140285644531249, "imu1/acl_z": 12.818555688476561, "imu1/gyr_x": -5.801526717557252, "imu1/gyr_y": 2.3969465648854964, "imu1/gyr_z": -0.07633587786259542, "imu2/acl_x": -0.1149216796875, "imu2/acl_y": 0.02154781494140625, "imu2/acl_z": 9.636661682128906, "imu2/gyr_x": 3.7251908396946565, "imu2/gyr_y": -1.2213740458015268, "imu2/gyr_z": -0.9770992366412213, "milliseconds": 28620}