{"cam/image_array": "45_cam-image_array_.jpg", "user/angle": 0.0, "user/throttle": -0.719273613481671, "user/mode": "user", "imu1/acl_x": 0.13407529296874998, "imu1/acl_y": -0.062249243164062495, "imu1/acl_z": 12.947842578125, "imu1/gyr_x": -3.900763358778626, "imu1/gyr_y": 2.3893129770992365, "imu1/gyr_z": -2.068702290076336, "imu2/acl_x": -0.13168109130859373, "imu2/acl_y": 0.02154781494140625, "imu2/acl_z": 9.79946739501953, "imu2/gyr_x": 3.9618320610687023, "imu2/gyr_y": -1.213740458015267, "imu2/gyr_z": -0.9618320610687023, "milliseconds": 26566}