{"cam/image_array": "115_cam-image_array_.jpg", "user/angle": 0.0, "user/throttle": -0.18571428571428597, "user/mode": "user", "imu1/acl_x": 0.1484405029296875, "imu1/acl_y": -0.1149216796875, "imu1/acl_z": 12.835315100097656, "imu1/gyr_x": -4.015267175572519, "imu1/gyr_y": 2.404580152671756, "imu1/gyr_z": -3.9083969465648853, "imu2/acl_x": -0.1292868896484375, "imu2/acl_y": 0.02633621826171875, "imu2/acl_z": 9.667786303710937, "imu2/gyr_x": 3.8473282442748094, "imu2/gyr_y": -1.1984732824427482, "imu2/gyr_z": -0.9541984732824428, "milliseconds": 30157}