{"cam/image_array": "79_cam-image_array_.jpg", "user/angle": 0.0, "user/throttle": -0.07142857142857108, "user/mode": "user", "imu1/acl_x": 0.016759411621093748, "imu1/acl_y": -0.11252747802734374, "imu1/acl_z": 12.914323754882812, "imu1/gyr_x": -3.900763358778626, "imu1/gyr_y": 2.4580152671755724, "imu1/gyr_z": -3.900763358778626, "imu2/acl_x": -0.06943184814453125, "imu2/acl_y": -0.028730419921875, "imu2/acl_z": 9.674968908691406, "imu2/gyr_x": 3.854961832061069, "imu2/gyr_y": -1.3053435114503817, "imu2/gyr_z": -1.0, "milliseconds": 28310}