{"cam/image_array": "40_cam-image_array_.jpg", "user/angle": 0.0, "user/throttle": -1.0, "user/mode": "user", "imu1/acl_x": 0.09816226806640624, "imu1/acl_y": -0.06703764648437499, "imu1/acl_z": 12.955025183105468, "imu1/gyr_x": -3.9160305343511452, "imu1/gyr_y": 2.427480916030534, "imu1/gyr_z": -1.8778625954198473, "imu2/acl_x": -0.1292868896484375, "imu2/acl_y": 0.0383072265625, "imu2/acl_z": 9.648632690429688, "imu2/gyr_x": 5.816793893129771, "imu2/gyr_y": -1.3587786259541985, "imu2/gyr_z": -0.9618320610687023, "milliseconds": 25502}