{"cam/image_array": "244_cam-image_array_.jpg", "user/angle": 0.0, "user/throttle": 0.0, "user/mode": "user", "imu1/acl_x": 0.1580173095703125, "imu1/acl_y": -0.076614453125, "imu1/acl_z": 12.77546005859375, "imu1/gyr_x": -3.83206106870229, "imu1/gyr_y": 2.435114503816794, "imu1/gyr_z": -1.8244274809160306, "imu2/acl_x": -0.1484405029296875, "imu2/acl_y": 0.009576806640625, "imu2/acl_z": 9.655815295410155, "imu2/gyr_x": 3.969465648854962, "imu2/gyr_y": -1.3740458015267176, "imu2/gyr_z": -1.0534351145038168, "milliseconds": 40064}