{"cam/image_array": "66_cam-image_array_.jpg", "user/angle": 0.0, "user/throttle": 0.0, "user/mode": "user", "imu1/acl_x": 0.19153613281249998, "imu1/acl_y": -0.055066638183593745, "imu1/acl_z": 12.950236779785156, "imu1/gyr_x": -4.00763358778626, "imu1/gyr_y": 2.3282442748091605, "imu1/gyr_z": -0.07633587786259542, "imu2/acl_x": -0.13407529296874998, "imu2/acl_y": 0.0143652099609375, "imu2/acl_z": 9.624690673828125, "imu2/gyr_x": 5.824427480916031, "imu2/gyr_y": -1.1221374045801527, "imu2/gyr_z": -0.8854961832061069, "milliseconds": 27636}