{"cam/image_array": "191_cam-image_array_.jpg", "user/angle": 1.0, "user/throttle": 1.0, "user/mode": "user", "imu1/acl_x": 0.08858546142578125, "imu1/acl_y": -0.033518823242187495, "imu1/acl_z": 12.868833923339842, "imu1/gyr_x": -3.8473282442748094, "imu1/gyr_y": 2.3587786259541983, "imu1/gyr_z": -1.9236641221374047, "imu2/acl_x": -0.1580173095703125, "imu2/acl_y": 0.02633621826171875, "imu2/acl_z": 9.6151138671875, "imu2/gyr_x": 3.8473282442748094, "imu2/gyr_y": -1.3740458015267176, "imu2/gyr_z": -0.9694656488549618, "milliseconds": 34045}