{"cam/image_array": "95_cam-image_array_.jpg", "user/angle": 0.0, "user/throttle": -0.6714285714285714, "user/mode": "user", "imu1/acl_x": 0.00239420166015625, "imu1/acl_y": -0.06703764648437499, "imu1/acl_z": 12.962207788085937, "imu1/gyr_x": -3.946564885496183, "imu1/gyr_y": 2.4122137404580153, "imu1/gyr_z": -1.83206106870229, "imu2/acl_x": -0.011971008300781249, "imu2/acl_y": -0.031124621582031248, "imu2/acl_z": 9.775525378417969, "imu2/gyr_x": 3.885496183206107, "imu2/gyr_y": -1.2671755725190839, "imu2/gyr_z": -1.015267175572519, "milliseconds": 29137}