{"cam/image_array": "77_cam-image_array_.jpg", "user/angle": 0.0, "user/throttle": -1.0, "user/mode": "user", "imu1/acl_x": 0.13646949462890623, "imu1/acl_y": -0.040701428222656245, "imu1/acl_z": 12.868833923339842, "imu1/gyr_x": -1.9770992366412214, "imu1/gyr_y": 2.2213740458015265, "imu1/gyr_z": -1.8702290076335877, "imu2/acl_x": -0.11731588134765625, "imu2/acl_y": -0.011971008300781249, "imu2/acl_z": 9.739612353515625, "imu2/gyr_x": 3.816793893129771, "imu2/gyr_y": -1.3969465648854962, "imu2/gyr_z": -1.1068702290076335, "milliseconds": 28211}