{"cam/image_array": "69_cam-image_array_.jpg", "user/angle": 0.0, "user/throttle": -1.0, "user/mode": "user", "imu1/acl_x": 0.11252747802734374, "imu1/acl_y": -0.009576806640625, "imu1/acl_z": 12.842497705078124, "imu1/gyr_x": -3.8244274809160306, "imu1/gyr_y": 2.5267175572519083, "imu1/gyr_z": -1.8015267175572518, "imu2/acl_x": -0.15562310791015624, "imu2/acl_y": 0.031124621582031248, "imu2/acl_z": 9.670180505371093, "imu2/gyr_x": 3.8473282442748094, "imu2/gyr_y": -1.2900763358778626, "imu2/gyr_z": -1.0687022900763359, "milliseconds": 27799}