{"cam/image_array": "131_cam-image_array_.jpg", "user/angle": 0.0, "user/throttle": -0.052253390738191484, "user/mode": "user", "imu1/acl_x": 0.29448680419921874, "imu1/acl_y": -0.04548983154296875, "imu1/acl_z": 12.90235274658203, "imu1/gyr_x": -5.824427480916031, "imu1/gyr_y": 2.351145038167939, "imu1/gyr_z": -0.022900763358778626, "imu2/acl_x": -0.2920926025390625, "imu2/acl_y": -0.14604630126953125, "imu2/acl_z": 9.756371765136718, "imu2/gyr_x": 5.763358778625954, "imu2/gyr_y": -1.2748091603053435, "imu2/gyr_z": -0.9847328244274809, "milliseconds": 30975}