{"cam/image_array": "90_cam-image_array_.jpg", "user/angle": 0.0, "user/throttle": -0.3142857142857142, "user/mode": "user", "imu1/acl_x": 0.13646949462890623, "imu1/acl_y": -0.1149216796875, "imu1/acl_z": 12.897564343261719, "imu1/gyr_x": -3.969465648854962, "imu1/gyr_y": 2.5267175572519083, "imu1/gyr_z": -1.9389312977099236, "imu2/acl_x": -0.15322890625, "imu2/acl_y": 0.086191259765625, "imu2/acl_z": 9.524134204101562, "imu2/gyr_x": 3.7557251908396947, "imu2/gyr_y": -1.2213740458015268, "imu2/gyr_z": -1.083969465648855, "milliseconds": 28865}