{"cam/image_array": "235_cam-image_array_.jpg", "user/angle": -0.014285714285714287, "user/throttle": 0.014285714285714289, "user/mode": "user", "imu1/acl_x": 0.1292868896484375, "imu1/acl_y": -0.11252747802734374, "imu1/acl_z": 12.84489190673828, "imu1/gyr_x": -5.740458015267175, "imu1/gyr_y": 2.3740458015267176, "imu1/gyr_z": -3.8625954198473282, "imu2/acl_x": -0.15562310791015624, "imu2/acl_y": 0.031124621582031248, "imu2/acl_z": 9.6917283203125, "imu2/gyr_x": 5.847328244274809, "imu2/gyr_y": -1.297709923664122, "imu2/gyr_z": -1.0305343511450382, "milliseconds": 38876}