{"cam/image_array": "54_cam-image_array_.jpg", "user/angle": 0.0, "user/throttle": -1.0, "user/mode": "user", "imu1/acl_x": 0.16041151123046873, "imu1/acl_y": -0.11731588134765625, "imu1/acl_z": 12.988544006347656, "imu1/gyr_x": -3.900763358778626, "imu1/gyr_y": 2.4122137404580153, "imu1/gyr_z": -1.8702290076335877, "imu2/acl_x": -0.13646949462890623, "imu2/acl_y": 0.00718260498046875, "imu2/acl_z": 9.746794958496093, "imu2/gyr_x": 3.83206106870229, "imu2/gyr_y": -1.1984732824427482, "imu2/gyr_z": -1.0076335877862594, "milliseconds": 27017}