{"cam/image_array": "20_cam-image_array_.jpg", "user/angle": 0.0, "user/throttle": -1.0, "user/mode": "user", "imu1/acl_x": 0.11731588134765625, "imu1/acl_y": -0.12689268798828124, "imu1/acl_z": 12.947842578125, "imu1/gyr_x": -4.022900763358779, "imu1/gyr_y": 2.366412213740458, "imu1/gyr_z": -1.8091603053435115, "imu2/acl_x": -0.031124621582031248, "imu2/acl_y": -0.062249243164062495, "imu2/acl_z": 9.732429748535155, "imu2/gyr_x": 3.732824427480916, "imu2/gyr_y": -1.3893129770992367, "imu2/gyr_z": -0.9312977099236641, "milliseconds": 24445}