{"cam/image_array": "197_cam-image_array_.jpg", "user/angle": 0.0, "user/throttle": -1.0, "user/mode": "user", "imu1/acl_x": 0.12689268798828124, "imu1/acl_y": -0.1149216796875, "imu1/acl_z": 12.871228125, "imu1/gyr_x": -4.0, "imu1/gyr_y": 2.4198473282442747, "imu1/gyr_z": -1.900763358778626, "imu2/acl_x": -0.1149216796875, "imu2/acl_y": 0.023942016601562498, "imu2/acl_z": 9.710881933593749, "imu2/gyr_x": 3.7938931297709924, "imu2/gyr_y": -1.2213740458015268, "imu2/gyr_z": -1.0763358778625953, "milliseconds": 34347}