{"cam/image_array": "99_cam-image_array_.jpg", "user/angle": 0.0, "user/throttle": -0.6428571428571431, "user/mode": "user", "imu1/acl_x": 0.14125789794921875, "imu1/acl_y": -0.076614453125, "imu1/acl_z": 13.022062829589842, "imu1/gyr_x": -1.9923664122137406, "imu1/gyr_y": 2.366412213740458, "imu1/gyr_z": -1.8091603053435115, "imu2/acl_x": -0.076614453125, "imu2/acl_y": 0.07422025146484375, "imu2/acl_z": 9.674968908691406, "imu2/gyr_x": 3.6946564885496183, "imu2/gyr_y": -1.183206106870229, "imu2/gyr_z": -0.8931297709923665, "milliseconds": 29331}