{"cam/image_array": "65_cam-image_array_.jpg", "user/angle": 0.0, "user/throttle": -0.8491111594438927, "user/mode": "user", "imu1/acl_x": 0.13168109130859373, "imu1/acl_y": -0.1484405029296875, "imu1/acl_z": 13.005303417968749, "imu1/gyr_x": -4.106870229007634, "imu1/gyr_y": 2.4122137404580153, "imu1/gyr_z": -1.9312977099236641, "imu2/acl_x": -0.0143652099609375, "imu2/acl_y": 0.040701428222656245, "imu2/acl_z": 9.689334118652344, "imu2/gyr_x": 1.9770992366412214, "imu2/gyr_y": -1.183206106870229, "imu2/gyr_z": -1.0534351145038168, "milliseconds": 27600}