{"cam/image_array": "154_cam-image_array_.jpg", "user/angle": 0.0, "user/throttle": -1.0, "user/mode": "user", "imu1/acl_x": 0.181959326171875, "imu1/acl_y": -0.07900865478515624, "imu1/acl_z": 12.990938208007812, "imu1/gyr_x": -3.954198473282443, "imu1/gyr_y": 2.5114503816793894, "imu1/gyr_z": -3.8625954198473282, "imu2/acl_x": -0.08858546142578125, "imu2/acl_y": 0.01915361328125, "imu2/acl_z": 9.643844287109374, "imu2/gyr_x": 3.816793893129771, "imu2/gyr_y": -1.2442748091603053, "imu2/gyr_z": -1.0534351145038168, "milliseconds": 32144}