{"cam/image_array": "208_cam-image_array_.jpg", "user/angle": 0.0, "user/throttle": -1.0, "user/mode": "user", "imu1/acl_x": 0.1197100830078125, "imu1/acl_y": -0.12210428466796874, "imu1/acl_z": 12.883199133300781, "imu1/gyr_x": -3.8091603053435112, "imu1/gyr_y": 2.404580152671756, "imu1/gyr_z": -2.1068702290076335, "imu2/acl_x": -0.12689268798828124, "imu2/acl_y": 0.040701428222656245, "imu2/acl_z": 9.682151513671874, "imu2/gyr_x": 3.8244274809160306, "imu2/gyr_y": -1.2671755725190839, "imu2/gyr_z": -1.0229007633587786, "milliseconds": 34938}