{"cam/image_array": "102_cam-image_array_.jpg", "user/angle": 0.0, "user/throttle": -0.9857142857142855, "user/mode": "user", "imu1/acl_x": 0.2537853759765625, "imu1/acl_y": -0.08858546142578125, "imu1/acl_z": 12.904746948242186, "imu1/gyr_x": -4.022900763358779, "imu1/gyr_y": 2.5419847328244276, "imu1/gyr_z": -2.068702290076336, "imu2/acl_x": -0.07900865478515624, "imu2/acl_y": -0.0047884033203125, "imu2/acl_z": 9.658209497070311, "imu2/gyr_x": 3.7938931297709924, "imu2/gyr_y": -1.297709923664122, "imu2/gyr_z": -1.0, "milliseconds": 29486}