{"cam/image_array": "201_cam-image_array_.jpg", "user/angle": 1.0, "user/throttle": 1.0, "user/mode": "user", "imu1/acl_x": 0.086191259765625, "imu1/acl_y": -0.09816226806640624, "imu1/acl_z": 12.935871569824219, "imu1/gyr_x": -3.9923664122137406, "imu1/gyr_y": 2.282442748091603, "imu1/gyr_z": -1.786259541984733, "imu2/acl_x": -0.11013327636718749, "imu2/acl_y": -0.031124621582031248, "imu2/acl_z": 9.713276135253906, "imu2/gyr_x": 3.9618320610687023, "imu2/gyr_y": -1.381679389312977, "imu2/gyr_z": -0.9389312977099237, "milliseconds": 34546}