{"cam/image_array": "110_cam-image_array_.jpg", "user/angle": 0.0, "user/throttle": -0.10000000000000007, "user/mode": "user", "imu1/acl_x": 0.13646949462890623, "imu1/acl_y": -0.09816226806640624, "imu1/acl_z": 12.871228125, "imu1/gyr_x": -3.984732824427481, "imu1/gyr_y": 2.282442748091603, "imu1/gyr_z": -2.1068702290076335, "imu2/acl_x": -0.1292868896484375, "imu2/acl_y": 0.031124621582031248, "imu2/acl_z": 9.749189160156249, "imu2/gyr_x": 3.816793893129771, "imu2/gyr_y": -1.3206106870229009, "imu2/gyr_z": -1.0381679389312977, "milliseconds": 29903}