{"cam/image_array": "234_cam-image_array_.jpg", "user/angle": 0.0, "user/throttle": 0.0, "user/mode": "user", "imu1/acl_x": 0.08858546142578125, "imu1/acl_y": -0.10295067138671875, "imu1/acl_z": 12.892775939941405, "imu1/gyr_x": -3.8091603053435112, "imu1/gyr_y": 2.3893129770992365, "imu1/gyr_z": -3.801526717557252, "imu2/acl_x": -0.28012159423828126, "imu2/acl_y": -0.15322890625, "imu2/acl_z": 9.732429748535155, "imu2/gyr_x": 3.9389312977099236, "imu2/gyr_y": -1.1450381679389312, "imu2/gyr_z": -0.9923664122137404, "milliseconds": 38169}