{"cam/image_array": "219_cam-image_array_.jpg", "user/angle": 0.0, "user/throttle": -1.0, "user/mode": "user", "imu1/acl_x": 0.12449848632812499, "imu1/acl_y": -0.07422025146484375, "imu1/acl_z": 12.923900561523437, "imu1/gyr_x": -3.8244274809160306, "imu1/gyr_y": 2.4732824427480917, "imu1/gyr_z": -1.8625954198473282, "imu2/acl_x": -0.1292868896484375, "imu2/acl_y": -0.016759411621093748, "imu2/acl_z": 9.718064538574218, "imu2/gyr_x": 3.7557251908396947, "imu2/gyr_y": -1.1297709923664123, "imu2/gyr_z": -0.9847328244274809, "milliseconds": 36222}