{"cam/image_array": "236_cam-image_array_.jpg", "user/angle": -0.014285714285714287, "user/throttle": 0.014285714285714289, "user/mode": "user", "imu1/acl_x": 0.16041151123046873, "imu1/acl_y": -0.11731588134765625, "imu1/acl_z": 12.818555688476561, "imu1/gyr_x": -3.9618320610687023, "imu1/gyr_y": 2.633587786259542, "imu1/gyr_z": -1.9083969465648856, "imu2/acl_x": -0.296881005859375, "imu2/acl_y": 0.033518823242187495, "imu2/acl_z": 9.797073193359374, "imu2/gyr_x": 3.763358778625954, "imu2/gyr_y": -1.366412213740458, "imu2/gyr_z": -1.099236641221374, "milliseconds": 38944}