{"cam/image_array": "223_cam-image_array_.jpg", "user/angle": 0.0, "user/throttle": -0.5000000000000012, "user/mode": "user", "imu1/acl_x": 0.10773907470703124, "imu1/acl_y": -0.05027823486328125, "imu1/acl_z": 12.969390393066405, "imu1/gyr_x": -1.9923664122137406, "imu1/gyr_y": 2.4427480916030535, "imu1/gyr_z": -1.8244274809160306, "imu2/acl_x": -0.12449848632812499, "imu2/acl_y": -0.00718260498046875, "imu2/acl_z": 9.660603698730467, "imu2/gyr_x": 3.8702290076335877, "imu2/gyr_y": -1.282442748091603, "imu2/gyr_z": -1.1221374045801527, "milliseconds": 36433}