{"cam/image_array": "135_cam-image_array_.jpg", "user/angle": 0.0, "user/throttle": -0.04657576587490203, "user/mode": "user", "imu1/acl_x": 0.17956512451171874, "imu1/acl_y": -0.11731588134765625, "imu1/acl_z": 12.916717956542968, "imu1/gyr_x": -3.8702290076335877, "imu1/gyr_y": 2.5419847328244276, "imu1/gyr_z": -3.7404580152671754, "imu2/acl_x": -0.13168109130859373, "imu2/acl_y": -0.016759411621093748, "imu2/acl_z": 9.643844287109374, "imu2/gyr_x": 3.8625954198473282, "imu2/gyr_y": -1.3587786259541985, "imu2/gyr_z": -1.0229007633587786, "milliseconds": 31187}