{"cam/image_array": "57_cam-image_array_.jpg", "user/angle": -0.014285714285714287, "user/throttle": 1.0, "user/mode": "user", "imu1/acl_x": 0.26815058593749996, "imu1/acl_y": -0.086191259765625, "imu1/acl_z": 13.019668627929686, "imu1/gyr_x": -1.9923664122137406, "imu1/gyr_y": 2.5572519083969465, "imu1/gyr_z": -1.8396946564885497, "imu2/acl_x": -0.086191259765625, "imu2/acl_y": -0.14604630126953125, "imu2/acl_z": 9.713276135253906, "imu2/gyr_x": 3.7099236641221376, "imu2/gyr_y": -1.2595419847328244, "imu2/gyr_z": -1.0, "milliseconds": 27188}