{"cam/image_array": "15_cam-image_array_.jpg", "user/angle": 1.0, "user/throttle": 1.0, "user/mode": "user", "imu1/acl_x": 0.13407529296874998, "imu1/acl_y": -0.08140285644531249, "imu1/acl_z": 12.993332409667968, "imu1/gyr_x": -5.862595419847328, "imu1/gyr_y": 2.351145038167939, "imu1/gyr_z": -1.83206106870229, "imu2/acl_x": -0.00718260498046875, "imu2/acl_y": 0.02633621826171875, "imu2/acl_z": 9.801861596679688, "imu2/gyr_x": 3.7938931297709924, "imu2/gyr_y": -1.1221374045801527, "imu2/gyr_z": -0.8778625954198473, "milliseconds": 24212}