{"cam/image_array": "116_cam-image_array_.jpg", "user/angle": 0.0, "user/throttle": -0.18571428571428597, "user/mode": "user", "imu1/acl_x": 0.13168109130859373, "imu1/acl_y": -0.076614453125, "imu1/acl_z": 12.880804931640624, "imu1/gyr_x": -3.9618320610687023, "imu1/gyr_y": 2.3893129770992365, "imu1/gyr_z": -0.030534351145038167, "imu2/acl_x": -0.24181436767578124, "imu2/acl_y": 0.08379705810546874, "imu2/acl_z": 9.787496386718749, "imu2/gyr_x": 2.0, "imu2/gyr_y": -1.3587786259541985, "imu2/gyr_z": -0.9236641221374046, "milliseconds": 30216}