{"cam/image_array": "227_cam-image_array_.jpg", "user/angle": 0.0, "user/throttle": 1.9594348786357652e-16, "user/mode": "user", "imu1/acl_x": 0.047884033203124995, "imu1/acl_y": -0.05985504150390625, "imu1/acl_z": 12.962207788085937, "imu1/gyr_x": -5.862595419847328, "imu1/gyr_y": 2.404580152671756, "imu1/gyr_z": -3.8931297709923665, "imu2/acl_x": -0.15322890625, "imu2/acl_y": 0.047884033203124995, "imu2/acl_z": 9.583989245605467, "imu2/gyr_x": 3.717557251908397, "imu2/gyr_y": -1.2595419847328244, "imu2/gyr_z": -0.8778625954198473, "milliseconds": 37156}