{"cam/image_array": "24_cam-image_array_.jpg", "user/angle": -1.0, "user/throttle": 0.3999999999999997, "user/mode": "user", "imu1/acl_x": 0.0, "imu1/acl_y": -0.12210428466796874, "imu1/acl_z": 12.74912384033203, "imu1/gyr_x": -3.854961832061069, "imu1/gyr_y": 2.33587786259542, "imu1/gyr_z": -2.053435114503817, "imu2/acl_x": -0.07900865478515624, "imu2/acl_y": 0.016759411621093748, "imu2/acl_z": 9.682151513671874, "imu2/gyr_x": 3.8244274809160306, "imu2/gyr_y": -1.2900763358778626, "imu2/gyr_z": -0.9007633587786259, "milliseconds": 24668}