{"cam/image_array": "202_cam-image_array_.jpg", "user/angle": 1.0, "user/throttle": 1.0, "user/mode": "user", "imu1/acl_x": 0.12689268798828124, "imu1/acl_y": -0.09576806640624999, "imu1/acl_z": 12.90235274658203, "imu1/gyr_x": -3.9389312977099236, "imu1/gyr_y": 2.572519083969466, "imu1/gyr_z": -1.9312977099236641, "imu2/acl_x": -0.08140285644531249, "imu2/acl_y": 0.15083470458984374, "imu2/acl_z": 9.670180505371093, "imu2/gyr_x": 3.984732824427481, "imu2/gyr_y": -1.3053435114503817, "imu2/gyr_z": -0.9465648854961832, "milliseconds": 34597}