{"cam/image_array": "132_cam-image_array_.jpg", "user/angle": 0.0, "user/throttle": -0.052253390738191484, "user/mode": "user", "imu1/acl_x": 0.10295067138671875, "imu1/acl_y": -0.11252747802734374, "imu1/acl_z": 12.914323754882812, "imu1/gyr_x": -2.0076335877862594, "imu1/gyr_y": 2.3435114503816794, "imu1/gyr_z": -2.030534351145038, "imu2/acl_x": -0.143652099609375, "imu2/acl_y": -0.14125789794921875, "imu2/acl_z": 9.670180505371093, "imu2/gyr_x": 3.7557251908396947, "imu2/gyr_y": -1.2366412213740459, "imu2/gyr_z": -0.9236641221374046, "milliseconds": 31026}