{"cam/image_array": "103_cam-image_array_.jpg", "user/angle": 0.0, "user/throttle": -0.428571428571428, "user/mode": "user", "imu1/acl_x": 0.1197100830078125, "imu1/acl_y": -0.0718260498046875, "imu1/acl_z": 12.873622326660156, "imu1/gyr_x": -4.122137404580153, "imu1/gyr_y": 2.282442748091603, "imu1/gyr_z": -1.9694656488549618, "imu2/acl_x": -0.12689268798828124, "imu2/acl_y": 0.011971008300781249, "imu2/acl_z": 9.727641345214844, "imu2/gyr_x": 3.7022900763358777, "imu2/gyr_y": -1.3053435114503817, "imu2/gyr_z": -1.0229007633587786, "milliseconds": 29536}