{"cam/image_array": "36_cam-image_array_.jpg", "user/angle": 1.0, "user/throttle": 0.2112558194719614, "user/mode": "user", "imu1/acl_x": 0.13168109130859373, "imu1/acl_y": -0.062249243164062495, "imu1/acl_z": 12.899958544921875, "imu1/gyr_x": -4.022900763358779, "imu1/gyr_y": 2.3053435114503817, "imu1/gyr_z": -2.0763358778625953, "imu2/acl_x": -0.30406361083984373, "imu2/acl_y": 0.0430956298828125, "imu2/acl_z": 9.6917283203125, "imu2/gyr_x": 3.9160305343511452, "imu2/gyr_y": -1.3740458015267176, "imu2/gyr_z": -1.1068702290076335, "milliseconds": 25277}