{"cam/image_array": "183_cam-image_array_.jpg", "user/angle": 1.0, "user/throttle": 1.0, "user/mode": "user", "imu1/acl_x": 0.1197100830078125, "imu1/acl_y": -0.11252747802734374, "imu1/acl_z": 12.945448376464842, "imu1/gyr_x": -3.9160305343511452, "imu1/gyr_y": 2.16793893129771, "imu1/gyr_z": -2.068702290076336, "imu2/acl_x": -0.1197100830078125, "imu2/acl_y": -0.062249243164062495, "imu2/acl_z": 9.648632690429688, "imu2/gyr_x": 3.7404580152671754, "imu2/gyr_y": -1.4198473282442747, "imu2/gyr_z": -0.9541984732824428, "milliseconds": 33627}