{"cam/image_array": "217_cam-image_array_.jpg", "user/angle": 0.0, "user/throttle": 0.0, "user/mode": "user", "imu1/acl_x": 0.296881005859375, "imu1/acl_y": -0.062249243164062495, "imu1/acl_z": 12.899958544921875, "imu1/gyr_x": -3.9923664122137406, "imu1/gyr_y": 2.3282442748091605, "imu1/gyr_z": -1.916030534351145, "imu2/acl_x": -0.1580173095703125, "imu2/acl_y": 0.009576806640625, "imu2/acl_z": 9.605537060546874, "imu2/gyr_x": 3.900763358778626, "imu2/gyr_y": -1.213740458015267, "imu2/gyr_z": -1.0, "milliseconds": 36120}