{"cam/image_array": "216_cam-image_array_.jpg", "user/angle": 0.0, "user/throttle": -1.0, "user/mode": "user", "imu1/acl_x": 0.15562310791015624, "imu1/acl_y": -0.05985504150390625, "imu1/acl_z": 12.885593334960937, "imu1/gyr_x": -3.9923664122137406, "imu1/gyr_y": 2.3206106870229006, "imu1/gyr_z": -1.9694656488549618, "imu2/acl_x": -0.105344873046875, "imu2/acl_y": 0.0143652099609375, "imu2/acl_z": 9.72285294189453, "imu2/gyr_x": 3.732824427480916, "imu2/gyr_y": -1.2366412213740459, "imu2/gyr_z": -1.0610687022900764, "milliseconds": 36069}