{"cam/image_array": "39_cam-image_array_.jpg", "user/angle": 0.0, "user/throttle": 0.0, "user/mode": "user", "imu1/acl_x": 0.13646949462890623, "imu1/acl_y": -0.12689268798828124, "imu1/acl_z": 12.935871569824219, "imu1/gyr_x": -3.8473282442748094, "imu1/gyr_y": 2.2977099236641223, "imu1/gyr_z": -3.877862595419847, "imu2/acl_x": -0.15322890625, "imu2/acl_y": 0.08140285644531249, "imu2/acl_z": 9.710881933593749, "imu2/gyr_x": 5.824427480916031, "imu2/gyr_y": -1.4045801526717556, "imu2/gyr_z": -0.8015267175572519, "milliseconds": 25429}