{"cam/image_array": "196_cam-image_array_.jpg", "user/angle": -0.21428571428571416, "user/throttle": 0.5285714285714286, "user/mode": "user", "imu1/acl_x": 0.105344873046875, "imu1/acl_y": -0.11013327636718749, "imu1/acl_z": 12.7563064453125, "imu1/gyr_x": -1.984732824427481, "imu1/gyr_y": 2.2595419847328246, "imu1/gyr_z": -2.0916030534351147, "imu2/acl_x": -0.12210428466796874, "imu2/acl_y": 0.0, "imu2/acl_z": 9.651026892089844, "imu2/gyr_x": 3.717557251908397, "imu2/gyr_y": -1.2290076335877862, "imu2/gyr_z": -1.0229007633587786, "milliseconds": 34300}