{"cam/image_array": "186_cam-image_array_.jpg", "user/angle": 0.0, "user/throttle": -1.0, "user/mode": "user", "imu1/acl_x": 0.16759411621093748, "imu1/acl_y": -0.08140285644531249, "imu1/acl_z": 12.785036865234375, "imu1/gyr_x": -5.786259541984733, "imu1/gyr_y": 2.4427480916030535, "imu1/gyr_z": -1.8702290076335877, "imu2/acl_x": -0.07900865478515624, "imu2/acl_y": -0.14604630126953125, "imu2/acl_z": 9.53131680908203, "imu2/gyr_x": 3.8091603053435112, "imu2/gyr_y": -1.2595419847328244, "imu2/gyr_z": -1.015267175572519, "milliseconds": 33787}