{"cam/image_array": "206_cam-image_array_.jpg", "user/angle": 0.0, "user/throttle": 0.0, "user/mode": "user", "imu1/acl_x": 0.1388636962890625, "imu1/acl_y": -0.0526724365234375, "imu1/acl_z": 12.957419384765624, "imu1/gyr_x": -3.969465648854962, "imu1/gyr_y": 2.381679389312977, "imu1/gyr_z": -0.030534351145038167, "imu2/acl_x": -0.28969840087890625, "imu2/acl_y": 0.02633621826171875, "imu2/acl_z": 9.70369932861328, "imu2/gyr_x": 3.9083969465648853, "imu2/gyr_y": -1.3053435114503817, "imu2/gyr_z": -1.0381679389312977, "milliseconds": 34802}