{"cam/image_array": "167_cam-image_array_.jpg", "user/angle": 1.0, "user/throttle": 1.0, "user/mode": "user", "imu1/acl_x": 0.09576806640624999, "imu1/acl_y": -0.06464344482421874, "imu1/acl_z": 12.897564343261719, "imu1/gyr_x": -4.0, "imu1/gyr_y": 2.5114503816793894, "imu1/gyr_z": -1.8244274809160306, "imu2/acl_x": -0.08140285644531249, "imu2/acl_y": -0.011971008300781249, "imu2/acl_z": 9.667786303710937, "imu2/gyr_x": 3.763358778625954, "imu2/gyr_y": -1.1221374045801527, "imu2/gyr_z": -1.0, "milliseconds": 32824}