{"cam/image_array": "19_cam-image_array_.jpg", "user/angle": 0.0, "user/throttle": -1.0, "user/mode": "user", "imu1/acl_x": 0.1197100830078125, "imu1/acl_y": -0.0526724365234375, "imu1/acl_z": 12.86404552001953, "imu1/gyr_x": -3.83206106870229, "imu1/gyr_y": 2.366412213740458, "imu1/gyr_z": -3.8931297709923665, "imu2/acl_x": -0.0909796630859375, "imu2/acl_y": -0.05985504150390625, "imu2/acl_z": 9.744400756835937, "imu2/gyr_x": 3.984732824427481, "imu2/gyr_y": -1.1450381679389312, "imu2/gyr_z": -1.0763358778625953, "milliseconds": 24403}