{"cam/image_array": "241_cam-image_array_.jpg", "user/angle": 0.0, "user/throttle": 0.0, "user/mode": "user", "imu1/acl_x": 0.03591302490234375, "imu1/acl_y": -0.055066638183593745, "imu1/acl_z": 12.880804931640624, "imu1/gyr_x": -3.9618320610687023, "imu1/gyr_y": 2.480916030534351, "imu1/gyr_z": -1.8015267175572518, "imu2/acl_x": -0.1388636962890625, "imu2/acl_y": 0.0047884033203125, "imu2/acl_z": 9.677363110351562, "imu2/gyr_x": 3.8702290076335877, "imu2/gyr_y": -1.2442748091603053, "imu2/gyr_z": -1.083969465648855, "milliseconds": 39924}