{"cam/image_array": "181_cam-image_array_.jpg", "user/angle": 1.0, "user/throttle": 1.0, "user/mode": "user", "imu1/acl_x": 0.20829554443359374, "imu1/acl_y": -0.1149216796875, "imu1/acl_z": 12.866439721679686, "imu1/gyr_x": -3.9083969465648853, "imu1/gyr_y": 2.4656488549618323, "imu1/gyr_z": -3.7251908396946565, "imu2/acl_x": -0.16519991455078123, "imu2/acl_y": 0.062249243164062495, "imu2/acl_z": 9.672574707031249, "imu2/gyr_x": 3.7251908396946565, "imu2/gyr_y": -1.1450381679389312, "imu2/gyr_z": -0.9618320610687023, "milliseconds": 33526}