{"cam/image_array": "180_cam-image_array_.jpg", "user/angle": -0.33720424669002885, "user/throttle": 1.0, "user/mode": "user", "imu1/acl_x": 0.09816226806640624, "imu1/acl_y": -0.09816226806640624, "imu1/acl_z": 12.859257116699219, "imu1/gyr_x": -3.8473282442748094, "imu1/gyr_y": 2.351145038167939, "imu1/gyr_z": -1.8396946564885497, "imu2/acl_x": -0.1005564697265625, "imu2/acl_y": 0.01915361328125, "imu2/acl_z": 9.679757312011718, "imu2/gyr_x": 5.854961832061068, "imu2/gyr_y": -1.4045801526717556, "imu2/gyr_z": -0.9312977099236641, "milliseconds": 33481}