{"cam/image_array": "205_cam-image_array_.jpg", "user/angle": 0.0, "user/throttle": -0.3714285714285716, "user/mode": "user", "imu1/acl_x": 0.16759411621093748, "imu1/acl_y": -0.11013327636718749, "imu1/acl_z": 12.86404552001953, "imu1/gyr_x": -3.9389312977099236, "imu1/gyr_y": 2.4885496183206106, "imu1/gyr_z": -1.748091603053435, "imu2/acl_x": -0.277727392578125, "imu2/acl_y": 0.05985504150390625, "imu2/acl_z": 9.789890588378906, "imu2/gyr_x": 3.854961832061069, "imu2/gyr_y": -1.2061068702290076, "imu2/gyr_z": -1.1526717557251909, "milliseconds": 34750}