{"cam/image_array": "192_cam-image_array_.jpg", "user/angle": 1.0, "user/throttle": 1.0, "user/mode": "user", "imu1/acl_x": 0.14604630126953125, "imu1/acl_y": -0.05985504150390625, "imu1/acl_z": 12.923900561523437, "imu1/gyr_x": -1.9694656488549618, "imu1/gyr_y": 2.236641221374046, "imu1/gyr_z": -3.816793893129771, "imu2/acl_x": -0.1484405029296875, "imu2/acl_y": 0.011971008300781249, "imu2/acl_z": 9.595960253906249, "imu2/gyr_x": 3.7938931297709924, "imu2/gyr_y": -1.16793893129771, "imu2/gyr_z": -0.9923664122137404, "milliseconds": 34096}