{"cam/image_array": "3_cam-image_array_.jpg", "user/angle": -0.014285714285714176, "user/throttle": 0.6857142857142857, "user/mode": "user", "imu1/acl_x": 0.06943184814453125, "imu1/acl_y": -0.09816226806640624, "imu1/acl_z": 12.895170141601561, "imu1/gyr_x": -3.8091603053435112, "imu1/gyr_y": 2.2595419847328246, "imu1/gyr_z": -1.6870229007633588, "imu2/acl_x": -0.1292868896484375, "imu2/acl_y": -0.031124621582031248, "imu2/acl_z": 9.5001921875, "imu2/gyr_x": 3.8091603053435112, "imu2/gyr_y": -1.2290076335877862, "imu2/gyr_z": -1.0, "milliseconds": 23573}