{"cam/image_array": "187_cam-image_array_.jpg", "user/angle": 0.0, "user/throttle": 0.0, "user/mode": "user", "imu1/acl_x": 0.1292868896484375, "imu1/acl_y": -0.08140285644531249, "imu1/acl_z": 12.974178796386719, "imu1/gyr_x": -3.8702290076335877, "imu1/gyr_y": 2.4732824427480917, "imu1/gyr_z": -1.8244274809160306, "imu2/acl_x": -0.12449848632812499, "imu2/acl_y": 0.023942016601562498, "imu2/acl_z": 9.696516723632811, "imu2/gyr_x": 3.7786259541984735, "imu2/gyr_y": -1.3358778625954197, "imu2/gyr_z": -1.1221374045801527, "milliseconds": 33846}