{"cam/image_array": "129_cam-image_array_.jpg", "user/angle": 0.0, "user/throttle": -0.37142857142857144, "user/mode": "user", "imu1/acl_x": 0.1484405029296875, "imu1/acl_y": -0.1005564697265625, "imu1/acl_z": 12.966996191406249, "imu1/gyr_x": -3.854961832061069, "imu1/gyr_y": 2.435114503816794, "imu1/gyr_z": -2.0076335877862594, "imu2/acl_x": -0.12210428466796874, "imu2/acl_y": 0.009576806640625, "imu2/acl_z": 9.655815295410155, "imu2/gyr_x": 3.83206106870229, "imu2/gyr_y": -1.3129770992366412, "imu2/gyr_z": -1.0916030534351144, "milliseconds": 30886}