{"cam/image_array": "194_cam-image_array_.jpg", "user/angle": 1.0, "user/throttle": 1.0, "user/mode": "user", "imu1/acl_x": 0.11013327636718749, "imu1/acl_y": -0.09337386474609374, "imu1/acl_z": 12.82573829345703, "imu1/gyr_x": -3.9923664122137406, "imu1/gyr_y": 2.519083969465649, "imu1/gyr_z": -2.0610687022900764, "imu2/acl_x": -0.1005564697265625, "imu2/acl_y": 0.02633621826171875, "imu2/acl_z": 9.648632690429688, "imu2/gyr_x": 3.7709923664122136, "imu2/gyr_y": -1.0916030534351144, "imu2/gyr_z": -0.8320610687022901, "milliseconds": 34198}