{"cam/image_array": "6_cam-image_array_.jpg", "user/angle": 1.0, "user/throttle": 0.7175765093592354, "user/mode": "user", "imu1/acl_x": 0.11013327636718749, "imu1/acl_y": -0.09576806640624999, "imu1/acl_z": 12.9095353515625, "imu1/gyr_x": -4.083969465648855, "imu1/gyr_y": 2.49618320610687, "imu1/gyr_z": -1.9236641221374047, "imu2/acl_x": -0.07422025146484375, "imu2/acl_y": 0.011971008300781249, "imu2/acl_z": 9.588777648925781, "imu2/gyr_x": 3.7938931297709924, "imu2/gyr_y": -1.0916030534351144, "imu2/gyr_z": -1.0305343511450382, "milliseconds": 23735}