{"cam/image_array": "159_cam-image_array_.jpg", "user/angle": -0.9284766908852591, "user/throttle": 1.0, "user/mode": "user", "imu1/acl_x": 0.105344873046875, "imu1/acl_y": -0.009576806640625, "imu1/acl_z": 12.880804931640624, "imu1/gyr_x": -5.809160305343512, "imu1/gyr_y": 2.450381679389313, "imu1/gyr_z": -3.9083969465648853, "imu2/acl_x": -0.143652099609375, "imu2/acl_y": -0.02154781494140625, "imu2/acl_z": 9.560047229003906, "imu2/gyr_x": 3.8473282442748094, "imu2/gyr_y": -1.3282442748091603, "imu2/gyr_z": -1.0229007633587786, "milliseconds": 32419}