{"cam/image_array": "104_cam-image_array_.jpg", "user/angle": 0.0, "user/throttle": -0.428571428571428, "user/mode": "user", "imu1/acl_x": 0.15562310791015624, "imu1/acl_y": -0.08140285644531249, "imu1/acl_z": 12.835315100097656, "imu1/gyr_x": -5.8320610687022905, "imu1/gyr_y": 2.366412213740458, "imu1/gyr_z": -3.885496183206107, "imu2/acl_x": -0.06464344482421874, "imu2/acl_y": -0.12689268798828124, "imu2/acl_z": 9.732429748535155, "imu2/gyr_x": 3.8396946564885495, "imu2/gyr_y": -1.3587786259541985, "imu2/gyr_z": -1.0687022900763359, "milliseconds": 29586}