{"cam/image_array": "140_cam-image_array_.jpg", "user/angle": 0.0, "user/throttle": -0.05433498852303745, "user/mode": "user", "imu1/acl_x": 0.16998831787109375, "imu1/acl_y": -0.09576806640624999, "imu1/acl_z": 12.904746948242186, "imu1/gyr_x": -5.854961832061068, "imu1/gyr_y": 2.4732824427480917, "imu1/gyr_z": -0.015267175572519083, "imu2/acl_x": -0.12449848632812499, "imu2/acl_y": -0.12210428466796874, "imu2/acl_z": 9.7683427734375, "imu2/gyr_x": 3.8625954198473282, "imu2/gyr_y": -1.2290076335877862, "imu2/gyr_z": -0.9007633587786259, "milliseconds": 31429}