{"cam/image_array": "89_cam-image_array_.jpg", "user/angle": 1.0, "user/throttle": 1.0, "user/mode": "user", "imu1/acl_x": 0.21068974609375, "imu1/acl_y": -0.055066638183593745, "imu1/acl_z": 12.899958544921875, "imu1/gyr_x": -1.9618320610687023, "imu1/gyr_y": 2.145038167938931, "imu1/gyr_z": -0.10687022900763359, "imu2/acl_x": -0.12449848632812499, "imu2/acl_y": 0.0909796630859375, "imu2/acl_z": 9.555258825683593, "imu2/gyr_x": 3.885496183206107, "imu2/gyr_y": -1.2061068702290076, "imu2/gyr_z": -0.9541984732824428, "milliseconds": 28828}