{"cam/image_array": "68_cam-image_array_.jpg", "user/angle": 0.0, "user/throttle": -1.0, "user/mode": "user", "imu1/acl_x": 0.10295067138671875, "imu1/acl_y": -0.0718260498046875, "imu1/acl_z": 12.945448376464842, "imu1/gyr_x": -3.885496183206107, "imu1/gyr_y": 2.404580152671756, "imu1/gyr_z": -0.030534351145038167, "imu2/acl_x": -0.14125789794921875, "imu2/acl_y": 0.031124621582031248, "imu2/acl_z": 9.689334118652344, "imu2/gyr_x": 3.717557251908397, "imu2/gyr_y": -1.4580152671755726, "imu2/gyr_z": -0.9007633587786259, "milliseconds": 27737}