{"cam/image_array": "5_cam-image_array_.jpg", "user/angle": 1.0, "user/throttle": 1.0, "user/mode": "user", "imu1/acl_x": 0.277727392578125, "imu1/acl_y": -0.0909796630859375, "imu1/acl_z": 12.871228125, "imu1/gyr_x": -3.8625954198473282, "imu1/gyr_y": 2.3282442748091605, "imu1/gyr_z": -1.8549618320610688, "imu2/acl_x": -0.181959326171875, "imu2/acl_y": -0.00718260498046875, "imu2/acl_z": 9.662997900390625, "imu2/gyr_x": 5.816793893129771, "imu2/gyr_y": -1.2213740458015268, "imu2/gyr_z": -1.0, "milliseconds": 23674}