{"cam/image_array": "147_cam-image_array_.jpg", "user/angle": 0.0, "user/throttle": -1.0, "user/mode": "user", "imu1/acl_x": 0.1771709228515625, "imu1/acl_y": -0.05027823486328125, "imu1/acl_z": 12.923900561523437, "imu1/gyr_x": -3.9770992366412212, "imu1/gyr_y": 2.3435114503816794, "imu1/gyr_z": -1.7786259541984732, "imu2/acl_x": -0.076614453125, "imu2/acl_y": 0.033518823242187495, "imu2/acl_z": 9.718064538574218, "imu2/gyr_x": 3.816793893129771, "imu2/gyr_y": -1.282442748091603, "imu2/gyr_z": -1.0687022900763359, "milliseconds": 31796}