{"cam/image_array": "125_cam-image_array_.jpg", "user/angle": 0.0, "user/throttle": -0.5857142857142861, "user/mode": "user", "imu1/acl_x": 0.15322890625, "imu1/acl_y": -0.08858546142578125, "imu1/acl_z": 12.923900561523437, "imu1/gyr_x": -5.862595419847328, "imu1/gyr_y": 2.2595419847328246, "imu1/gyr_z": -1.8702290076335877, "imu2/acl_x": -0.1197100830078125, "imu2/acl_y": 0.009576806640625, "imu2/acl_z": 9.7683427734375, "imu2/gyr_x": 3.8396946564885495, "imu2/gyr_y": -1.3053435114503817, "imu2/gyr_z": -0.8244274809160306, "milliseconds": 30668}