{"cam/image_array": "178_cam-image_array_.jpg", "user/angle": -1.0, "user/throttle": 1.0, "user/mode": "user", "imu1/acl_x": 0.00718260498046875, "imu1/acl_y": -0.11252747802734374, "imu1/acl_z": 12.897564343261719, "imu1/gyr_x": -4.137404580152672, "imu1/gyr_y": 2.3969465648854964, "imu1/gyr_z": -1.83206106870229, "imu2/acl_x": -0.1388636962890625, "imu2/acl_y": -0.01915361328125, "imu2/acl_z": 9.504980590820312, "imu2/gyr_x": 3.8931297709923665, "imu2/gyr_y": -1.3282442748091603, "imu2/gyr_z": -1.0076335877862594, "milliseconds": 33371}