{"cam/image_array": "62_cam-image_array_.jpg", "user/angle": 0.0, "user/throttle": -1.0, "user/mode": "user", "imu1/acl_x": 0.105344873046875, "imu1/acl_y": -0.08140285644531249, "imu1/acl_z": 12.885593334960937, "imu1/gyr_x": -3.8396946564885495, "imu1/gyr_y": 2.49618320610687, "imu1/gyr_z": -2.045801526717557, "imu2/acl_x": -0.12689268798828124, "imu2/acl_y": 0.023942016601562498, "imu2/acl_z": 9.710881933593749, "imu2/gyr_x": 3.8625954198473282, "imu2/gyr_y": -1.3587786259541985, "imu2/gyr_z": -0.9541984732824428, "milliseconds": 27432}