{"cam/image_array": "190_cam-image_array_.jpg", "user/angle": 0.0, "user/throttle": -1.0, "user/mode": "user", "imu1/acl_x": 0.13168109130859373, "imu1/acl_y": -0.02154781494140625, "imu1/acl_z": 12.926294763183593, "imu1/gyr_x": -3.984732824427481, "imu1/gyr_y": 2.4122137404580153, "imu1/gyr_z": -2.030534351145038, "imu2/acl_x": -0.23223756103515625, "imu2/acl_y": -0.023942016601562498, "imu2/acl_z": 9.6917283203125, "imu2/gyr_x": 3.8396946564885495, "imu2/gyr_y": -1.2213740458015268, "imu2/gyr_z": -0.9465648854961832, "milliseconds": 33993}