{"cam/image_array": "133_cam-image_array_.jpg", "user/angle": 0.0, "user/throttle": -0.04657576587490203, "user/mode": "user", "imu1/acl_x": 0.009576806640625, "imu1/acl_y": -0.047884033203124995, "imu1/acl_z": 12.885593334960937, "imu1/gyr_x": -4.068702290076335, "imu1/gyr_y": 2.381679389312977, "imu1/gyr_z": -1.8931297709923665, "imu2/acl_x": -0.11731588134765625, "imu2/acl_y": -0.02154781494140625, "imu2/acl_z": 9.674968908691406, "imu2/gyr_x": 3.6717557251908395, "imu2/gyr_y": -1.3206106870229009, "imu2/gyr_z": -1.0610687022900764, "milliseconds": 31075}