{"cam/image_array": "111_cam-image_array_.jpg", "user/angle": 0.0, "user/throttle": -0.10000000000000007, "user/mode": "user", "imu1/acl_x": 0.15322890625, "imu1/acl_y": -0.0383072265625, "imu1/acl_z": 12.94065997314453, "imu1/gyr_x": -3.969465648854962, "imu1/gyr_y": 2.3587786259541983, "imu1/gyr_z": -1.916030534351145, "imu2/acl_x": -0.13168109130859373, "imu2/acl_y": -0.143652099609375, "imu2/acl_z": 9.564835632324218, "imu2/gyr_x": 3.8244274809160306, "imu2/gyr_y": -1.3053435114503817, "imu2/gyr_z": -0.9389312977099237, "milliseconds": 29961}