{"cam/image_array": "121_cam-image_array_.jpg", "user/angle": 0.0, "user/throttle": -0.38571428571428606, "user/mode": "user", "imu1/acl_x": 0.1197100830078125, "imu1/acl_y": -0.13646949462890623, "imu1/acl_z": 12.842497705078124, "imu1/gyr_x": -3.984732824427481, "imu1/gyr_y": 2.4122137404580153, "imu1/gyr_z": -1.8549618320610688, "imu2/acl_x": -0.12449848632812499, "imu2/acl_y": 0.06943184814453125, "imu2/acl_z": 9.777919580078125, "imu2/gyr_x": 3.7709923664122136, "imu2/gyr_y": -1.2900763358778626, "imu2/gyr_z": -0.9923664122137404, "milliseconds": 30464}