{"cam/image_array": "143_cam-image_array_.jpg", "user/angle": 0.0, "user/throttle": -0.05433498852303745, "user/mode": "user", "imu1/acl_x": 0.09337386474609374, "imu1/acl_y": -0.055066638183593745, "imu1/acl_z": 12.928688964843749, "imu1/gyr_x": -3.854961832061069, "imu1/gyr_y": 2.2519083969465647, "imu1/gyr_z": -1.9083969465648856, "imu2/acl_x": -0.1484405029296875, "imu2/acl_y": 0.05985504150390625, "imu2/acl_z": 9.65342109375, "imu2/gyr_x": 3.7480916030534353, "imu2/gyr_y": -1.2442748091603053, "imu2/gyr_z": -0.9847328244274809, "milliseconds": 31580}