{"cam/image_array": "198_cam-image_array_.jpg", "user/angle": 0.0, "user/throttle": 0.0, "user/mode": "user", "imu1/acl_x": 0.16759411621093748, "imu1/acl_y": -0.12210428466796874, "imu1/acl_z": 12.935871569824219, "imu1/gyr_x": -4.038167938931298, "imu1/gyr_y": 2.213740458015267, "imu1/gyr_z": -2.053435114503817, "imu2/acl_x": -0.12210428466796874, "imu2/acl_y": 0.0909796630859375, "imu2/acl_z": 9.658209497070311, "imu2/gyr_x": 3.885496183206107, "imu2/gyr_y": -1.3206106870229009, "imu2/gyr_z": -0.916030534351145, "milliseconds": 34418}