{"cam/image_array": "245_cam-image_array_.jpg", "user/angle": 0.0, "user/throttle": -1.0, "user/mode": "user", "imu1/acl_x": 0.17477672119140625, "imu1/acl_y": -0.0718260498046875, "imu1/acl_z": 12.880804931640624, "imu1/gyr_x": -3.7709923664122136, "imu1/gyr_y": 2.3969465648854964, "imu1/gyr_z": -1.9694656488549618, "imu2/acl_x": -0.28730419921875, "imu2/acl_y": 0.028730419921875, "imu2/acl_z": 9.701305126953125, "imu2/gyr_x": 3.763358778625954, "imu2/gyr_y": -1.1984732824427482, "imu2/gyr_z": -1.0381679389312977, "milliseconds": 40126}