{"cam/image_array": "109_cam-image_array_.jpg", "user/angle": 0.0, "user/throttle": -0.21428571428571422, "user/mode": "user", "imu1/acl_x": 0.086191259765625, "imu1/acl_y": -0.105344873046875, "imu1/acl_z": 12.919112158203124, "imu1/gyr_x": -2.0, "imu1/gyr_y": 2.3740458015267176, "imu1/gyr_z": -2.0076335877862594, "imu2/acl_x": -0.12689268798828124, "imu2/acl_y": -0.028730419921875, "imu2/acl_z": 9.720458740234374, "imu2/gyr_x": 3.7786259541984735, "imu2/gyr_y": -1.2061068702290076, "imu2/gyr_z": -1.0076335877862594, "milliseconds": 29855}