{"cam/image_array": "144_cam-image_array_.jpg", "user/angle": 0.0, "user/throttle": -0.05433498852303745, "user/mode": "user", "imu1/acl_x": 0.16519991455078123, "imu1/acl_y": -0.03591302490234375, "imu1/acl_z": 12.883199133300781, "imu1/gyr_x": -3.9618320610687023, "imu1/gyr_y": 2.236641221374046, "imu1/gyr_z": -0.007633587786259542, "imu2/acl_x": -0.11252747802734374, "imu2/acl_y": 0.011971008300781249, "imu2/acl_z": 9.629479077148437, "imu2/gyr_x": 3.717557251908397, "imu2/gyr_y": -1.3511450381679388, "imu2/gyr_z": -0.9236641221374046, "milliseconds": 31640}