{"cam/image_array": "93_cam-image_array_.jpg", "user/angle": 0.0, "user/throttle": -0.09999999999999994, "user/mode": "user", "imu1/acl_x": 0.16519991455078123, "imu1/acl_y": -0.13407529296874998, "imu1/acl_z": 12.866439721679686, "imu1/gyr_x": -5.8320610687022905, "imu1/gyr_y": 2.404580152671756, "imu1/gyr_z": -1.7786259541984732, "imu2/acl_x": -0.2920926025390625, "imu2/acl_y": 0.0430956298828125, "imu2/acl_z": 9.595960253906249, "imu2/gyr_x": 1.9770992366412214, "imu2/gyr_y": -1.2366412213740459, "imu2/gyr_z": -1.0, "milliseconds": 29034}