{"cam/image_array": "44_cam-image_array_.jpg", "user/angle": 0.0, "user/throttle": 0.0, "user/mode": "user", "imu1/acl_x": 0.15562310791015624, "imu1/acl_y": -0.086191259765625, "imu1/acl_z": 12.847286108398437, "imu1/gyr_x": -5.8396946564885495, "imu1/gyr_y": 2.5419847328244276, "imu1/gyr_z": -0.007633587786259542, "imu2/acl_x": -0.21068974609375, "imu2/acl_y": 0.07900865478515624, "imu2/acl_z": 9.689334118652344, "imu2/gyr_x": 3.8244274809160306, "imu2/gyr_y": -1.297709923664122, "imu2/gyr_z": -0.9770992366412213, "milliseconds": 26500}