{"cam/image_array": "207_cam-image_array_.jpg", "user/angle": 0.0, "user/throttle": -1.0, "user/mode": "user", "imu1/acl_x": 0.28969840087890625, "imu1/acl_y": -0.086191259765625, "imu1/acl_z": 12.871228125, "imu1/gyr_x": -3.732824427480916, "imu1/gyr_y": 2.3969465648854964, "imu1/gyr_z": -2.0381679389312977, "imu2/acl_x": -0.1005564697265625, "imu2/acl_y": -0.02633621826171875, "imu2/acl_z": 9.648632690429688, "imu2/gyr_x": 3.885496183206107, "imu2/gyr_y": -1.1908396946564885, "imu2/gyr_z": -0.9541984732824428, "milliseconds": 34862}