{"cam/image_array": "204_cam-image_array_.jpg", "user/angle": 1.0, "user/throttle": 1.0, "user/mode": "user", "imu1/acl_x": 0.1005564697265625, "imu1/acl_y": -0.105344873046875, "imu1/acl_z": 12.883199133300781, "imu1/gyr_x": -3.9389312977099236, "imu1/gyr_y": 2.4732824427480917, "imu1/gyr_z": -0.015267175572519083, "imu2/acl_x": -0.13646949462890623, "imu2/acl_y": 0.05746083984375, "imu2/acl_z": 9.643844287109374, "imu2/gyr_x": 3.801526717557252, "imu2/gyr_y": -1.1221374045801527, "imu2/gyr_z": -0.9618320610687023, "milliseconds": 34699}