{"cam/image_array": "21_cam-image_array_.jpg", "user/angle": 0.0, "user/throttle": -1.0, "user/mode": "user", "imu1/acl_x": 0.15562310791015624, "imu1/acl_y": -0.07900865478515624, "imu1/acl_z": 12.899958544921875, "imu1/gyr_x": -3.8931297709923665, "imu1/gyr_y": 2.4427480916030535, "imu1/gyr_z": -1.9389312977099236, "imu2/acl_x": -0.011971008300781249, "imu2/acl_y": -0.12689268798828124, "imu2/acl_z": 9.758765966796874, "imu2/gyr_x": 3.801526717557252, "imu2/gyr_y": -1.213740458015267, "imu2/gyr_z": -1.0534351145038168, "milliseconds": 24507}