{"cam/image_array": "123_cam-image_array_.jpg", "user/angle": 0.0, "user/throttle": -0.3285714285714279, "user/mode": "user", "imu1/acl_x": 0.2920926025390625, "imu1/acl_y": -0.1149216796875, "imu1/acl_z": 12.916717956542968, "imu1/gyr_x": -5.854961832061068, "imu1/gyr_y": 2.351145038167939, "imu1/gyr_z": -0.11450381679389313, "imu2/acl_x": -0.07900865478515624, "imu2/acl_y": -0.011971008300781249, "imu2/acl_z": 9.636661682128906, "imu2/gyr_x": 3.801526717557252, "imu2/gyr_y": -1.2595419847328244, "imu2/gyr_z": -0.916030534351145, "milliseconds": 30566}