{"cam/image_array": "23_cam-image_array_.jpg", "user/angle": -1.0, "user/throttle": 0.3999999999999997, "user/mode": "user", "imu1/acl_x": 0.28490999755859375, "imu1/acl_y": -0.06464344482421874, "imu1/acl_z": 12.933477368164061, "imu1/gyr_x": -3.8702290076335877, "imu1/gyr_y": 2.2519083969465647, "imu1/gyr_z": -1.8549618320610688, "imu2/acl_x": -0.2657563842773437, "imu2/acl_y": 0.0143652099609375, "imu2/acl_z": 9.634267480468749, "imu2/gyr_x": 3.6793893129770994, "imu2/gyr_y": -1.2595419847328244, "imu2/gyr_z": -1.1450381679389312, "milliseconds": 24618}