{"cam/image_array": "70_cam-image_array_.jpg", "user/angle": 0.0, "user/throttle": -1.0, "user/mode": "user", "imu1/acl_x": 0.09816226806640624, "imu1/acl_y": -0.105344873046875, "imu1/acl_z": 12.89038173828125, "imu1/gyr_x": -3.9389312977099236, "imu1/gyr_y": 2.282442748091603, "imu1/gyr_z": -1.83206106870229, "imu2/acl_x": -0.16280571289062498, "imu2/acl_y": 0.02154781494140625, "imu2/acl_z": 9.651026892089844, "imu2/gyr_x": 3.8702290076335877, "imu2/gyr_y": -1.3206106870229009, "imu2/gyr_z": -1.099236641221374, "milliseconds": 27838}