{"cam/image_array": "225_cam-image_array_.jpg", "user/angle": 0.0, "user/throttle": 3.4989908547067235e-18, "user/mode": "user", "imu1/acl_x": 0.15083470458984374, "imu1/acl_y": -0.12689268798828124, "imu1/acl_z": 12.847286108398437, "imu1/gyr_x": -3.8396946564885495, "imu1/gyr_y": 2.404580152671756, "imu1/gyr_z": -1.9389312977099236, "imu2/acl_x": -0.1484405029296875, "imu2/acl_y": 0.0047884033203125, "imu2/acl_z": 9.627084875488281, "imu2/gyr_x": 3.8244274809160306, "imu2/gyr_y": -1.1297709923664123, "imu2/gyr_z": -1.015267175572519, "milliseconds": 37055}