{"cam/image_array": "203_cam-image_array_.jpg", "user/angle": 1.0, "user/throttle": 1.0, "user/mode": "user", "imu1/acl_x": 0.1292868896484375, "imu1/acl_y": -0.06703764648437499, "imu1/acl_z": 12.89038173828125, "imu1/gyr_x": -3.83206106870229, "imu1/gyr_y": 2.435114503816794, "imu1/gyr_z": -1.9618320610687023, "imu2/acl_x": -0.09337386474609374, "imu2/acl_y": -0.031124621582031248, "imu2/acl_z": 9.648632690429688, "imu2/gyr_x": 3.8473282442748094, "imu2/gyr_y": -1.2366412213740459, "imu2/gyr_z": -0.9465648854961832, "milliseconds": 34649}