{"cam/image_array": "231_cam-image_array_.jpg", "user/angle": 0.0, "user/throttle": 0.0, "user/mode": "user", "imu1/acl_x": 0.12689268798828124, "imu1/acl_y": -0.0143652099609375, "imu1/acl_z": 12.873622326660156, "imu1/gyr_x": -5.862595419847328, "imu1/gyr_y": 2.2900763358778624, "imu1/gyr_z": -1.7404580152671756, "imu2/acl_x": -0.14125789794921875, "imu2/acl_y": -0.13646949462890623, "imu2/acl_z": 9.787496386718749, "imu2/gyr_x": 3.969465648854962, "imu2/gyr_y": -1.0763358778625953, "imu2/gyr_z": -1.1145038167938932, "milliseconds": 38022}