{"cam/image_array": "185_cam-image_array_.jpg", "user/angle": 1.0, "user/throttle": 1.0, "user/mode": "user", "imu1/acl_x": 0.29927520751953124, "imu1/acl_y": -0.0718260498046875, "imu1/acl_z": 12.904746948242186, "imu1/gyr_x": -3.7938931297709924, "imu1/gyr_y": 2.282442748091603, "imu1/gyr_z": -3.8473282442748094, "imu2/acl_x": -0.05027823486328125, "imu2/acl_y": 0.04548983154296875, "imu2/acl_z": 9.737218151855469, "imu2/gyr_x": 3.7251908396946565, "imu2/gyr_y": -1.3129770992366412, "imu2/gyr_z": -1.0610687022900764, "milliseconds": 33749}