{"cam/image_array": "168_cam-image_array_.jpg", "user/angle": 1.0, "user/throttle": 1.0, "user/mode": "user", "imu1/acl_x": 0.15562310791015624, "imu1/acl_y": -0.1197100830078125, "imu1/acl_z": 12.897564343261719, "imu1/gyr_x": -3.9160305343511452, "imu1/gyr_y": 2.4732824427480917, "imu1/gyr_z": -2.053435114503817, "imu2/acl_x": -0.1005564697265625, "imu2/acl_y": 0.0047884033203125, "imu2/acl_z": 9.6917283203125, "imu2/gyr_x": 3.946564885496183, "imu2/gyr_y": -1.3511450381679388, "imu2/gyr_z": -1.0687022900763359, "milliseconds": 32876}