{"cam/image_array": "13_cam-image_array_.jpg", "user/angle": 0.0, "user/throttle": -0.44285714285714217, "user/mode": "user", "imu1/acl_x": 0.229843359375, "imu1/acl_y": -0.055066638183593745, "imu1/acl_z": 12.911929553222656, "imu1/gyr_x": -3.8931297709923665, "imu1/gyr_y": 2.4198473282442747, "imu1/gyr_z": -1.9541984732824427, "imu2/acl_x": -0.0383072265625, "imu2/acl_y": -0.11252747802734374, "imu2/acl_z": 9.701305126953125, "imu2/gyr_x": 3.801526717557252, "imu2/gyr_y": -1.3053435114503817, "imu2/gyr_z": -0.9694656488549618, "milliseconds": 24095}