{"cam/image_array": "152_cam-image_array_.jpg", "user/angle": 0.0, "user/throttle": -1.0, "user/mode": "user", "imu1/acl_x": 0.11731588134765625, "imu1/acl_y": -0.08858546142578125, "imu1/acl_z": 12.926294763183593, "imu1/gyr_x": -4.0458015267175576, "imu1/gyr_y": 2.4885496183206106, "imu1/gyr_z": -1.8396946564885497, "imu2/acl_x": -0.1867477294921875, "imu2/acl_y": -0.040701428222656245, "imu2/acl_z": 9.686939916992188, "imu2/gyr_x": 3.6259541984732824, "imu2/gyr_y": -1.2900763358778626, "imu2/gyr_z": -1.0, "milliseconds": 32041}