{"cam/image_array": "176_cam-image_array_.jpg", "user/angle": 1.5308084989341916e-16, "user/throttle": 1.0, "user/mode": "user", "imu1/acl_x": 0.13407529296874998, "imu1/acl_y": -0.0383072265625, "imu1/acl_z": 12.945448376464842, "imu1/gyr_x": -3.900763358778626, "imu1/gyr_y": 2.198473282442748, "imu1/gyr_z": -1.7786259541984732, "imu2/acl_x": -0.1580173095703125, "imu2/acl_y": -0.009576806640625, "imu2/acl_z": 9.619902270507811, "imu2/gyr_x": 3.8931297709923665, "imu2/gyr_y": -1.2290076335877862, "imu2/gyr_z": -0.9770992366412213, "milliseconds": 33288}