{"cam/image_array": "16_cam-image_array_.jpg", "user/angle": 0.0, "user/throttle": -0.22541551544498892, "user/mode": "user", "imu1/acl_x": 0.15562310791015624, "imu1/acl_y": -0.09816226806640624, "imu1/acl_z": 13.120225097656249, "imu1/gyr_x": -4.00763358778626, "imu1/gyr_y": 2.50381679389313, "imu1/gyr_z": -1.8091603053435115, "imu2/acl_x": -0.13407529296874998, "imu2/acl_y": 0.02633621826171875, "imu2/acl_z": 9.662997900390625, "imu2/gyr_x": 3.8473282442748094, "imu2/gyr_y": -1.2290076335877862, "imu2/gyr_z": -0.9770992366412213, "milliseconds": 24262}