{"cam/image_array": "120_cam-image_array_.jpg", "user/angle": 0.0, "user/throttle": -0.3714285714285714, "user/mode": "user", "imu1/acl_x": 0.1197100830078125, "imu1/acl_y": -0.086191259765625, "imu1/acl_z": 12.835315100097656, "imu1/gyr_x": -3.877862595419847, "imu1/gyr_y": 2.4732824427480917, "imu1/gyr_z": -2.0076335877862594, "imu2/acl_x": -0.1388636962890625, "imu2/acl_y": 0.143652099609375, "imu2/acl_z": 9.6917283203125, "imu2/gyr_x": 3.6946564885496183, "imu2/gyr_y": -1.2748091603053435, "imu2/gyr_z": -0.8854961832061069, "milliseconds": 30412}