{"cam/image_array": "163_cam-image_array_.jpg", "user/angle": 1.0, "user/throttle": 1.0, "user/mode": "user", "imu1/acl_x": 0.0143652099609375, "imu1/acl_y": -0.11252747802734374, "imu1/acl_z": 12.804190478515624, "imu1/gyr_x": -3.900763358778626, "imu1/gyr_y": 2.427480916030534, "imu1/gyr_z": -1.8702290076335877, "imu2/acl_x": -0.1197100830078125, "imu2/acl_y": 0.13646949462890623, "imu2/acl_z": 9.737218151855469, "imu2/gyr_x": 3.6793893129770994, "imu2/gyr_y": -1.282442748091603, "imu2/gyr_z": -1.1221374045801527, "milliseconds": 32624}