{"cam/image_array": "155_cam-image_array_.jpg", "user/angle": 0.0, "user/throttle": -0.5951301449116286, "user/mode": "user", "imu1/acl_x": 0.143652099609375, "imu1/acl_y": -0.1149216796875, "imu1/acl_z": 12.892775939941405, "imu1/gyr_x": -3.9389312977099236, "imu1/gyr_y": 2.2900763358778624, "imu1/gyr_z": -2.0076335877862594, "imu2/acl_x": -0.3016694091796875, "imu2/acl_y": -0.13407529296874998, "imu2/acl_z": 9.5384994140625, "imu2/gyr_x": 3.816793893129771, "imu2/gyr_y": -1.3740458015267176, "imu2/gyr_z": -1.0458015267175573, "milliseconds": 32194}