{"cam/image_array": "91_cam-image_array_.jpg", "user/angle": 0.0, "user/throttle": 0.0, "user/mode": "user", "imu1/acl_x": 0.09337386474609374, "imu1/acl_y": -0.09816226806640624, "imu1/acl_z": 12.8329208984375, "imu1/gyr_x": -3.8091603053435112, "imu1/gyr_y": 2.3206106870229006, "imu1/gyr_z": -2.0, "imu2/acl_x": -0.016759411621093748, "imu2/acl_y": 0.033518823242187495, "imu2/acl_z": 9.636661682128906, "imu2/gyr_x": 3.801526717557252, "imu2/gyr_y": -1.2366412213740459, "imu2/gyr_z": -1.0610687022900764, "milliseconds": 28929}