{"cam/image_array": "166_cam-image_array_.jpg", "user/angle": 1.0, "user/throttle": 1.0, "user/mode": "user", "imu1/acl_x": 0.11013327636718749, "imu1/acl_y": -0.1005564697265625, "imu1/acl_z": 12.914323754882812, "imu1/gyr_x": -5.8396946564885495, "imu1/gyr_y": 2.4885496183206106, "imu1/gyr_z": -2.122137404580153, "imu2/acl_x": -0.14604630126953125, "imu2/acl_y": -0.13168109130859373, "imu2/acl_z": 9.528922607421874, "imu2/gyr_x": 3.816793893129771, "imu2/gyr_y": -1.1450381679389312, "imu2/gyr_z": -0.9541984732824428, "milliseconds": 32770}