{"cam/image_array": "7_cam-image_array_.jpg", "user/angle": 1.0, "user/throttle": 0.7175765093592354, "user/mode": "user", "imu1/acl_x": 0.1005564697265625, "imu1/acl_y": -0.07422025146484375, "imu1/acl_z": 12.935871569824219, "imu1/gyr_x": -3.9618320610687023, "imu1/gyr_y": 2.1603053435114505, "imu1/gyr_z": -1.9465648854961832, "imu2/acl_x": -0.13407529296874998, "imu2/acl_y": 0.040701428222656245, "imu2/acl_z": 9.662997900390625, "imu2/gyr_x": 3.763358778625954, "imu2/gyr_y": -1.251908396946565, "imu2/gyr_z": -1.015267175572519, "milliseconds": 23776}