{"cam/image_array": "193_cam-image_array_.jpg", "user/angle": 1.0, "user/throttle": 1.0, "user/mode": "user", "imu1/acl_x": 0.1292868896484375, "imu1/acl_y": -0.06943184814453125, "imu1/acl_z": 12.835315100097656, "imu1/gyr_x": -3.9618320610687023, "imu1/gyr_y": 2.1908396946564888, "imu1/gyr_z": -3.8244274809160306, "imu2/acl_x": -0.1197100830078125, "imu2/acl_y": 0.0047884033203125, "imu2/acl_z": 9.655815295410155, "imu2/gyr_x": 3.816793893129771, "imu2/gyr_y": -1.2366412213740459, "imu2/gyr_z": -1.0916030534351144, "milliseconds": 34147}