{"cam/image_array": "174_cam-image_array_.jpg", "user/angle": 1.0, "user/throttle": 1.0, "user/mode": "user", "imu1/acl_x": 0.29927520751953124, "imu1/acl_y": -0.06703764648437499, "imu1/acl_z": 12.797007873535156, "imu1/gyr_x": -3.732824427480916, "imu1/gyr_y": 2.427480916030534, "imu1/gyr_z": -0.06870229007633588, "imu2/acl_x": -0.16041151123046873, "imu2/acl_y": 0.0430956298828125, "imu2/acl_z": 9.770736975097655, "imu2/gyr_x": 3.7709923664122136, "imu2/gyr_y": -1.2213740458015268, "imu2/gyr_z": -1.0534351145038168, "milliseconds": 33186}