{"cam/image_array": "149_cam-image_array_.jpg", "user/angle": 0.0, "user/throttle": -1.0, "user/mode": "user", "imu1/acl_x": 0.1484405029296875, "imu1/acl_y": -0.1005564697265625, "imu1/acl_z": 12.914323754882812, "imu1/gyr_x": -3.9160305343511452, "imu1/gyr_y": 2.435114503816794, "imu1/gyr_z": -1.8396946564885497, "imu2/acl_x": -0.009576806640625, "imu2/acl_y": -0.02154781494140625, "imu2/acl_z": 9.641450085449218, "imu2/gyr_x": 3.7251908396946565, "imu2/gyr_y": -1.0458015267175573, "imu2/gyr_z": -1.0229007633587786, "milliseconds": 31899}