{"cam/image_array": "10_cam-image_array_.jpg", "user/angle": 0.0, "user/throttle": -1.0, "user/mode": "user", "imu1/acl_x": 0.06943184814453125, "imu1/acl_y": -0.0718260498046875, "imu1/acl_z": 12.880804931640624, "imu1/gyr_x": -3.763358778625954, "imu1/gyr_y": 2.4198473282442747, "imu1/gyr_z": -2.068702290076336, "imu2/acl_x": -0.0909796630859375, "imu2/acl_y": -0.011971008300781249, "imu2/acl_z": 9.689334118652344, "imu2/gyr_x": 3.854961832061069, "imu2/gyr_y": -1.2061068702290076, "imu2/gyr_z": -0.8854961832061069, "milliseconds": 23939}