{"cam/image_array": "80_cam-image_array_.jpg", "user/angle": 0.0, "user/throttle": -0.21428571428571425, "user/mode": "user", "imu1/acl_x": 0.2537853759765625, "imu1/acl_y": -0.12449848632812499, "imu1/acl_z": 12.9095353515625, "imu1/gyr_x": -3.877862595419847, "imu1/gyr_y": 2.5267175572519083, "imu1/gyr_z": -1.9083969465648856, "imu2/acl_x": -0.143652099609375, "imu2/acl_y": 0.05746083984375, "imu2/acl_z": 9.617508068847656, "imu2/gyr_x": 5.793893129770993, "imu2/gyr_y": -1.1984732824427482, "imu2/gyr_z": -0.9465648854961832, "milliseconds": 28348}