{"cam/image_array": "156_cam-image_array_.jpg", "user/angle": 0.0, "user/throttle": -0.5951301449116286, "user/mode": "user", "imu1/acl_x": 0.16998831787109375, "imu1/acl_y": -0.19153613281249998, "imu1/acl_z": 12.849680310058593, "imu1/gyr_x": -3.9236641221374047, "imu1/gyr_y": 2.4656488549618323, "imu1/gyr_z": -3.8473282442748094, "imu2/acl_x": -0.011971008300781249, "imu2/acl_y": 0.00718260498046875, "imu2/acl_z": 9.672574707031249, "imu2/gyr_x": 1.984732824427481, "imu2/gyr_y": -1.16793893129771, "imu2/gyr_z": -1.0763358778625953, "milliseconds": 32244}