{"cam/image_array": "32_cam-image_array_.jpg", "user/angle": -1.0, "user/throttle": 0.7714285714285716, "user/mode": "user", "imu1/acl_x": 0.16759411621093748, "imu1/acl_y": -0.12449848632812499, "imu1/acl_z": 12.804190478515624, "imu1/gyr_x": -5.854961832061068, "imu1/gyr_y": 2.450381679389313, "imu1/gyr_z": -1.7251908396946565, "imu2/acl_x": -0.26815058593749996, "imu2/acl_y": 0.0430956298828125, "imu2/acl_z": 9.773131176757811, "imu2/gyr_x": 5.854961832061068, "imu2/gyr_y": -1.2061068702290076, "imu2/gyr_z": -0.9389312977099237, "milliseconds": 25072}