{"cam/image_array": "108_cam-image_array_.jpg", "user/angle": 0.0, "user/throttle": -0.21428571428571422, "user/mode": "user", "imu1/acl_x": 0.00718260498046875, "imu1/acl_y": -0.105344873046875, "imu1/acl_z": 12.8329208984375, "imu1/gyr_x": -3.877862595419847, "imu1/gyr_y": 2.4580152671755724, "imu1/gyr_z": -1.8625954198473282, "imu2/acl_x": -0.086191259765625, "imu2/acl_y": -0.0143652099609375, "imu2/acl_z": 9.686939916992188, "imu2/gyr_x": 3.717557251908397, "imu2/gyr_y": -1.3435114503816794, "imu2/gyr_z": -0.9694656488549618, "milliseconds": 29791}