{"cam/image_array": "18_cam-image_array_.jpg", "user/angle": 0.0, "user/throttle": -1.0, "user/mode": "user", "imu1/acl_x": 0.1149216796875, "imu1/acl_y": -0.03591302490234375, "imu1/acl_z": 12.892775939941405, "imu1/gyr_x": -3.969465648854962, "imu1/gyr_y": 2.351145038167939, "imu1/gyr_z": -3.885496183206107, "imu2/acl_x": -0.27293898925781246, "imu2/acl_y": 0.03591302490234375, "imu2/acl_z": 9.6917283203125, "imu2/gyr_x": 3.786259541984733, "imu2/gyr_y": -1.297709923664122, "imu2/gyr_z": -1.0763358778625953, "milliseconds": 24352}