{"cam/image_array": "242_cam-image_array_.jpg", "user/angle": 0.0, "user/throttle": 0.0, "user/mode": "user", "imu1/acl_x": 0.1484405029296875, "imu1/acl_y": -0.08379705810546874, "imu1/acl_z": 12.935871569824219, "imu1/gyr_x": -3.9389312977099236, "imu1/gyr_y": 2.450381679389313, "imu1/gyr_z": -2.0, "imu2/acl_x": -0.16041151123046873, "imu2/acl_y": 0.105344873046875, "imu2/acl_z": 9.785102185058593, "imu2/gyr_x": 3.7480916030534353, "imu2/gyr_y": -1.2366412213740459, "imu2/gyr_z": -1.015267175572519, "milliseconds": 39972}