{"cam/image_array": "222_cam-image_array_.jpg", "user/angle": 0.0, "user/throttle": -0.5000000000000012, "user/mode": "user", "imu1/acl_x": 0.1005564697265625, "imu1/acl_y": -0.076614453125, "imu1/acl_z": 12.883199133300781, "imu1/gyr_x": -4.00763358778626, "imu1/gyr_y": 2.4656488549618323, "imu1/gyr_z": -1.7557251908396947, "imu2/acl_x": -0.09816226806640624, "imu2/acl_y": 0.031124621582031248, "imu2/acl_z": 9.72285294189453, "imu2/gyr_x": 3.885496183206107, "imu2/gyr_y": -1.2442748091603053, "imu2/gyr_z": -1.0076335877862594, "milliseconds": 36377}