{"cam/image_array": "106_cam-image_array_.jpg", "user/angle": 0.0, "user/throttle": -0.35714285714285743, "user/mode": "user", "imu1/acl_x": 0.09576806640624999, "imu1/acl_y": -0.13407529296874998, "imu1/acl_z": 13.005303417968749, "imu1/gyr_x": -3.877862595419847, "imu1/gyr_y": 2.2595419847328246, "imu1/gyr_z": -2.0076335877862594, "imu2/acl_x": -0.10773907470703124, "imu2/acl_y": 0.02154781494140625, "imu2/acl_z": 9.701305126953125, "imu2/gyr_x": 3.564885496183206, "imu2/gyr_y": -1.2290076335877862, "imu2/gyr_z": -0.9312977099236641, "milliseconds": 29685}