{"cam/image_array": "165_cam-image_array_.jpg", "user/angle": 1.0, "user/throttle": 1.0, "user/mode": "user", "imu1/acl_x": 0.13168109130859373, "imu1/acl_y": -0.08140285644531249, "imu1/acl_z": 12.962207788085937, "imu1/gyr_x": -1.9770992366412214, "imu1/gyr_y": 2.4427480916030535, "imu1/gyr_z": -1.8625954198473282, "imu2/acl_x": -0.14604630126953125, "imu2/acl_y": 0.031124621582031248, "imu2/acl_z": 9.732429748535155, "imu2/gyr_x": 3.8091603053435112, "imu2/gyr_y": -1.381679389312977, "imu2/gyr_z": -0.9007633587786259, "milliseconds": 32729}