{"cam/image_array": "171_cam-image_array_.jpg", "user/angle": 1.0, "user/throttle": 1.0, "user/mode": "user", "imu1/acl_x": 0.14125789794921875, "imu1/acl_y": -0.08858546142578125, "imu1/acl_z": 12.77546005859375, "imu1/gyr_x": -4.030534351145038, "imu1/gyr_y": 2.3587786259541983, "imu1/gyr_z": -0.015267175572519083, "imu2/acl_x": -0.12689268798828124, "imu2/acl_y": 0.02154781494140625, "imu2/acl_z": 9.679757312011718, "imu2/gyr_x": 3.946564885496183, "imu2/gyr_y": -1.1221374045801527, "imu2/gyr_z": -0.916030534351145, "milliseconds": 33025}