{"cam/image_array": "228_cam-image_array_.jpg", "user/angle": 0.0, "user/throttle": 1.9594348786357652e-16, "user/mode": "user", "imu1/acl_x": 0.19632453613281248, "imu1/acl_y": -0.062249243164062495, "imu1/acl_z": 12.866439721679686, "imu1/gyr_x": -3.9770992366412212, "imu1/gyr_y": 2.381679389312977, "imu1/gyr_z": -1.7938931297709924, "imu2/acl_x": -0.05985504150390625, "imu2/acl_y": 0.011971008300781249, "imu2/acl_z": 9.64623848876953, "imu2/gyr_x": 3.763358778625954, "imu2/gyr_y": -1.282442748091603, "imu2/gyr_z": -1.015267175572519, "milliseconds": 37204}