{"cam/image_array": "137_cam-image_array_.jpg", "user/angle": 0.0, "user/throttle": -0.05433498852303745, "user/mode": "user", "imu1/acl_x": 0.143652099609375, "imu1/acl_y": -0.11252747802734374, "imu1/acl_z": 12.911929553222656, "imu1/gyr_x": -3.8702290076335877, "imu1/gyr_y": 2.3740458015267176, "imu1/gyr_z": -1.8091603053435115, "imu2/acl_x": -0.02154781494140625, "imu2/acl_y": 0.011971008300781249, "imu2/acl_z": 9.5001921875, "imu2/gyr_x": 3.9770992366412212, "imu2/gyr_y": -1.2061068702290076, "imu2/gyr_z": -1.0534351145038168, "milliseconds": 31272}