{"cam/image_array": "11_cam-image_array_.jpg", "user/angle": 0.0, "user/throttle": -1.0, "user/mode": "user", "imu1/acl_x": 0.29927520751953124, "imu1/acl_y": -0.105344873046875, "imu1/acl_z": 12.97896719970703, "imu1/gyr_x": -5.854961832061068, "imu1/gyr_y": 2.50381679389313, "imu1/gyr_z": -1.8854961832061068, "imu2/acl_x": -0.09576806640624999, "imu2/acl_y": 0.01915361328125, "imu2/acl_z": 9.775525378417969, "imu2/gyr_x": 3.786259541984733, "imu2/gyr_y": -1.213740458015267, "imu2/gyr_z": -0.9007633587786259, "milliseconds": 23990}