{"cam/image_array": "78_cam-image_array_.jpg", "user/angle": 0.0, "user/throttle": -0.07142857142857108, "user/mode": "user", "imu1/acl_x": 0.0, "imu1/acl_y": -0.09337386474609374, "imu1/acl_z": 13.007697619628905, "imu1/gyr_x": -3.931297709923664, "imu1/gyr_y": 2.2290076335877864, "imu1/gyr_z": -2.0763358778625953, "imu2/acl_x": -0.13646949462890623, "imu2/acl_y": 0.023942016601562498, "imu2/acl_z": 9.591171850585937, "imu2/gyr_x": 3.801526717557252, "imu2/gyr_y": -1.2595419847328244, "imu2/gyr_z": -0.7938931297709924, "milliseconds": 28259}