{"cam/image_array": "169_cam-image_array_.jpg", "user/angle": 1.0, "user/throttle": 1.0, "user/mode": "user", "imu1/acl_x": 0.11731588134765625, "imu1/acl_y": -0.07422025146484375, "imu1/acl_z": 12.85207451171875, "imu1/gyr_x": -3.786259541984733, "imu1/gyr_y": 2.5343511450381677, "imu1/gyr_z": -1.8396946564885497, "imu2/acl_x": -0.2753331909179687, "imu2/acl_y": 0.0143652099609375, "imu2/acl_z": 9.648632690429688, "imu2/gyr_x": 3.7709923664122136, "imu2/gyr_y": -1.16793893129771, "imu2/gyr_z": -1.1297709923664123, "milliseconds": 32924}