{"cam/image_array": "9_cam-image_array_.jpg", "user/angle": 0.0, "user/throttle": 0.0, "user/mode": "user", "imu1/acl_x": 0.15322890625, "imu1/acl_y": -0.11731588134765625, "imu1/acl_z": 12.859257116699219, "imu1/gyr_x": -4.015267175572519, "imu1/gyr_y": 2.3969465648854964, "imu1/gyr_z": -0.061068702290076333, "imu2/acl_x": -0.00718260498046875, "imu2/acl_y": -0.09576806640624999, "imu2/acl_z": 9.679757312011718, "imu2/gyr_x": 3.8702290076335877, "imu2/gyr_y": -1.297709923664122, "imu2/gyr_z": -0.8931297709923665, "milliseconds": 23886}