{"cam/image_array": "161_cam-image_array_.jpg", "user/angle": 0.509389486348289, "user/throttle": 1.0, "user/mode": "user", "imu1/acl_x": 0.10773907470703124, "imu1/acl_y": -0.062249243164062495, "imu1/acl_z": 12.86404552001953, "imu1/gyr_x": -5.8396946564885495, "imu1/gyr_y": 2.5114503816793894, "imu1/gyr_z": -0.030534351145038167, "imu2/acl_x": -0.16041151123046873, "imu2/acl_y": -0.0047884033203125, "imu2/acl_z": 9.770736975097655, "imu2/gyr_x": 3.7938931297709924, "imu2/gyr_y": -1.1908396946564885, "imu2/gyr_z": -1.0229007633587786, "milliseconds": 32523}