{"cam/image_array": "41_cam-image_array_.jpg", "user/angle": 0.0, "user/throttle": -1.0, "user/mode": "user", "imu1/acl_x": 0.1149216796875, "imu1/acl_y": -0.08140285644531249, "imu1/acl_z": 12.923900561523437, "imu1/gyr_x": -4.0458015267175576, "imu1/gyr_y": 2.4656488549618323, "imu1/gyr_z": -1.7786259541984732, "imu2/acl_x": -0.009576806640625, "imu2/acl_y": -0.12449848632812499, "imu2/acl_z": 9.686939916992188, "imu2/gyr_x": 3.732824427480916, "imu2/gyr_y": -1.282442748091603, "imu2/gyr_z": -1.083969465648855, "milliseconds": 25543}