{"cam/image_array": "56_cam-image_array_.jpg", "user/angle": -0.014285714285714287, "user/throttle": 1.0, "user/mode": "user", "imu1/acl_x": 0.1484405029296875, "imu1/acl_y": -0.12449848632812499, "imu1/acl_z": 12.80658468017578, "imu1/gyr_x": -5.862595419847328, "imu1/gyr_y": 2.4122137404580153, "imu1/gyr_z": -3.786259541984733, "imu2/acl_x": -0.07422025146484375, "imu2/acl_y": 0.0047884033203125, "imu2/acl_z": 9.744400756835937, "imu2/gyr_x": 3.8625954198473282, "imu2/gyr_y": -1.4732824427480915, "imu2/gyr_z": -0.9083969465648855, "milliseconds": 27125}