{"cam/image_array": "30_cam-image_array_.jpg", "user/angle": 0.0, "user/throttle": -1.0, "user/mode": "user", "imu1/acl_x": 0.1149216796875, "imu1/acl_y": -0.07422025146484375, "imu1/acl_z": 12.739547033691405, "imu1/gyr_x": -3.83206106870229, "imu1/gyr_y": 2.381679389312977, "imu1/gyr_z": -1.702290076335878, "imu2/acl_x": -0.1580173095703125, "imu2/acl_y": 0.0, "imu2/acl_z": 9.579200842285156, "imu2/gyr_x": 3.7251908396946565, "imu2/gyr_y": -1.2900763358778626, "imu2/gyr_z": -0.9007633587786259, "milliseconds": 24968}