{"cam/image_array": "119_cam-image_array_.jpg", "user/angle": 0.0, "user/throttle": -0.3714285714285714, "user/mode": "user", "imu1/acl_x": 0.1197100830078125, "imu1/acl_y": -0.06464344482421874, "imu1/acl_z": 12.933477368164061, "imu1/gyr_x": -2.0610687022900764, "imu1/gyr_y": 2.427480916030534, "imu1/gyr_z": -1.8473282442748091, "imu2/acl_x": -0.09816226806640624, "imu2/acl_y": 0.0383072265625, "imu2/acl_z": 9.6151138671875, "imu2/gyr_x": 3.900763358778626, "imu2/gyr_y": -1.2290076335877862, "imu2/gyr_z": -0.9618320610687023, "milliseconds": 30360}