{"cam/image_array": "118_cam-image_array_.jpg", "user/angle": 0.0, "user/throttle": -0.15714285714285708, "user/mode": "user", "imu1/acl_x": 0.1771709228515625, "imu1/acl_y": -0.04548983154296875, "imu1/acl_z": 12.928688964843749, "imu1/gyr_x": -3.854961832061069, "imu1/gyr_y": 2.5572519083969465, "imu1/gyr_z": -1.9389312977099236, "imu2/acl_x": -0.15322890625, "imu2/acl_y": -0.0047884033203125, "imu2/acl_z": 9.65342109375, "imu2/gyr_x": 3.618320610687023, "imu2/gyr_y": -1.3740458015267176, "imu2/gyr_z": -1.0305343511450382, "milliseconds": 30320}