{"cam/image_array": "96_cam-image_array_.jpg", "user/angle": 0.0, "user/throttle": -0.6714285714285714, "user/mode": "user", "imu1/acl_x": 0.12449848632812499, "imu1/acl_y": -0.07900865478515624, "imu1/acl_z": 12.899958544921875, "imu1/gyr_x": -3.954198473282443, "imu1/gyr_y": 2.33587786259542, "imu1/gyr_z": -1.9389312977099236, "imu2/acl_x": -0.181959326171875, "imu2/acl_y": 0.07900865478515624, "imu2/acl_z": 9.509768994140625, "imu2/gyr_x": 3.7099236641221376, "imu2/gyr_y": -1.183206106870229, "imu2/gyr_z": -0.9770992366412213, "milliseconds": 29177}