{"cam/image_array": "128_cam-image_array_.jpg", "user/angle": 0.0, "user/throttle": -0.37142857142857144, "user/mode": "user", "imu1/acl_x": 0.16759411621093748, "imu1/acl_y": -0.033518823242187495, "imu1/acl_z": 12.876016528320312, "imu1/gyr_x": -3.9389312977099236, "imu1/gyr_y": 2.4656488549618323, "imu1/gyr_z": -1.816793893129771, "imu2/acl_x": -0.10773907470703124, "imu2/acl_y": 0.03591302490234375, "imu2/acl_z": 9.689334118652344, "imu2/gyr_x": 3.9923664122137406, "imu2/gyr_y": -1.1908396946564885, "imu2/gyr_z": -1.0076335877862594, "milliseconds": 30821}