{"cam/image_array": "134_cam-image_array_.jpg", "user/angle": 0.0, "user/throttle": -0.04657576587490203, "user/mode": "user", "imu1/acl_x": 0.143652099609375, "imu1/acl_y": -0.06464344482421874, "imu1/acl_z": 12.945448376464842, "imu1/gyr_x": -3.984732824427481, "imu1/gyr_y": 2.198473282442748, "imu1/gyr_z": -2.099236641221374, "imu2/acl_x": -0.00718260498046875, "imu2/acl_y": 0.0143652099609375, "imu2/acl_z": 9.639055883789062, "imu2/gyr_x": 3.885496183206107, "imu2/gyr_y": -1.282442748091603, "imu2/gyr_z": -0.9847328244274809, "milliseconds": 31118}