{"cam/image_array": "210_cam-image_array_.jpg", "user/angle": -0.9571428571428572, "user/throttle": 0.22857142857142887, "user/mode": "user", "imu1/acl_x": 0.10773907470703124, "imu1/acl_y": -0.105344873046875, "imu1/acl_z": 12.928688964843749, "imu1/gyr_x": -3.969465648854962, "imu1/gyr_y": 2.3587786259541983, "imu1/gyr_z": -1.618320610687023, "imu2/acl_x": -0.11731588134765625, "imu2/acl_y": 0.033518823242187495, "imu2/acl_z": 9.670180505371093, "imu2/gyr_x": 3.7709923664122136, "imu2/gyr_y": -1.0610687022900764, "imu2/gyr_z": -1.0916030534351144, "milliseconds": 35773}