{"cam/image_array": "221_cam-image_array_.jpg", "user/angle": 0.0, "user/throttle": -0.014285714285714464, "user/mode": "user", "imu1/acl_x": 0.1292868896484375, "imu1/acl_y": -0.1292868896484375, "imu1/acl_z": 12.974178796386719, "imu1/gyr_x": -3.969465648854962, "imu1/gyr_y": 2.351145038167939, "imu1/gyr_z": -2.2061068702290076, "imu2/acl_x": -0.15322890625, "imu2/acl_y": 0.02154781494140625, "imu2/acl_z": 9.610325463867188, "imu2/gyr_x": 1.9618320610687023, "imu2/gyr_y": -1.3587786259541985, "imu2/gyr_z": -1.0458015267175573, "milliseconds": 36322}