{"cam/image_array": "146_cam-image_array_.jpg", "user/angle": 0.0, "user/throttle": -0.08642629615399038, "user/mode": "user", "imu1/acl_x": 0.105344873046875, "imu1/acl_y": -0.09816226806640624, "imu1/acl_z": 12.916717956542968, "imu1/gyr_x": -1.9618320610687023, "imu1/gyr_y": 2.381679389312977, "imu1/gyr_z": -1.8244274809160306, "imu2/acl_x": -0.11252747802734374, "imu2/acl_y": 0.0526724365234375, "imu2/acl_z": 9.533711010742186, "imu2/gyr_x": 3.7938931297709924, "imu2/gyr_y": -1.2061068702290076, "imu2/gyr_z": -0.8931297709923665, "milliseconds": 31765}