{"cam/image_array": "160_cam-image_array_.jpg", "user/angle": -0.9284766908852591, "user/throttle": 1.0, "user/mode": "user", "imu1/acl_x": 0.009576806640625, "imu1/acl_y": -0.10295067138671875, "imu1/acl_z": 12.765883251953124, "imu1/gyr_x": -1.9770992366412214, "imu1/gyr_y": 2.49618320610687, "imu1/gyr_z": -1.8091603053435115, "imu2/acl_x": -0.12210428466796874, "imu2/acl_y": -0.086191259765625, "imu2/acl_z": 9.631873278808593, "imu2/gyr_x": 3.954198473282443, "imu2/gyr_y": -1.3053435114503817, "imu2/gyr_z": -0.916030534351145, "milliseconds": 32460}