{"cam/image_array": "1_cam-image_array_.jpg", "user/angle": 0.0, "user/throttle": 0.0, "user/mode": "user", "imu1/acl_x": 0.105344873046875, "imu1/acl_y": -0.1292868896484375, "imu1/acl_z": 12.90235274658203, "imu1/gyr_x": -1.9618320610687023, "imu1/gyr_y": 2.4122137404580153, "imu1/gyr_z": -2.045801526717557, "imu2/acl_x": -0.07422025146484375, "imu2/acl_y": 0.02154781494140625, "imu2/acl_z": 9.655815295410155, "imu2/gyr_x": 3.8091603053435112, "imu2/gyr_y": -1.381679389312977, "imu2/gyr_z": -1.015267175572519, "milliseconds": 23469}