{"cam/image_array": "46_cam-image_array_.jpg", "user/angle": 0.0, "user/throttle": 0.0, "user/mode": "user", "imu1/acl_x": 0.181959326171875, "imu1/acl_y": -0.08140285644531249, "imu1/acl_z": 12.9095353515625, "imu1/gyr_x": -3.9389312977099236, "imu1/gyr_y": 2.3740458015267176, "imu1/gyr_z": -1.900763358778626, "imu2/acl_x": -0.12689268798828124, "imu2/acl_y": 0.01915361328125, "imu2/acl_z": 9.706093530273437, "imu2/gyr_x": 3.8625954198473282, "imu2/gyr_y": -1.1526717557251909, "imu2/gyr_z": -0.9312977099236641, "milliseconds": 26613}