{"cam/image_array": "240_cam-image_array_.jpg", "user/angle": 0.037448981258792216, "user/throttle": 1.0, "user/mode": "user", "imu1/acl_x": 0.2920926025390625, "imu1/acl_y": -0.258573779296875, "imu1/acl_z": 12.94065997314453, "imu1/gyr_x": -3.969465648854962, "imu1/gyr_y": 2.3740458015267176, "imu1/gyr_z": -1.9465648854961832, "imu2/acl_x": -0.14604630126953125, "imu2/acl_y": -0.143652099609375, "imu2/acl_z": 9.519345800781249, "imu2/gyr_x": 3.7251908396946565, "imu2/gyr_y": -1.2442748091603053, "imu2/gyr_z": -1.0, "milliseconds": 39154}