{"cam/image_array": "53_cam-image_array_.jpg", "user/angle": 0.0, "user/throttle": 0.0, "user/mode": "user", "imu1/acl_x": 0.0, "imu1/acl_y": -0.08858546142578125, "imu1/acl_z": 12.801796276855468, "imu1/gyr_x": -4.030534351145038, "imu1/gyr_y": 2.427480916030534, "imu1/gyr_z": -1.7251908396946565, "imu2/acl_x": -0.1149216796875, "imu2/acl_y": 0.023942016601562498, "imu2/acl_z": 9.605537060546874, "imu2/gyr_x": 3.8702290076335877, "imu2/gyr_y": -1.2748091603053435, "imu2/gyr_z": -0.9847328244274809, "milliseconds": 26980}