{"cam/image_array": "153_cam-image_array_.jpg", "user/angle": 0.0, "user/throttle": -1.0, "user/mode": "user", "imu1/acl_x": 0.2705447875976562, "imu1/acl_y": -0.028730419921875, "imu1/acl_z": 12.727576025390624, "imu1/gyr_x": -3.9618320610687023, "imu1/gyr_y": 2.4122137404580153, "imu1/gyr_z": -1.9465648854961832, "imu2/acl_x": -0.1197100830078125, "imu2/acl_y": 0.06464344482421874, "imu2/acl_z": 9.624690673828125, "imu2/gyr_x": 3.931297709923664, "imu2/gyr_y": -1.2366412213740459, "imu2/gyr_z": -0.9923664122137404, "milliseconds": 32093}