{"cam/image_array": "603_cam-image_array_.jpg", "user/angle": 0.0, "user/throttle": -0.828571428571428, "user/mode": "user", "imu1/acl_x": 0.16998831787109375, "imu1/acl_y": -0.16041151123046873, "imu1/acl_z": 13.005303417968749, "imu1/gyr_x": -2.015267175572519, "imu1/gyr_y": 2.450381679389313, "imu1/gyr_z": -0.03816793893129771, "imu2/acl_x": -0.09576806640624999, "imu2/acl_y": -0.03591302490234375, "imu2/acl_z": 9.600748657226562, "imu2/gyr_x": 3.7709923664122136, "imu2/gyr_y": -1.1450381679389312, "imu2/gyr_z": -1.0610687022900764, "milliseconds": 64848}