{"cam/image_array": "771_cam-image_array_.jpg", "user/angle": 0.0, "user/throttle": 0.0, "user/mode": "user", "imu1/acl_x": 0.10295067138671875, "imu1/acl_y": -0.040701428222656245, "imu1/acl_z": 12.955025183105468, "imu1/gyr_x": -3.877862595419847, "imu1/gyr_y": 2.3740458015267176, "imu1/gyr_z": -0.06870229007633588, "imu2/acl_x": -0.08858546142578125, "imu2/acl_y": -0.011971008300781249, "imu2/acl_z": 9.617508068847656, "imu2/gyr_x": 3.9160305343511452, "imu2/gyr_y": -1.2595419847328244, "imu2/gyr_z": -0.8931297709923665, "milliseconds": 75974}