{"cam/image_array": "301_cam-image_array_.jpg", "user/angle": 0.0, "user/throttle": -0.7999999999999999, "user/mode": "user", "imu1/acl_x": 0.19153613281249998, "imu1/acl_y": -0.143652099609375, "imu1/acl_z": 13.01727442626953, "imu1/gyr_x": -3.946564885496183, "imu1/gyr_y": 2.366412213740458, "imu1/gyr_z": -1.984732824427481, "imu2/acl_x": -0.07900865478515624, "imu2/acl_y": 0.033518823242187495, "imu2/acl_z": 9.718064538574218, "imu2/gyr_x": 3.7251908396946565, "imu2/gyr_y": -1.3969465648854962, "imu2/gyr_z": -0.9312977099236641, "milliseconds": 46156}