{"cam/image_array": "218_cam-image_array_.jpg", "user/angle": 0.0, "user/throttle": -0.24227530306651535, "user/mode": "user", "imu1/acl_x": 0.13168109130859373, "imu1/acl_y": -0.05746083984375, "imu1/acl_z": 12.97896719970703, "imu1/gyr_x": -1.9923664122137406, "imu1/gyr_y": 2.236641221374046, "imu1/gyr_z": -1.9236641221374047, "imu2/acl_x": -0.10773907470703124, "imu2/acl_y": -0.023942016601562498, "imu2/acl_z": 9.562441430664062, "imu2/gyr_x": 5.8396946564885495, "imu2/gyr_y": -1.3206106870229009, "imu2/gyr_z": -0.9007633587786259, "milliseconds": 41094}