{"cam/image_array": "779_cam-image_array_.jpg", "user/angle": 0.0, "user/throttle": -1.0, "user/mode": "user", "imu1/acl_x": 0.18914193115234373, "imu1/acl_y": -0.08379705810546874, "imu1/acl_z": 12.950236779785156, "imu1/gyr_x": -4.0534351145038165, "imu1/gyr_y": 2.3282442748091605, "imu1/gyr_z": -2.0381679389312977, "imu2/acl_x": -0.1197100830078125, "imu2/acl_y": 0.0383072265625, "imu2/acl_z": 9.670180505371093, "imu2/gyr_x": 3.7022900763358777, "imu2/gyr_y": -1.1984732824427482, "imu2/gyr_z": -1.0305343511450382, "milliseconds": 76386}