{"cam/image_array": "656_cam-image_array_.jpg", "user/angle": 0.0, "user/throttle": 0.0, "user/mode": "user", "imu1/acl_x": 0.13646949462890623, "imu1/acl_y": -0.143652099609375, "imu1/acl_z": 12.914323754882812, "imu1/gyr_x": -3.877862595419847, "imu1/gyr_y": 2.2442748091603053, "imu1/gyr_z": -1.9541984732824427, "imu2/acl_x": -0.07900865478515624, "imu2/acl_y": 0.031124621582031248, "imu2/acl_z": 9.595960253906249, "imu2/gyr_x": 3.801526717557252, "imu2/gyr_y": -1.183206106870229, "imu2/gyr_z": -1.0687022900763359, "milliseconds": 68247}