{"cam/image_array": "717_cam-image_array_.jpg", "user/angle": 0.0, "user/throttle": -1.0, "user/mode": "user", "imu1/acl_x": 0.1292868896484375, "imu1/acl_y": -0.10295067138671875, "imu1/acl_z": 12.897564343261719, "imu1/gyr_x": -4.022900763358779, "imu1/gyr_y": 2.3206106870229006, "imu1/gyr_z": -1.786259541984733, "imu2/acl_x": -0.28490999755859375, "imu2/acl_y": 0.07422025146484375, "imu2/acl_z": 9.70369932861328, "imu2/gyr_x": 3.854961832061069, "imu2/gyr_y": -1.0763358778625953, "imu2/gyr_z": -1.0763358778625953, "milliseconds": 72497}