{"cam/image_array": "744_cam-image_array_.jpg", "user/angle": 0.0, "user/throttle": -1.0, "user/mode": "user", "imu1/acl_x": 0.19153613281249998, "imu1/acl_y": -0.1005564697265625, "imu1/acl_z": 12.914323754882812, "imu1/gyr_x": -3.984732824427481, "imu1/gyr_y": 2.3435114503816794, "imu1/gyr_z": -2.015267175572519, "imu2/acl_x": -0.1484405029296875, "imu2/acl_y": -0.031124621582031248, "imu2/acl_z": 9.629479077148437, "imu2/gyr_x": 3.854961832061069, "imu2/gyr_y": -1.2442748091603053, "imu2/gyr_z": -1.0916030534351144, "milliseconds": 74585}