{"cam/image_array": "573_cam-image_array_.jpg", "user/angle": 0.0, "user/throttle": 0.0, "user/mode": "user", "imu1/acl_x": 0.12689268798828124, "imu1/acl_y": -0.07422025146484375, "imu1/acl_z": 12.895170141601561, "imu1/gyr_x": -3.8931297709923665, "imu1/gyr_y": 2.2213740458015265, "imu1/gyr_z": -1.8091603053435115, "imu2/acl_x": -0.06703764648437499, "imu2/acl_y": -0.02154781494140625, "imu2/acl_z": 9.660603698730467, "imu2/gyr_x": 3.7938931297709924, "imu2/gyr_y": -1.2442748091603053, "imu2/gyr_z": -1.0076335877862594, "milliseconds": 62716}