{"cam/image_array": "467_cam-image_array_.jpg", "user/angle": 0.0, "user/throttle": -1.0, "user/mode": "user", "imu1/acl_x": 0.15083470458984374, "imu1/acl_y": -0.08858546142578125, "imu1/acl_z": 12.842497705078124, "imu1/gyr_x": -3.8244274809160306, "imu1/gyr_y": 2.2977099236641223, "imu1/gyr_z": -1.8396946564885497, "imu2/acl_x": -0.2825157958984375, "imu2/acl_y": -0.00239420166015625, "imu2/acl_z": 9.612719665527344, "imu2/gyr_x": 3.7938931297709924, "imu2/gyr_y": -1.1221374045801527, "imu2/gyr_z": -0.9541984732824428, "milliseconds": 56199}