{"cam/image_array": "194_cam-image_array_.jpg", "user/angle": -1.0, "user/throttle": 0.828571428571428, "user/mode": "user", "imu1/acl_x": 0.30406361083984373, "imu1/acl_y": -0.086191259765625, "imu1/acl_z": 12.871228125, "imu1/gyr_x": -5.809160305343512, "imu1/gyr_y": 2.3587786259541983, "imu1/gyr_z": -1.7786259541984732, "imu2/acl_x": -0.086191259765625, "imu2/acl_y": 0.040701428222656245, "imu2/acl_z": 9.603142858886718, "imu2/gyr_x": 3.816793893129771, "imu2/gyr_y": -1.1374045801526718, "imu2/gyr_z": -1.015267175572519, "milliseconds": 38594}