{"cam/image_array": "494_cam-image_array_.jpg", "user/angle": 0.1266487659419878, "user/throttle": 1.0, "user/mode": "user", "imu1/acl_x": 0.12689268798828124, "imu1/acl_y": -0.06703764648437499, "imu1/acl_z": 12.959813586425781, "imu1/gyr_x": -4.0534351145038165, "imu1/gyr_y": 2.2519083969465647, "imu1/gyr_z": -1.8778625954198473, "imu2/acl_x": -0.12449848632812499, "imu2/acl_y": 0.00718260498046875, "imu2/acl_z": 9.658209497070311, "imu2/gyr_x": 3.8625954198473282, "imu2/gyr_y": -1.2900763358778626, "imu2/gyr_z": -0.8396946564885496, "milliseconds": 57583}