{"cam/image_array": "660_cam-image_array_.jpg", "user/angle": -0.07142857142857141, "user/throttle": 0.1, "user/mode": "user", "imu1/acl_x": 0.14125789794921875, "imu1/acl_y": -0.055066638183593745, "imu1/acl_z": 13.007697619628905, "imu1/gyr_x": -3.8473282442748094, "imu1/gyr_y": 2.3969465648854964, "imu1/gyr_z": -1.7633587786259541, "imu2/acl_x": -0.10773907470703124, "imu2/acl_y": 0.033518823242187495, "imu2/acl_z": 9.672574707031249, "imu2/gyr_x": 3.7404580152671754, "imu2/gyr_y": -1.2290076335877862, "imu2/gyr_z": -1.0610687022900764, "milliseconds": 68450}