{"cam/image_array": "495_cam-image_array_.jpg", "user/angle": 0.0, "user/throttle": -1.0, "user/mode": "user", "imu1/acl_x": 0.16519991455078123, "imu1/acl_y": -0.08858546142578125, "imu1/acl_z": 12.955025183105468, "imu1/gyr_x": -5.755725190839694, "imu1/gyr_y": 2.2519083969465647, "imu1/gyr_z": -1.9694656488549618, "imu2/acl_x": -0.15562310791015624, "imu2/acl_y": 0.00239420166015625, "imu2/acl_z": 9.634267480468749, "imu2/gyr_x": 3.816793893129771, "imu2/gyr_y": -1.297709923664122, "imu2/gyr_z": -1.0687022900763359, "milliseconds": 57623}