{"cam/image_array": "487_cam-image_array_.jpg", "user/angle": 0.0, "user/throttle": -0.057142857142856884, "user/mode": "user", "imu1/acl_x": 0.29448680419921874, "imu1/acl_y": -0.1149216796875, "imu1/acl_z": 12.899958544921875, "imu1/gyr_x": -4.099236641221374, "imu1/gyr_y": 2.282442748091603, "imu1/gyr_z": -2.0229007633587788, "imu2/acl_x": -0.1388636962890625, "imu2/acl_y": 0.00239420166015625, "imu2/acl_z": 9.689334118652344, "imu2/gyr_x": 3.6106870229007635, "imu2/gyr_y": -1.2748091603053435, "imu2/gyr_z": -0.9694656488549618, "milliseconds": 57222}