{"cam/image_array": "873_cam-image_array_.jpg", "user/angle": 0.0, "user/throttle": -0.21078522124227445, "user/mode": "user", "imu1/acl_x": 0.16280571289062498, "imu1/acl_y": -0.11252747802734374, "imu1/acl_z": 12.938265771484375, "imu1/gyr_x": -2.0381679389312977, "imu1/gyr_y": 2.2290076335877864, "imu1/gyr_z": -1.8015267175572518, "imu2/acl_x": -0.13407529296874998, "imu2/acl_y": 0.02633621826171875, "imu2/acl_z": 9.5001921875, "imu2/gyr_x": 3.7938931297709924, "imu2/gyr_y": -1.1603053435114503, "imu2/gyr_z": -0.9694656488549618, "milliseconds": 82369}