{"cam/image_array": "387_cam-image_array_.jpg", "user/angle": -0.7857142857142857, "user/throttle": 0.04285714285714283, "user/mode": "user", "imu1/acl_x": 0.17477672119140625, "imu1/acl_y": -0.10295067138671875, "imu1/acl_z": 12.816161486816405, "imu1/gyr_x": -3.8244274809160306, "imu1/gyr_y": 2.3053435114503817, "imu1/gyr_z": -1.748091603053435, "imu2/acl_x": -0.12689268798828124, "imu2/acl_y": 0.011971008300781249, "imu2/acl_z": 9.639055883789062, "imu2/gyr_x": 3.6564885496183206, "imu2/gyr_y": -1.2900763358778626, "imu2/gyr_z": -0.916030534351145, "milliseconds": 51564}