{"cam/image_array": "40_cam-image_array_.jpg", "user/angle": 0.0, "user/throttle": -0.045095754356909726, "user/mode": "user", "imu1/acl_x": 0.06464344482421874, "imu1/acl_y": -0.11731588134765625, "imu1/acl_z": 12.871228125, "imu1/gyr_x": -3.9618320610687023, "imu1/gyr_y": 2.450381679389313, "imu1/gyr_z": -2.030534351145038, "imu2/acl_x": -0.16041151123046873, "imu2/acl_y": 0.04548983154296875, "imu2/acl_z": 9.595960253906249, "imu2/gyr_x": 3.648854961832061, "imu2/gyr_y": -1.3282442748091603, "imu2/gyr_z": -0.9389312977099237, "milliseconds": 28215}