{"cam/image_array": "836_cam-image_array_.jpg", "user/angle": 0.0, "user/throttle": -1.0, "user/mode": "user", "imu1/acl_x": 0.105344873046875, "imu1/acl_y": -0.06464344482421874, "imu1/acl_z": 12.9095353515625, "imu1/gyr_x": -3.854961832061069, "imu1/gyr_y": 2.312977099236641, "imu1/gyr_z": -1.8549618320610688, "imu2/acl_x": -0.09576806640624999, "imu2/acl_y": 0.028730419921875, "imu2/acl_z": 9.627084875488281, "imu2/gyr_x": 3.7557251908396947, "imu2/gyr_y": -1.213740458015267, "imu2/gyr_z": -1.0916030534351144, "milliseconds": 79856}