{"cam/image_array": "995_cam-image_array_.jpg", "user/angle": 0.10859306069076766, "user/throttle": 1.0, "user/mode": "user", "imu1/acl_x": 0.18435352783203124, "imu1/acl_y": -0.06464344482421874, "imu1/acl_z": 12.974178796386719, "imu1/gyr_x": -3.8244274809160306, "imu1/gyr_y": 2.3893129770992365, "imu1/gyr_z": -2.0610687022900764, "imu2/acl_x": -0.00718260498046875, "imu2/acl_y": 0.011971008300781249, "imu2/acl_z": 9.586383447265625, "imu2/gyr_x": 3.854961832061069, "imu2/gyr_y": -1.282442748091603, "imu2/gyr_z": -0.9847328244274809, "milliseconds": 96402}