{"cam/image_array": "477_cam-image_array_.jpg", "user/angle": 0.0, "user/throttle": -0.5998476680203341, "user/mode": "user", "imu1/acl_x": 0.143652099609375, "imu1/acl_y": -0.1149216796875, "imu1/acl_z": 12.866439721679686, "imu1/gyr_x": -1.9923664122137406, "imu1/gyr_y": 2.3587786259541983, "imu1/gyr_z": -2.0229007633587788, "imu2/acl_x": -0.1005564697265625, "imu2/acl_y": -0.02154781494140625, "imu2/acl_z": 9.631873278808593, "imu2/gyr_x": 3.7251908396946565, "imu2/gyr_y": -1.3511450381679388, "imu2/gyr_z": -1.015267175572519, "milliseconds": 56706}