{"cam/image_array": "307_cam-image_array_.jpg", "user/angle": 0.0, "user/throttle": -1.0, "user/mode": "user", "imu1/acl_x": 0.1292868896484375, "imu1/acl_y": -0.11252747802734374, "imu1/acl_z": 12.931083166503905, "imu1/gyr_x": -3.954198473282443, "imu1/gyr_y": 2.4580152671755724, "imu1/gyr_z": -1.83206106870229, "imu2/acl_x": -0.105344873046875, "imu2/acl_y": 0.062249243164062495, "imu2/acl_z": 9.540893615722656, "imu2/gyr_x": 3.8473282442748094, "imu2/gyr_y": -1.4045801526717556, "imu2/gyr_z": -0.9389312977099237, "milliseconds": 46452}