{"cam/image_array": "152_cam-image_array_.jpg", "user/angle": 0.0, "user/throttle": -0.09992009587217826, "user/mode": "user", "imu1/acl_x": 0.02154781494140625, "imu1/acl_y": -0.08379705810546874, "imu1/acl_z": 12.94065997314453, "imu1/gyr_x": -3.816793893129771, "imu1/gyr_y": 2.3740458015267176, "imu1/gyr_z": -1.8473282442748091, "imu2/acl_x": -0.26336218261718747, "imu2/acl_y": -0.12210428466796874, "imu2/acl_z": 9.617508068847656, "imu2/gyr_x": 3.687022900763359, "imu2/gyr_y": -1.3511450381679388, "imu2/gyr_z": -1.0763358778625953, "milliseconds": 36418}