{"cam/image_array": "874_cam-image_array_.jpg", "user/angle": 0.0, "user/throttle": -0.2142857142857143, "user/mode": "user", "imu1/acl_x": 0.15322890625, "imu1/acl_y": -0.055066638183593745, "imu1/acl_z": 12.916717956542968, "imu1/gyr_x": -2.0, "imu1/gyr_y": 2.3206106870229006, "imu1/gyr_z": -0.022900763358778626, "imu2/acl_x": -0.21308394775390624, "imu2/acl_y": 0.016759411621093748, "imu2/acl_z": 9.639055883789062, "imu2/gyr_x": 3.786259541984733, "imu2/gyr_y": -1.4122137404580153, "imu2/gyr_z": -0.8931297709923665, "milliseconds": 82414}