{"cam/image_array": "778_cam-image_array_.jpg", "user/angle": 0.0, "user/throttle": 0.0, "user/mode": "user", "imu1/acl_x": 0.14125789794921875, "imu1/acl_y": -0.086191259765625, "imu1/acl_z": 12.811373083496093, "imu1/gyr_x": -3.946564885496183, "imu1/gyr_y": 2.312977099236641, "imu1/gyr_z": -3.8931297709923665, "imu2/acl_x": -0.1292868896484375, "imu2/acl_y": 0.031124621582031248, "imu2/acl_z": 9.662997900390625, "imu2/gyr_x": 4.0, "imu2/gyr_y": -1.083969465648855, "imu2/gyr_z": -0.9541984732824428, "milliseconds": 76321}