{"cam/image_array": "448_cam-image_array_.jpg", "user/angle": 0.0, "user/throttle": -1.0, "user/mode": "user", "imu1/acl_x": 0.09816226806640624, "imu1/acl_y": -0.040701428222656245, "imu1/acl_z": 12.998120812988281, "imu1/gyr_x": -3.83206106870229, "imu1/gyr_y": 2.3740458015267176, "imu1/gyr_z": -1.9923664122137406, "imu2/acl_x": -0.12689268798828124, "imu2/acl_y": 0.05985504150390625, "imu2/acl_z": 9.72285294189453, "imu2/gyr_x": 4.015267175572519, "imu2/gyr_y": -1.3053435114503817, "imu2/gyr_z": -1.0229007633587786, "milliseconds": 55185}