{"cam/image_array": "444_cam-image_array_.jpg", "user/angle": 0.0, "user/throttle": -1.0, "user/mode": "user", "imu1/acl_x": 0.11013327636718749, "imu1/acl_y": -0.1005564697265625, "imu1/acl_z": 12.873622326660156, "imu1/gyr_x": -3.8473282442748094, "imu1/gyr_y": 2.267175572519084, "imu1/gyr_z": -1.7557251908396947, "imu2/acl_x": -0.0909796630859375, "imu2/acl_y": -0.1388636962890625, "imu2/acl_z": 9.706093530273437, "imu2/gyr_x": 3.7557251908396947, "imu2/gyr_y": -1.2671755725190839, "imu2/gyr_z": -0.8854961832061069, "milliseconds": 54979}