{"cam/image_array": "1_cam-image_array_.jpg", "user/angle": 0.0, "user/throttle": 0.0, "user/mode": "user", "imu1/acl_x": 0.011971008300781249, "imu1/acl_y": -0.08140285644531249, "imu1/acl_z": 12.945448376464842, "imu1/gyr_x": -3.8473282442748094, "imu1/gyr_y": 2.2519083969465647, "imu1/gyr_z": -2.068702290076336, "imu2/acl_x": -0.13646949462890623, "imu2/acl_y": -0.028730419921875, "imu2/acl_z": 9.648632690429688, "imu2/gyr_x": 3.7786259541984735, "imu2/gyr_y": -1.1755725190839694, "imu2/gyr_z": -0.9618320610687023, "milliseconds": 26198}