{"cam/image_array": "576_cam-image_array_.jpg", "user/angle": 0.0, "user/throttle": -1.0, "user/mode": "user", "imu1/acl_x": 0.1484405029296875, "imu1/acl_y": -0.0383072265625, "imu1/acl_z": 12.804190478515624, "imu1/gyr_x": -3.877862595419847, "imu1/gyr_y": 2.404580152671756, "imu1/gyr_z": -2.0610687022900764, "imu2/acl_x": -0.0909796630859375, "imu2/acl_y": -0.0047884033203125, "imu2/acl_z": 9.677363110351562, "imu2/gyr_x": 3.7251908396946565, "imu2/gyr_y": -1.251908396946565, "imu2/gyr_z": -0.9465648854961832, "milliseconds": 62848}