{"cam/image_array": "691_cam-image_array_.jpg", "user/angle": 0.0, "user/throttle": -0.6571428571428574, "user/mode": "user", "imu1/acl_x": 0.13168109130859373, "imu1/acl_y": -0.12449848632812499, "imu1/acl_z": 12.86404552001953, "imu1/gyr_x": -5.809160305343512, "imu1/gyr_y": 2.450381679389313, "imu1/gyr_z": -3.8931297709923665, "imu2/acl_x": -0.1388636962890625, "imu2/acl_y": 0.016759411621093748, "imu2/acl_z": 9.60793126220703, "imu2/gyr_x": 3.732824427480916, "imu2/gyr_y": -1.1984732824427482, "imu2/gyr_z": -1.015267175572519, "milliseconds": 70061}