{"cam/image_array": "584_cam-image_array_.jpg", "user/angle": 0.0, "user/throttle": -1.0, "user/mode": "user", "imu1/acl_x": 0.13646949462890623, "imu1/acl_y": -0.05985504150390625, "imu1/acl_z": 12.962207788085937, "imu1/gyr_x": -5.824427480916031, "imu1/gyr_y": 2.4122137404580153, "imu1/gyr_z": -0.007633587786259542, "imu2/acl_x": -0.17238251953125, "imu2/acl_y": -0.0047884033203125, "imu2/acl_z": 9.6917283203125, "imu2/gyr_x": 3.763358778625954, "imu2/gyr_y": -1.3893129770992367, "imu2/gyr_z": -1.0916030534351144, "milliseconds": 63262}