{"cam/image_array": "134_cam-image_array_.jpg", "user/angle": 0.8428571428571432, "user/throttle": 1.0, "user/mode": "user", "imu1/acl_x": 0.1292868896484375, "imu1/acl_y": -0.08858546142578125, "imu1/acl_z": 12.933477368164061, "imu1/gyr_x": -3.885496183206107, "imu1/gyr_y": 2.4198473282442747, "imu1/gyr_z": -2.099236641221374, "imu2/acl_x": -0.13407529296874998, "imu2/acl_y": 0.02633621826171875, "imu2/acl_z": 9.701305126953125, "imu2/gyr_x": 3.7709923664122136, "imu2/gyr_y": -1.2366412213740459, "imu2/gyr_z": -0.9770992366412213, "milliseconds": 34833}