{"cam/image_array": "244_cam-image_array_.jpg", "user/angle": 0.0, "user/throttle": 0.0, "user/mode": "user", "imu1/acl_x": 0.10295067138671875, "imu1/acl_y": -0.05746083984375, "imu1/acl_z": 12.943054174804686, "imu1/gyr_x": -3.6259541984732824, "imu1/gyr_y": 2.267175572519084, "imu1/gyr_z": -3.816793893129771, "imu2/acl_x": -0.105344873046875, "imu2/acl_y": 0.009576806640625, "imu2/acl_z": 9.756371765136718, "imu2/gyr_x": 3.7938931297709924, "imu2/gyr_y": -1.4427480916030535, "imu2/gyr_z": -1.0305343511450382, "milliseconds": 42456}