{"cam/image_array": "555_cam-image_array_.jpg", "user/angle": -1.0, "user/throttle": 0.4714285714285711, "user/mode": "user", "imu1/acl_x": 0.14125789794921875, "imu1/acl_y": -0.105344873046875, "imu1/acl_z": 13.000515014648437, "imu1/gyr_x": -3.8244274809160306, "imu1/gyr_y": 2.282442748091603, "imu1/gyr_z": -1.9770992366412214, "imu2/acl_x": -0.10295067138671875, "imu2/acl_y": 0.02633621826171875, "imu2/acl_z": 9.622296472167967, "imu2/gyr_x": 5.8396946564885495, "imu2/gyr_y": -1.213740458015267, "imu2/gyr_z": -0.8778625954198473, "milliseconds": 60719}