{"cam/image_array": "743_cam-image_array_.jpg", "user/angle": 0.0, "user/throttle": -1.0, "user/mode": "user", "imu1/acl_x": 0.296881005859375, "imu1/acl_y": -0.09337386474609374, "imu1/acl_z": 13.005303417968749, "imu1/gyr_x": -4.061068702290076, "imu1/gyr_y": 2.4656488549618323, "imu1/gyr_z": -2.0610687022900764, "imu2/acl_x": -0.1149216796875, "imu2/acl_y": 0.009576806640625, "imu2/acl_z": 9.579200842285156, "imu2/gyr_x": 3.66412213740458, "imu2/gyr_y": -1.2442748091603053, "imu2/gyr_z": -0.9541984732824428, "milliseconds": 74547}