{"cam/image_array": "247_cam-image_array_.jpg", "user/angle": 0.3100868364730208, "user/throttle": 1.0, "user/mode": "user", "imu1/acl_x": 0.13168109130859373, "imu1/acl_y": -0.07422025146484375, "imu1/acl_z": 12.734758630371093, "imu1/gyr_x": -1.9694656488549618, "imu1/gyr_y": 2.2442748091603053, "imu1/gyr_z": -1.9465648854961832, "imu2/acl_x": -0.13407529296874998, "imu2/acl_y": 0.04548983154296875, "imu2/acl_z": 9.593566052246093, "imu2/gyr_x": 3.8625954198473282, "imu2/gyr_y": -1.1526717557251909, "imu2/gyr_z": -1.0458015267175573, "milliseconds": 42601}