{"cam/image_array": "208_cam-image_array_.jpg", "user/angle": -1.0, "user/throttle": 1.0, "user/mode": "user", "imu1/acl_x": 0.13646949462890623, "imu1/acl_y": -0.0430956298828125, "imu1/acl_z": 12.938265771484375, "imu1/gyr_x": -3.7938931297709924, "imu1/gyr_y": 2.404580152671756, "imu1/gyr_z": -2.0610687022900764, "imu2/acl_x": -0.1580173095703125, "imu2/acl_y": 0.1388636962890625, "imu2/acl_z": 9.60793126220703, "imu2/gyr_x": 3.9083969465648853, "imu2/gyr_y": -1.1755725190839694, "imu2/gyr_z": -0.9618320610687023, "milliseconds": 39337}