{"cam/image_array": "508_cam-image_array_.jpg", "user/angle": -0.30000000000000004, "user/throttle": 0.38571428571428573, "user/mode": "user", "imu1/acl_x": 0.1197100830078125, "imu1/acl_y": -0.086191259765625, "imu1/acl_z": 12.945448376464842, "imu1/gyr_x": -3.9618320610687023, "imu1/gyr_y": 2.267175572519084, "imu1/gyr_z": -1.7786259541984732, "imu2/acl_x": -0.13646949462890623, "imu2/acl_y": 0.009576806640625, "imu2/acl_z": 9.701305126953125, "imu2/gyr_x": 3.9618320610687023, "imu2/gyr_y": -1.1984732824427482, "imu2/gyr_z": -0.9236641221374046, "milliseconds": 58296}