{"cam/image_array": "997_cam-image_array_.jpg", "user/angle": 1.0, "user/throttle": 1.0, "user/mode": "user", "imu1/acl_x": 0.12210428466796874, "imu1/acl_y": -0.06943184814453125, "imu1/acl_z": 12.861651318359375, "imu1/gyr_x": -3.786259541984733, "imu1/gyr_y": 2.267175572519084, "imu1/gyr_z": -1.900763358778626, "imu2/acl_x": -0.0909796630859375, "imu2/acl_y": -0.00718260498046875, "imu2/acl_z": 9.629479077148437, "imu2/gyr_x": 3.763358778625954, "imu2/gyr_y": -1.381679389312977, "imu2/gyr_z": -0.9694656488549618, "milliseconds": 96504}