{"cam/image_array": "315_cam-image_array_.jpg", "user/angle": 0.0, "user/throttle": -0.06790971423737131, "user/mode": "user", "imu1/acl_x": 0.07900865478515624, "imu1/acl_y": -0.05027823486328125, "imu1/acl_z": 12.86404552001953, "imu1/gyr_x": -3.763358778625954, "imu1/gyr_y": 2.2213740458015265, "imu1/gyr_z": -2.030534351145038, "imu2/acl_x": -0.27293898925781246, "imu2/acl_y": 0.05746083984375, "imu2/acl_z": 9.730035546875, "imu2/gyr_x": 3.732824427480916, "imu2/gyr_y": -1.1221374045801527, "imu2/gyr_z": -1.083969465648855, "milliseconds": 46874}