{"cam/image_array": "911_cam-image_array_.jpg", "user/angle": 0.0, "user/throttle": 0.0, "user/mode": "user", "imu1/acl_x": 0.1005564697265625, "imu1/acl_y": -0.11252747802734374, "imu1/acl_z": 12.904746948242186, "imu1/gyr_x": -3.9923664122137406, "imu1/gyr_y": 2.351145038167939, "imu1/gyr_z": -1.7633587786259541, "imu2/acl_x": -0.2609679809570312, "imu2/acl_y": 0.05985504150390625, "imu2/acl_z": 9.718064538574218, "imu2/gyr_x": 3.854961832061069, "imu2/gyr_y": -1.2442748091603053, "imu2/gyr_z": -1.0458015267175573, "milliseconds": 85656}