{"cam/image_array": "633_cam-image_array_.jpg", "user/angle": 1.0, "user/throttle": 1.0, "user/mode": "user", "imu1/acl_x": 0.18435352783203124, "imu1/acl_y": -0.09576806640624999, "imu1/acl_z": 12.9095353515625, "imu1/gyr_x": -4.0534351145038165, "imu1/gyr_y": 2.3206106870229006, "imu1/gyr_z": -1.7328244274809161, "imu2/acl_x": -0.1388636962890625, "imu2/acl_y": 0.033518823242187495, "imu2/acl_z": 9.749189160156249, "imu2/gyr_x": 5.8320610687022905, "imu2/gyr_y": -1.2671755725190839, "imu2/gyr_z": -1.0229007633587786, "milliseconds": 66387}