{"cam/image_array": "769_cam-image_array_.jpg", "user/angle": -0.5714285714285714, "user/throttle": 0.3714285714285715, "user/mode": "user", "imu1/acl_x": 0.12689268798828124, "imu1/acl_y": -0.086191259765625, "imu1/acl_z": 12.897564343261719, "imu1/gyr_x": -4.0534351145038165, "imu1/gyr_y": 2.3893129770992365, "imu1/gyr_z": -1.7404580152671756, "imu2/acl_x": -0.13407529296874998, "imu2/acl_y": 0.00239420166015625, "imu2/acl_z": 9.674968908691406, "imu2/gyr_x": 3.8702290076335877, "imu2/gyr_y": -1.2290076335877862, "imu2/gyr_z": -1.0305343511450382, "milliseconds": 75866}