{"cam/image_array": "184_cam-image_array_.jpg", "user/angle": 0.0, "user/throttle": 0.0, "user/mode": "user", "imu1/acl_x": 0.09816226806640624, "imu1/acl_y": -0.10773907470703124, "imu1/acl_z": 12.830526696777342, "imu1/gyr_x": -3.9389312977099236, "imu1/gyr_y": 2.183206106870229, "imu1/gyr_z": -1.816793893129771, "imu2/acl_x": -0.15083470458984374, "imu2/acl_y": -0.0143652099609375, "imu2/acl_z": 9.507374792480467, "imu2/gyr_x": 3.7099236641221376, "imu2/gyr_y": -1.2366412213740459, "imu2/gyr_z": -0.9923664122137404, "milliseconds": 38083}