{"cam/image_array": "396_cam-image_array_.jpg", "user/angle": -0.4428571428571429, "user/throttle": 0.6285714285714286, "user/mode": "user", "imu1/acl_x": 0.16759411621093748, "imu1/acl_y": -0.12689268798828124, "imu1/acl_z": 12.916717956542968, "imu1/gyr_x": -3.7938931297709924, "imu1/gyr_y": 2.2748091603053435, "imu1/gyr_z": -0.007633587786259542, "imu2/acl_x": -0.12210428466796874, "imu2/acl_y": 0.03591302490234375, "imu2/acl_z": 9.686939916992188, "imu2/gyr_x": 3.877862595419847, "imu2/gyr_y": -1.16793893129771, "imu2/gyr_z": -0.9007633587786259, "milliseconds": 52010}