{"cam/image_array": "284_cam-image_array_.jpg", "user/angle": 0.0, "user/throttle": -1.0, "user/mode": "user", "imu1/acl_x": 0.1005564697265625, "imu1/acl_y": -0.08858546142578125, "imu1/acl_z": 13.105859887695312, "imu1/gyr_x": -4.0458015267175576, "imu1/gyr_y": 2.282442748091603, "imu1/gyr_z": -2.0229007633587788, "imu2/acl_x": -0.16759411621093748, "imu2/acl_y": 0.09816226806640624, "imu2/acl_z": 9.672574707031249, "imu2/gyr_x": 3.717557251908397, "imu2/gyr_y": -1.2366412213740459, "imu2/gyr_z": -1.0916030534351144, "milliseconds": 45302}