{"cam/image_array": "747_cam-image_array_.jpg", "user/angle": 0.0, "user/throttle": -1.0, "user/mode": "user", "imu1/acl_x": 0.12210428466796874, "imu1/acl_y": -0.08379705810546874, "imu1/acl_z": 12.943054174804686, "imu1/gyr_x": -3.877862595419847, "imu1/gyr_y": 2.3740458015267176, "imu1/gyr_z": -1.8015267175572518, "imu2/acl_x": -0.086191259765625, "imu2/acl_y": 0.033518823242187495, "imu2/acl_z": 9.698910925292969, "imu2/gyr_x": 3.786259541984733, "imu2/gyr_y": -1.3358778625954197, "imu2/gyr_z": -1.1297709923664123, "milliseconds": 74750}