{"cam/image_array": "787_cam-image_array_.jpg", "user/angle": 0.0, "user/throttle": -1.0, "user/mode": "user", "imu1/acl_x": 0.12449848632812499, "imu1/acl_y": -0.10295067138671875, "imu1/acl_z": 12.85207451171875, "imu1/gyr_x": -4.030534351145038, "imu1/gyr_y": 2.3740458015267176, "imu1/gyr_z": -3.900763358778626, "imu2/acl_x": -0.08858546142578125, "imu2/acl_y": -0.05746083984375, "imu2/acl_z": 9.662997900390625, "imu2/gyr_x": 3.7557251908396947, "imu2/gyr_y": -1.3740458015267176, "imu2/gyr_z": -0.916030534351145, "milliseconds": 76794}