{"cam/image_array": "472_cam-image_array_.jpg", "user/angle": 0.0, "user/throttle": -1.0, "user/mode": "user", "imu1/acl_x": 0.13168109130859373, "imu1/acl_y": -0.05746083984375, "imu1/acl_z": 12.828132495117186, "imu1/gyr_x": -4.00763358778626, "imu1/gyr_y": 2.4732824427480917, "imu1/gyr_z": -0.030534351145038167, "imu2/acl_x": -0.13646949462890623, "imu2/acl_y": 0.033518823242187495, "imu2/acl_z": 9.627084875488281, "imu2/gyr_x": 3.6946564885496183, "imu2/gyr_y": -1.1755725190839694, "imu2/gyr_z": -0.9236641221374046, "milliseconds": 56431}