{"cam/image_array": "391_cam-image_array_.jpg", "user/angle": 1.0, "user/throttle": 0.8543576577167606, "user/mode": "user", "imu1/acl_x": 0.08858546142578125, "imu1/acl_y": -0.2609679809570312, "imu1/acl_z": 13.002909216308593, "imu1/gyr_x": -3.969465648854962, "imu1/gyr_y": 2.267175572519084, "imu1/gyr_z": -1.816793893129771, "imu2/acl_x": -0.17477672119140625, "imu2/acl_y": -0.009576806640625, "imu2/acl_z": 9.792284790039062, "imu2/gyr_x": 3.7022900763358777, "imu2/gyr_y": -1.3587786259541985, "imu2/gyr_z": -1.0534351145038168, "milliseconds": 51738}