{"cam/image_array": "234_cam-image_array_.jpg", "user/angle": -0.028571428571428276, "user/throttle": 1.0, "user/mode": "user", "imu1/acl_x": 0.1388636962890625, "imu1/acl_y": -0.01915361328125, "imu1/acl_z": 12.919112158203124, "imu1/gyr_x": -2.0076335877862594, "imu1/gyr_y": 2.2290076335877864, "imu1/gyr_z": -1.8702290076335877, "imu2/acl_x": -0.13646949462890623, "imu2/acl_y": -0.05985504150390625, "imu2/acl_z": 9.787496386718749, "imu2/gyr_x": 3.7938931297709924, "imu2/gyr_y": -1.1755725190839694, "imu2/gyr_z": -1.2290076335877862, "milliseconds": 41928}