{"cam/image_array": "941_cam-image_array_.jpg", "user/angle": 0.0, "user/throttle": -0.014285714285713735, "user/mode": "user", "imu1/acl_x": 0.1197100830078125, "imu1/acl_y": -0.062249243164062495, "imu1/acl_z": 12.969390393066405, "imu1/gyr_x": -3.946564885496183, "imu1/gyr_y": 2.427480916030534, "imu1/gyr_z": -1.7709923664122138, "imu2/acl_x": -0.11013327636718749, "imu2/acl_y": 0.0047884033203125, "imu2/acl_z": 9.696516723632811, "imu2/gyr_x": 3.7099236641221376, "imu2/gyr_y": -1.2900763358778626, "imu2/gyr_z": -0.9236641221374046, "milliseconds": 92463}