{"cam/image_array": "673_cam-image_array_.jpg", "user/angle": 0.0, "user/throttle": -1.0, "user/mode": "user", "imu1/acl_x": 0.15083470458984374, "imu1/acl_y": -0.10295067138671875, "imu1/acl_z": 12.983755603027342, "imu1/gyr_x": -3.7938931297709924, "imu1/gyr_y": 2.381679389312977, "imu1/gyr_z": -1.816793893129771, "imu2/acl_x": -0.15083470458984374, "imu2/acl_y": 0.047884033203124995, "imu2/acl_z": 9.603142858886718, "imu2/gyr_x": 3.687022900763359, "imu2/gyr_y": -1.2290076335877862, "imu2/gyr_z": -1.1221374045801527, "milliseconds": 69113}