{"cam/image_array": "23_cam-image_array_.jpg", "user/angle": 1.0, "user/throttle": 1.0, "user/mode": "user", "imu1/acl_x": 0.11252747802734374, "imu1/acl_y": -0.06943184814453125, "imu1/acl_z": 12.856862915039061, "imu1/gyr_x": -3.8473282442748094, "imu1/gyr_y": 2.312977099236641, "imu1/gyr_z": -2.1603053435114505, "imu2/acl_x": -0.1484405029296875, "imu2/acl_y": -0.011971008300781249, "imu2/acl_z": 9.576806640625, "imu2/gyr_x": 3.7022900763358777, "imu2/gyr_y": -1.1908396946564885, "imu2/gyr_z": -0.9770992366412213, "milliseconds": 27346}