{"cam/image_array": "811_cam-image_array_.jpg", "user/angle": 0.0, "user/throttle": -1.0, "user/mode": "user", "imu1/acl_x": 0.031124621582031248, "imu1/acl_y": -0.12449848632812499, "imu1/acl_z": 12.816161486816405, "imu1/gyr_x": -3.9770992366412212, "imu1/gyr_y": 2.4122137404580153, "imu1/gyr_z": -2.2061068702290076, "imu2/acl_x": -0.06943184814453125, "imu2/acl_y": 0.0047884033203125, "imu2/acl_z": 9.65342109375, "imu2/gyr_x": 3.8625954198473282, "imu2/gyr_y": -1.183206106870229, "imu2/gyr_z": -0.8702290076335878, "milliseconds": 78593}