{"cam/image_array": "680_cam-image_array_.jpg", "user/angle": 0.0, "user/throttle": -1.0, "user/mode": "user", "imu1/acl_x": 0.16041151123046873, "imu1/acl_y": -0.028730419921875, "imu1/acl_z": 12.974178796386719, "imu1/gyr_x": -4.022900763358779, "imu1/gyr_y": 2.198473282442748, "imu1/gyr_z": -1.9923664122137406, "imu2/acl_x": -0.14604630126953125, "imu2/acl_y": 0.00239420166015625, "imu2/acl_z": 9.595960253906249, "imu2/gyr_x": 3.687022900763359, "imu2/gyr_y": -1.297709923664122, "imu2/gyr_z": -1.0916030534351144, "milliseconds": 69484}