{"cam/image_array": "859_cam-image_array_.jpg", "user/angle": 0.0, "user/throttle": -0.17142857142857146, "user/mode": "user", "imu1/acl_x": 0.076614453125, "imu1/acl_y": -0.07422025146484375, "imu1/acl_z": 12.899958544921875, "imu1/gyr_x": -3.8625954198473282, "imu1/gyr_y": 2.351145038167939, "imu1/gyr_z": -1.7404580152671756, "imu2/acl_x": -0.0047884033203125, "imu2/acl_y": 0.02633621826171875, "imu2/acl_z": 9.79946739501953, "imu2/gyr_x": 3.8396946564885495, "imu2/gyr_y": -1.213740458015267, "imu2/gyr_z": -1.0076335877862594, "milliseconds": 81047}