{"cam/image_array": "517_cam-image_array_.jpg", "user/angle": 0.0, "user/throttle": -0.9857142857142859, "user/mode": "user", "imu1/acl_x": 0.12449848632812499, "imu1/acl_y": -0.0718260498046875, "imu1/acl_z": 12.722787622070312, "imu1/gyr_x": -4.0, "imu1/gyr_y": 2.450381679389313, "imu1/gyr_z": -2.0076335877862594, "imu2/acl_x": -0.11252747802734374, "imu2/acl_y": 0.0718260498046875, "imu2/acl_z": 9.732429748535155, "imu2/gyr_x": 3.7557251908396947, "imu2/gyr_y": -1.2061068702290076, "imu2/gyr_z": -0.9541984732824428, "milliseconds": 58765}