{"cam/image_array": "879_cam-image_array_.jpg", "user/angle": 0.0, "user/throttle": 0.0, "user/mode": "user", "imu1/acl_x": 0.13646949462890623, "imu1/acl_y": -0.06464344482421874, "imu1/acl_z": 12.957419384765624, "imu1/gyr_x": -4.022900763358779, "imu1/gyr_y": 2.2977099236641223, "imu1/gyr_z": -1.7786259541984732, "imu2/acl_x": -0.07900865478515624, "imu2/acl_y": -0.031124621582031248, "imu2/acl_z": 9.65342109375, "imu2/gyr_x": 3.8473282442748094, "imu2/gyr_y": -1.282442748091603, "imu2/gyr_z": -1.0763358778625953, "milliseconds": 82683}