{"cam/image_array": "807_cam-image_array_.jpg", "user/angle": 0.0, "user/throttle": -0.18571428571428567, "user/mode": "user", "imu1/acl_x": 0.26336218261718747, "imu1/acl_y": -0.10295067138671875, "imu1/acl_z": 13.048399047851563, "imu1/gyr_x": -3.9770992366412212, "imu1/gyr_y": 2.2519083969465647, "imu1/gyr_z": -1.9923664122137406, "imu2/acl_x": -0.1292868896484375, "imu2/acl_y": 0.047884033203124995, "imu2/acl_z": 9.64623848876953, "imu2/gyr_x": 3.9389312977099236, "imu2/gyr_y": -1.2595419847328244, "imu2/gyr_z": -1.0076335877862594, "milliseconds": 78375}