{"cam/image_array": "176_cam-image_array_.jpg", "user/angle": 1.0, "user/throttle": 1.0, "user/mode": "user", "imu1/acl_x": 0.30406361083984373, "imu1/acl_y": -0.11252747802734374, "imu1/acl_z": 13.01727442626953, "imu1/gyr_x": -3.7709923664122136, "imu1/gyr_y": 2.2442748091603053, "imu1/gyr_z": -1.816793893129771, "imu2/acl_x": -0.1149216796875, "imu2/acl_y": -0.1388636962890625, "imu2/acl_z": 9.560047229003906, "imu2/gyr_x": 1.9618320610687023, "imu2/gyr_y": -1.3206106870229009, "imu2/gyr_z": -0.9694656488549618, "milliseconds": 37663}