{"cam/image_array": "170_cam-image_array_.jpg", "user/angle": 0.0, "user/throttle": -1.0, "user/mode": "user", "imu1/acl_x": 0.13407529296874998, "imu1/acl_y": -0.086191259765625, "imu1/acl_z": 12.966996191406249, "imu1/gyr_x": -3.969465648854962, "imu1/gyr_y": 2.404580152671756, "imu1/gyr_z": -1.7633587786259541, "imu2/acl_x": -0.105344873046875, "imu2/acl_y": -0.016759411621093748, "imu2/acl_z": 9.787496386718749, "imu2/gyr_x": 3.83206106870229, "imu2/gyr_y": -1.183206106870229, "imu2/gyr_z": -0.916030534351145, "milliseconds": 37351}