{"cam/image_array": "451_cam-image_array_.jpg", "user/angle": 0.0, "user/throttle": -1.0, "user/mode": "user", "imu1/acl_x": 0.16041151123046873, "imu1/acl_y": -0.10773907470703124, "imu1/acl_z": 12.959813586425781, "imu1/gyr_x": -3.8091603053435112, "imu1/gyr_y": 2.4656488549618323, "imu1/gyr_z": -2.015267175572519, "imu2/acl_x": -0.13646949462890623, "imu2/acl_y": 0.02154781494140625, "imu2/acl_z": 9.60793126220703, "imu2/gyr_x": 3.687022900763359, "imu2/gyr_y": -1.2748091603053435, "imu2/gyr_z": -0.9465648854961832, "milliseconds": 55361}