{"cam/image_array": "501_cam-image_array_.jpg", "user/angle": 0.0, "user/throttle": -0.8000000000000002, "user/mode": "user", "imu1/acl_x": 0.16280571289062498, "imu1/acl_y": -0.11252747802734374, "imu1/acl_z": 12.947842578125, "imu1/gyr_x": -3.9236641221374047, "imu1/gyr_y": 2.312977099236641, "imu1/gyr_z": -1.8625954198473282, "imu2/acl_x": -0.27293898925781246, "imu2/acl_y": 0.05985504150390625, "imu2/acl_z": 9.552864624023437, "imu2/gyr_x": 3.8625954198473282, "imu2/gyr_y": -1.1984732824427482, "imu2/gyr_z": -1.1068702290076335, "milliseconds": 57942}