{"cam/image_array": "800_cam-image_array_.jpg", "user/angle": 0.0, "user/throttle": -0.19505575056621266, "user/mode": "user", "imu1/acl_x": 0.12689268798828124, "imu1/acl_y": -0.08140285644531249, "imu1/acl_z": 12.952630981445312, "imu1/gyr_x": -3.8473282442748094, "imu1/gyr_y": 2.4122137404580153, "imu1/gyr_z": -1.9083969465648856, "imu2/acl_x": -0.13168109130859373, "imu2/acl_y": 0.07900865478515624, "imu2/acl_z": 9.679757312011718, "imu2/gyr_x": 3.7022900763358777, "imu2/gyr_y": -1.099236641221374, "imu2/gyr_z": -0.9618320610687023, "milliseconds": 78012}