{"cam/image_array": "497_cam-image_array_.jpg", "user/angle": 0.0, "user/throttle": -0.5714285714285714, "user/mode": "user", "imu1/acl_x": 0.1771709228515625, "imu1/acl_y": -0.0526724365234375, "imu1/acl_z": 12.770671655273437, "imu1/gyr_x": -3.877862595419847, "imu1/gyr_y": 2.1603053435114505, "imu1/gyr_z": -1.9236641221374047, "imu2/acl_x": -0.29927520751953124, "imu2/acl_y": -0.12210428466796874, "imu2/acl_z": 9.634267480468749, "imu2/gyr_x": 3.7786259541984735, "imu2/gyr_y": -1.5190839694656488, "imu2/gyr_z": -0.8854961832061069, "milliseconds": 57727}