{"cam/image_array": "479_cam-image_array_.jpg", "user/angle": 0.0, "user/throttle": -0.3994265416881174, "user/mode": "user", "imu1/acl_x": 0.12210428466796874, "imu1/acl_y": -0.13168109130859373, "imu1/acl_z": 12.904746948242186, "imu1/gyr_x": -3.885496183206107, "imu1/gyr_y": 2.2595419847328246, "imu1/gyr_z": -2.0076335877862594, "imu2/acl_x": -0.10773907470703124, "imu2/acl_y": -0.00239420166015625, "imu2/acl_z": 9.6151138671875, "imu2/gyr_x": 3.7404580152671754, "imu2/gyr_y": -1.282442748091603, "imu2/gyr_z": -1.0458015267175573, "milliseconds": 56808}