{"cam/image_array": "259_cam-image_array_.jpg", "user/angle": -1.0, "user/throttle": 1.0, "user/mode": "user", "imu1/acl_x": 0.19153613281249998, "imu1/acl_y": -0.06703764648437499, "imu1/acl_z": 12.861651318359375, "imu1/gyr_x": -4.038167938931298, "imu1/gyr_y": 2.4198473282442747, "imu1/gyr_z": -1.900763358778626, "imu2/acl_x": -0.16519991455078123, "imu2/acl_y": 0.03591302490234375, "imu2/acl_z": 9.68454571533203, "imu2/gyr_x": 3.8091603053435112, "imu2/gyr_y": -1.213740458015267, "imu2/gyr_z": -1.015267175572519, "milliseconds": 43249}