{"cam/image_array": "50_cam-image_array_.jpg", "user/angle": -0.7571428571428572, "user/throttle": 0.9142857142857141, "user/mode": "user", "imu1/acl_x": 0.1867477294921875, "imu1/acl_y": -0.07900865478515624, "imu1/acl_z": 12.907141149902342, "imu1/gyr_x": -3.885496183206107, "imu1/gyr_y": 2.3969465648854964, "imu1/gyr_z": -1.9541984732824427, "imu2/acl_x": -0.08858546142578125, "imu2/acl_y": -0.0143652099609375, "imu2/acl_z": 9.662997900390625, "imu2/gyr_x": 3.7251908396946565, "imu2/gyr_y": -1.1984732824427482, "imu2/gyr_z": -0.8702290076335878, "milliseconds": 29243}