{"cam/image_array": "305_cam-image_array_.jpg", "user/angle": 1.0, "user/throttle": 0.2857142857142852, "user/mode": "user", "imu1/acl_x": 0.16759411621093748, "imu1/acl_y": -0.06703764648437499, "imu1/acl_z": 12.974178796386719, "imu1/gyr_x": -3.969465648854962, "imu1/gyr_y": 2.381679389312977, "imu1/gyr_z": -3.877862595419847, "imu2/acl_x": -0.12689268798828124, "imu2/acl_y": 0.02154781494140625, "imu2/acl_z": 9.720458740234374, "imu2/gyr_x": 3.900763358778626, "imu2/gyr_y": -1.4045801526717556, "imu2/gyr_z": -0.9541984732824428, "milliseconds": 46349}