{"cam/image_array": "693_cam-image_array_.jpg", "user/angle": 0.0, "user/throttle": -0.6857142857142857, "user/mode": "user", "imu1/acl_x": 0.00239420166015625, "imu1/acl_y": -0.11013327636718749, "imu1/acl_z": 12.923900561523437, "imu1/gyr_x": -4.0458015267175576, "imu1/gyr_y": 2.2442748091603053, "imu1/gyr_z": -1.7938931297709924, "imu2/acl_x": -0.11013327636718749, "imu2/acl_y": -0.05027823486328125, "imu2/acl_z": 9.651026892089844, "imu2/gyr_x": 3.7786259541984735, "imu2/gyr_y": -1.1984732824427482, "imu2/gyr_z": -0.816793893129771, "milliseconds": 70147}