{"cam/image_array": "848_cam-image_array_.jpg", "user/angle": -1.0, "user/throttle": 0.4283529368781205, "user/mode": "user", "imu1/acl_x": 0.2609679809570312, "imu1/acl_y": -0.09816226806640624, "imu1/acl_z": 12.887987536621093, "imu1/gyr_x": -5.801526717557252, "imu1/gyr_y": 2.2977099236641223, "imu1/gyr_z": -0.015267175572519083, "imu2/acl_x": -0.16280571289062498, "imu2/acl_y": -0.00718260498046875, "imu2/acl_z": 9.670180505371093, "imu2/gyr_x": 3.7786259541984735, "imu2/gyr_y": -1.282442748091603, "imu2/gyr_z": -0.9923664122137404, "milliseconds": 80466}