{"cam/image_array": "524_cam-image_array_.jpg", "user/angle": 0.0, "user/throttle": 0.0, "user/mode": "user", "imu1/acl_x": 0.11252747802734374, "imu1/acl_y": -0.08140285644531249, "imu1/acl_z": 12.957419384765624, "imu1/gyr_x": -4.022900763358779, "imu1/gyr_y": 2.3740458015267176, "imu1/gyr_z": -1.8854961832061068, "imu2/acl_x": -0.1149216796875, "imu2/acl_y": 0.009576806640625, "imu2/acl_z": 9.631873278808593, "imu2/gyr_x": 3.7251908396946565, "imu2/gyr_y": -1.4122137404580153, "imu2/gyr_z": -1.0381679389312977, "milliseconds": 59118}