{"cam/image_array": "920_cam-image_array_.jpg", "user/angle": 0.0, "user/throttle": -0.5076330265582059, "user/mode": "user", "imu1/acl_x": 0.16759411621093748, "imu1/acl_y": -0.07422025146484375, "imu1/acl_z": 12.804190478515624, "imu1/gyr_x": -4.022900763358779, "imu1/gyr_y": 2.3435114503816794, "imu1/gyr_z": -1.8473282442748091, "imu2/acl_x": -0.1005564697265625, "imu2/acl_y": 0.06464344482421874, "imu2/acl_z": 9.696516723632811, "imu2/gyr_x": 3.801526717557252, "imu2/gyr_y": -1.3511450381679388, "imu2/gyr_z": -0.9847328244274809, "milliseconds": 86113}