{"cam/image_array": "193_cam-image_array_.jpg", "user/angle": -1.0, "user/throttle": 0.828571428571428, "user/mode": "user", "imu1/acl_x": 0.11252747802734374, "imu1/acl_y": -0.13168109130859373, "imu1/acl_z": 12.990938208007812, "imu1/gyr_x": -1.9618320610687023, "imu1/gyr_y": 2.351145038167939, "imu1/gyr_z": -2.0076335877862594, "imu2/acl_x": -0.13168109130859373, "imu2/acl_y": 0.06464344482421874, "imu2/acl_z": 9.622296472167967, "imu2/gyr_x": 3.8702290076335877, "imu2/gyr_y": -1.3511450381679388, "imu2/gyr_z": -1.0076335877862594, "milliseconds": 38534}