{"cam/image_array": "711_cam-image_array_.jpg", "user/angle": -0.49999999999999994, "user/throttle": 0.11428571428571437, "user/mode": "user", "imu1/acl_x": 0.08379705810546874, "imu1/acl_y": -0.10295067138671875, "imu1/acl_z": 12.904746948242186, "imu1/gyr_x": -5.816793893129771, "imu1/gyr_y": 2.3282442748091605, "imu1/gyr_z": -2.2061068702290076, "imu2/acl_x": -0.28730419921875, "imu2/acl_y": 0.011971008300781249, "imu2/acl_z": 9.718064538574218, "imu2/gyr_x": 3.9770992366412212, "imu2/gyr_y": -1.2213740458015268, "imu2/gyr_z": -1.015267175572519, "milliseconds": 72195}