{"cam/image_array": "269_cam-image_array_.jpg", "user/angle": -1.0, "user/throttle": 1.0, "user/mode": "user", "imu1/acl_x": 0.00718260498046875, "imu1/acl_y": -0.11252747802734374, "imu1/acl_z": 12.955025183105468, "imu1/gyr_x": -3.900763358778626, "imu1/gyr_y": 2.312977099236641, "imu1/gyr_z": -3.8396946564885495, "imu2/acl_x": -0.13646949462890623, "imu2/acl_y": 0.033518823242187495, "imu2/acl_z": 9.619902270507811, "imu2/gyr_x": 3.7404580152671754, "imu2/gyr_y": -1.2442748091603053, "imu2/gyr_z": -1.0076335877862594, "milliseconds": 43750}