{"cam/image_array": "57_cam-image_array_.jpg", "user/angle": 0.0, "user/throttle": -0.6857142857142856, "user/mode": "user", "imu1/acl_x": 0.0909796630859375, "imu1/acl_y": -0.086191259765625, "imu1/acl_z": 12.81376728515625, "imu1/gyr_x": -3.8702290076335877, "imu1/gyr_y": 2.2595419847328246, "imu1/gyr_z": -1.7557251908396947, "imu2/acl_x": -0.1149216796875, "imu2/acl_y": 0.11252747802734374, "imu2/acl_z": 9.662997900390625, "imu2/gyr_x": 3.9160305343511452, "imu2/gyr_y": -1.3053435114503817, "imu2/gyr_z": -0.8320610687022901, "milliseconds": 29610}