{"cam/image_array": "209_cam-image_array_.jpg", "user/angle": 1.0, "user/throttle": 0.6428571428571423, "user/mode": "user", "imu1/acl_x": 0.0143652099609375, "imu1/acl_y": -0.09337386474609374, "imu1/acl_z": 12.727576025390624, "imu1/gyr_x": -4.015267175572519, "imu1/gyr_y": 2.3206106870229006, "imu1/gyr_z": -2.0076335877862594, "imu2/acl_x": -0.09576806640624999, "imu2/acl_y": -0.0047884033203125, "imu2/acl_z": 9.65342109375, "imu2/gyr_x": 3.854961832061069, "imu2/gyr_y": -1.3206106870229009, "imu2/gyr_z": -0.8702290076335878, "milliseconds": 39376}