{"cam/image_array": "47_cam-image_array_.jpg", "user/angle": 0.0, "user/throttle": 1.7494954273533617e-17, "user/mode": "user", "imu1/acl_x": 0.15322890625, "imu1/acl_y": -0.055066638183593745, "imu1/acl_z": 12.808978881835937, "imu1/gyr_x": -3.900763358778626, "imu1/gyr_y": 2.4198473282442747, "imu1/gyr_z": -1.8396946564885497, "imu2/acl_x": -0.1388636962890625, "imu2/acl_y": 0.031124621582031248, "imu2/acl_z": 9.612719665527344, "imu2/gyr_x": 3.8931297709923665, "imu2/gyr_y": -1.1526717557251909, "imu2/gyr_z": -0.9770992366412213, "milliseconds": 29098}