{"cam/image_array": "49_cam-image_array_.jpg", "user/angle": -1.0, "user/throttle": 0.042857142857142504, "user/mode": "user", "imu1/acl_x": 0.19871873779296872, "imu1/acl_y": -0.11252747802734374, "imu1/acl_z": 12.945448376464842, "imu1/gyr_x": -4.015267175572519, "imu1/gyr_y": 2.3053435114503817, "imu1/gyr_z": -0.07633587786259542, "imu2/acl_x": -0.0718260498046875, "imu2/acl_y": 0.028730419921875, "imu2/acl_z": 9.6917283203125, "imu2/gyr_x": 3.8396946564885495, "imu2/gyr_y": -1.3587786259541985, "imu2/gyr_z": -0.9236641221374046, "milliseconds": 29205}