{"cam/image_array": "968_cam-image_array_.jpg", "user/angle": 0.0, "user/throttle": -0.7619393177594582, "user/mode": "user", "imu1/acl_x": 0.15322890625, "imu1/acl_y": -0.00718260498046875, "imu1/acl_z": 12.804190478515624, "imu1/gyr_x": -3.931297709923664, "imu1/gyr_y": 2.381679389312977, "imu1/gyr_z": -2.0076335877862594, "imu2/acl_x": -0.10295067138671875, "imu2/acl_y": 0.00239420166015625, "imu2/acl_z": 9.667786303710937, "imu2/gyr_x": 3.7557251908396947, "imu2/gyr_y": -1.1526717557251909, "imu2/gyr_z": -1.0381679389312977, "milliseconds": 94320}