{"cam/image_array": "197_cam-image_array_.jpg", "user/angle": 0.0, "user/throttle": -1.0, "user/mode": "user", "imu1/acl_x": 0.12449848632812499, "imu1/acl_y": -0.07422025146484375, "imu1/acl_z": 12.976572998046874, "imu1/gyr_x": -4.030534351145038, "imu1/gyr_y": 2.4427480916030535, "imu1/gyr_z": -1.8625954198473282, "imu2/acl_x": -0.00718260498046875, "imu2/acl_y": 0.14125789794921875, "imu2/acl_z": 9.782707983398437, "imu2/gyr_x": 3.7557251908396947, "imu2/gyr_y": -1.2213740458015268, "imu2/gyr_z": -1.1526717557251909, "milliseconds": 38750}