{"cam/image_array": "892_cam-image_array_.jpg", "user/angle": 0.0, "user/throttle": 0.0, "user/mode": "user", "imu1/acl_x": 0.09816226806640624, "imu1/acl_y": -0.2753331909179687, "imu1/acl_z": 12.969390393066405, "imu1/gyr_x": -3.8702290076335877, "imu1/gyr_y": 2.2748091603053435, "imu1/gyr_z": -1.816793893129771, "imu2/acl_x": -0.143652099609375, "imu2/acl_y": -0.1388636962890625, "imu2/acl_z": 9.560047229003906, "imu2/gyr_x": 3.66412213740458, "imu2/gyr_y": -1.2595419847328244, "imu2/gyr_z": -1.0763358778625953, "milliseconds": 83964}