{"cam/image_array": "553_cam-image_array_.jpg", "user/angle": -1.0, "user/throttle": 0.09375299065456011, "user/mode": "user", "imu1/acl_x": 0.1484405029296875, "imu1/acl_y": -0.10295067138671875, "imu1/acl_z": 12.935871569824219, "imu1/gyr_x": -3.877862595419847, "imu1/gyr_y": 2.3969465648854964, "imu1/gyr_z": -1.8244274809160306, "imu2/acl_x": -0.1388636962890625, "imu2/acl_y": 0.0143652099609375, "imu2/acl_z": 9.639055883789062, "imu2/gyr_x": 3.717557251908397, "imu2/gyr_y": -1.3740458015267176, "imu2/gyr_z": -0.9847328244274809, "milliseconds": 60618}