{"cam/image_array": "734_cam-image_array_.jpg", "user/angle": -1.0, "user/throttle": 0.3637349762370783, "user/mode": "user", "imu1/acl_x": 0.13646949462890623, "imu1/acl_y": -0.08379705810546874, "imu1/acl_z": 12.727576025390624, "imu1/gyr_x": -3.7709923664122136, "imu1/gyr_y": 2.282442748091603, "imu1/gyr_z": -1.8778625954198473, "imu2/acl_x": -0.18435352783203124, "imu2/acl_y": 0.00239420166015625, "imu2/acl_z": 9.70369932861328, "imu2/gyr_x": 3.7251908396946565, "imu2/gyr_y": -1.1297709923664123, "imu2/gyr_z": -1.099236641221374, "milliseconds": 73374}