{"cam/image_array": "759_cam-image_array_.jpg", "user/angle": 0.0, "user/throttle": -0.6285714285714286, "user/mode": "user", "imu1/acl_x": 0.08140285644531249, "imu1/acl_y": -0.12210428466796874, "imu1/acl_z": 12.950236779785156, "imu1/gyr_x": -4.00763358778626, "imu1/gyr_y": 2.404580152671756, "imu1/gyr_z": -1.8396946564885497, "imu2/acl_x": -0.1149216796875, "imu2/acl_y": -0.02154781494140625, "imu2/acl_z": 9.648632690429688, "imu2/gyr_x": 1.9770992366412214, "imu2/gyr_y": -1.213740458015267, "imu2/gyr_z": -0.9465648854961832, "milliseconds": 75351}