{"cam/image_array": "674_cam-image_array_.jpg", "user/angle": 0.47782443708436745, "user/throttle": 1.0, "user/mode": "user", "imu1/acl_x": 0.1005564697265625, "imu1/acl_y": -0.09576806640624999, "imu1/acl_z": 12.911929553222656, "imu1/gyr_x": -3.946564885496183, "imu1/gyr_y": 2.3740458015267176, "imu1/gyr_z": -1.7404580152671756, "imu2/acl_x": -0.086191259765625, "imu2/acl_y": -0.011971008300781249, "imu2/acl_z": 9.600748657226562, "imu2/gyr_x": 3.8702290076335877, "imu2/gyr_y": -1.2595419847328244, "imu2/gyr_z": -1.0305343511450382, "milliseconds": 69156}