{"cam/image_array": "24_cam-image_array_.jpg", "user/angle": 0.0, "user/throttle": -1.0, "user/mode": "user", "imu1/acl_x": 0.11731588134765625, "imu1/acl_y": -0.023942016601562498, "imu1/acl_z": 12.981361401367186, "imu1/gyr_x": -5.809160305343512, "imu1/gyr_y": 2.2519083969465647, "imu1/gyr_z": -1.9312977099236641, "imu2/acl_x": -0.15322890625, "imu2/acl_y": 0.13168109130859373, "imu2/acl_z": 9.68454571533203, "imu2/gyr_x": 3.7709923664122136, "imu2/gyr_y": -1.2671755725190839, "imu2/gyr_z": -1.099236641221374, "milliseconds": 27396}