{"cam/image_array": "228_cam-image_array_.jpg", "user/angle": 0.0, "user/throttle": -1.0, "user/mode": "user", "imu1/acl_x": 0.0047884033203125, "imu1/acl_y": -0.08858546142578125, "imu1/acl_z": 12.943054174804686, "imu1/gyr_x": -4.0, "imu1/gyr_y": 2.2442748091603053, "imu1/gyr_z": -1.9312977099236641, "imu2/acl_x": -0.12210428466796874, "imu2/acl_y": 0.028730419921875, "imu2/acl_z": 9.725247143554688, "imu2/gyr_x": 3.6717557251908395, "imu2/gyr_y": -1.2595419847328244, "imu2/gyr_z": -1.0, "milliseconds": 41643}