{"cam/image_array": "335_cam-image_array_.jpg", "user/angle": -1.0, "user/throttle": 1.0, "user/mode": "user", "imu1/acl_x": 0.12210428466796874, "imu1/acl_y": -0.10295067138671875, "imu1/acl_z": 12.993332409667968, "imu1/gyr_x": -4.076335877862595, "imu1/gyr_y": 2.183206106870229, "imu1/gyr_z": -2.2977099236641223, "imu2/acl_x": -0.031124621582031248, "imu2/acl_y": 0.031124621582031248, "imu2/acl_z": 9.586383447265625, "imu2/gyr_x": 3.6259541984732824, "imu2/gyr_y": -1.297709923664122, "imu2/gyr_z": -0.9923664122137404, "milliseconds": 47917}