{"cam/image_array": "577_cam-image_array_.jpg", "user/angle": 0.0, "user/throttle": -1.0, "user/mode": "user", "imu1/acl_x": 0.06464344482421874, "imu1/acl_y": -0.08140285644531249, "imu1/acl_z": 12.921506359863281, "imu1/gyr_x": -4.0, "imu1/gyr_y": 2.312977099236641, "imu1/gyr_z": -0.061068702290076333, "imu2/acl_x": -0.10295067138671875, "imu2/acl_y": 0.12449848632812499, "imu2/acl_z": 9.701305126953125, "imu2/gyr_x": 3.801526717557252, "imu2/gyr_y": -1.1908396946564885, "imu2/gyr_z": -1.1145038167938932, "milliseconds": 62919}