{"cam/image_array": "601_cam-image_array_.jpg", "user/angle": 0.0, "user/throttle": -1.0, "user/mode": "user", "imu1/acl_x": 0.13646949462890623, "imu1/acl_y": -0.09816226806640624, "imu1/acl_z": 12.89038173828125, "imu1/gyr_x": -3.9618320610687023, "imu1/gyr_y": 2.3282442748091605, "imu1/gyr_z": -2.0, "imu2/acl_x": -0.09576806640624999, "imu2/acl_y": 0.0526724365234375, "imu2/acl_z": 9.662997900390625, "imu2/gyr_x": 3.763358778625954, "imu2/gyr_y": -1.2061068702290076, "imu2/gyr_z": -1.0458015267175573, "milliseconds": 64747}