{"cam/image_array": "327_cam-image_array_.jpg", "user/angle": 0.0, "user/throttle": -1.0, "user/mode": "user", "imu1/acl_x": 0.07422025146484375, "imu1/acl_y": -0.07900865478515624, "imu1/acl_z": 12.964601989746093, "imu1/gyr_x": -3.946564885496183, "imu1/gyr_y": 2.3893129770992365, "imu1/gyr_z": -1.9618320610687023, "imu2/acl_x": -0.10773907470703124, "imu2/acl_y": 0.143652099609375, "imu2/acl_z": 9.564835632324218, "imu2/gyr_x": 3.7557251908396947, "imu2/gyr_y": -1.1526717557251909, "imu2/gyr_z": -0.9236641221374046, "milliseconds": 47507}