{"cam/image_array": "607_cam-image_array_.jpg", "user/angle": 0.0, "user/throttle": -0.9, "user/mode": "user", "imu1/acl_x": 0.13646949462890623, "imu1/acl_y": -0.08140285644531249, "imu1/acl_z": 12.950236779785156, "imu1/gyr_x": -4.061068702290076, "imu1/gyr_y": 2.3435114503816794, "imu1/gyr_z": -1.8625954198473282, "imu2/acl_x": -0.0143652099609375, "imu2/acl_y": 0.01915361328125, "imu2/acl_z": 9.701305126953125, "imu2/gyr_x": 3.732824427480916, "imu2/gyr_y": -1.1984732824427482, "imu2/gyr_z": -0.9236641221374046, "milliseconds": 65051}