{"cam/image_array": "205_cam-image_array_.jpg", "user/angle": -1.0, "user/throttle": 0.18180898274329582, "user/mode": "user", "imu1/acl_x": 0.18435352783203124, "imu1/acl_y": -0.09337386474609374, "imu1/acl_z": 12.964601989746093, "imu1/gyr_x": -3.9770992366412212, "imu1/gyr_y": 2.236641221374046, "imu1/gyr_z": -0.030534351145038167, "imu2/acl_x": -0.1005564697265625, "imu2/acl_y": -0.00239420166015625, "imu2/acl_z": 9.622296472167967, "imu2/gyr_x": 3.877862595419847, "imu2/gyr_y": -1.3435114503816794, "imu2/gyr_z": -0.9923664122137404, "milliseconds": 39174}