{"cam/image_array": "198_cam-image_array_.jpg", "user/angle": 0.0, "user/throttle": 0.0, "user/mode": "user", "imu1/acl_x": 0.1292868896484375, "imu1/acl_y": -0.062249243164062495, "imu1/acl_z": 12.871228125, "imu1/gyr_x": -1.9618320610687023, "imu1/gyr_y": 2.282442748091603, "imu1/gyr_z": -2.030534351145038, "imu2/acl_x": -0.10773907470703124, "imu2/acl_y": 0.0383072265625, "imu2/acl_z": 9.643844287109374, "imu2/gyr_x": 3.816793893129771, "imu2/gyr_y": -1.282442748091603, "imu2/gyr_z": -0.9389312977099237, "milliseconds": 38800}