{"cam/image_array": "655_cam-image_array_.jpg", "user/angle": 0.0, "user/throttle": -0.01381194389917313, "user/mode": "user", "imu1/acl_x": 0.18914193115234373, "imu1/acl_y": -0.09337386474609374, "imu1/acl_z": 12.914323754882812, "imu1/gyr_x": -4.022900763358779, "imu1/gyr_y": 2.3435114503816794, "imu1/gyr_z": -3.8702290076335877, "imu2/acl_x": -0.05985504150390625, "imu2/acl_y": 0.047884033203124995, "imu2/acl_z": 9.727641345214844, "imu2/gyr_x": 3.7099236641221376, "imu2/gyr_y": -1.3587786259541985, "imu2/gyr_z": -1.015267175572519, "milliseconds": 68183}