{"cam/image_array": "499_cam-image_array_.jpg", "user/angle": 0.20165292067048715, "user/throttle": 1.0, "user/mode": "user", "imu1/acl_x": 0.16280571289062498, "imu1/acl_y": -0.062249243164062495, "imu1/acl_z": 12.945448376464842, "imu1/gyr_x": -4.076335877862595, "imu1/gyr_y": 2.4198473282442747, "imu1/gyr_z": -1.984732824427481, "imu2/acl_x": -0.16041151123046873, "imu2/acl_y": 0.040701428222656245, "imu2/acl_z": 9.533711010742186, "imu2/gyr_x": 3.717557251908397, "imu2/gyr_y": -1.1984732824427482, "imu2/gyr_z": -0.8778625954198473, "milliseconds": 57840}