{"cam/image_array": "966_cam-image_array_.jpg", "user/angle": 0.0, "user/throttle": 0.0, "user/mode": "user", "imu1/acl_x": 0.12210428466796874, "imu1/acl_y": -0.1197100830078125, "imu1/acl_z": 12.97896719970703, "imu1/gyr_x": -5.862595419847328, "imu1/gyr_y": 2.3282442748091605, "imu1/gyr_z": -2.099236641221374, "imu2/acl_x": -0.12689268798828124, "imu2/acl_y": 0.1197100830078125, "imu2/acl_z": 9.512163195800781, "imu2/gyr_x": 3.8396946564885495, "imu2/gyr_y": -1.099236641221374, "imu2/gyr_z": -1.0763358778625953, "milliseconds": 94216}