{"cam/image_array": "140_cam-image_array_.jpg", "user/angle": 0.05603972714970664, "user/throttle": 1.0, "user/mode": "user", "imu1/acl_x": 0.1292868896484375, "imu1/acl_y": -0.08858546142578125, "imu1/acl_z": 12.797007873535156, "imu1/gyr_x": -5.801526717557252, "imu1/gyr_y": 2.2519083969465647, "imu1/gyr_z": -0.015267175572519083, "imu2/acl_x": -0.13646949462890623, "imu2/acl_y": 0.1484405029296875, "imu2/acl_z": 9.504980590820312, "imu2/gyr_x": 3.8396946564885495, "imu2/gyr_y": -1.2900763358778626, "imu2/gyr_z": -1.015267175572519, "milliseconds": 35149}