{"cam/image_array": "418_cam-image_array_.jpg", "user/angle": 0.0, "user/throttle": 0.0, "user/mode": "user", "imu1/acl_x": 0.12689268798828124, "imu1/acl_y": -0.05746083984375, "imu1/acl_z": 12.976572998046874, "imu1/gyr_x": -5.862595419847328, "imu1/gyr_y": 2.2977099236641223, "imu1/gyr_z": -2.0381679389312977, "imu2/acl_x": -0.13168109130859373, "imu2/acl_y": 0.04548983154296875, "imu2/acl_z": 9.540893615722656, "imu2/gyr_x": 3.877862595419847, "imu2/gyr_y": -1.3435114503816794, "imu2/gyr_z": -0.9007633587786259, "milliseconds": 53653}