{"cam/image_array": "227_cam-image_array_.jpg", "user/angle": 0.0, "user/throttle": -1.0, "user/mode": "user", "imu1/acl_x": 0.09576806640624999, "imu1/acl_y": -0.009576806640625, "imu1/acl_z": 12.892775939941405, "imu1/gyr_x": -3.7709923664122136, "imu1/gyr_y": 2.183206106870229, "imu1/gyr_z": -1.8015267175572518, "imu2/acl_x": -0.12449848632812499, "imu2/acl_y": -0.00239420166015625, "imu2/acl_z": 9.60793126220703, "imu2/gyr_x": 3.8244274809160306, "imu2/gyr_y": -1.251908396946565, "imu2/gyr_z": -0.9007633587786259, "milliseconds": 41576}