{"cam/image_array": "322_cam-image_array_.jpg", "user/angle": 0.014285714285714287, "user/throttle": 0.4142857142857143, "user/mode": "user", "imu1/acl_x": 0.1292868896484375, "imu1/acl_y": -0.04548983154296875, "imu1/acl_z": 12.931083166503905, "imu1/gyr_x": -4.015267175572519, "imu1/gyr_y": 2.312977099236641, "imu1/gyr_z": -2.0229007633587788, "imu2/acl_x": -0.11252747802734374, "imu2/acl_y": -0.033518823242187495, "imu2/acl_z": 9.672574707031249, "imu2/gyr_x": 3.7786259541984735, "imu2/gyr_y": -1.2748091603053435, "imu2/gyr_z": -1.1221374045801527, "milliseconds": 47259}