{"cam/image_array": "115_cam-image_array_.jpg", "user/angle": 0.32857142857142857, "user/throttle": 0.014285714285714245, "user/mode": "user", "imu1/acl_x": 0.12449848632812499, "imu1/acl_y": -0.08858546142578125, "imu1/acl_z": 12.887987536621093, "imu1/gyr_x": -4.00763358778626, "imu1/gyr_y": 2.366412213740458, "imu1/gyr_z": -2.0610687022900764, "imu2/acl_x": -0.09337386474609374, "imu2/acl_y": 0.04548983154296875, "imu2/acl_z": 9.591171850585937, "imu2/gyr_x": 3.717557251908397, "imu2/gyr_y": -1.2442748091603053, "imu2/gyr_z": -0.9389312977099237, "milliseconds": 33862}