{"cam/image_array": "414_cam-image_array_.jpg", "user/angle": 0.18317975537931294, "user/throttle": 1.0, "user/mode": "user", "imu1/acl_x": 0.031124621582031248, "imu1/acl_y": -0.062249243164062495, "imu1/acl_z": 12.876016528320312, "imu1/gyr_x": -1.9618320610687023, "imu1/gyr_y": 2.3587786259541983, "imu1/gyr_z": -1.9389312977099236, "imu2/acl_x": -0.11013327636718749, "imu2/acl_y": 0.009576806640625, "imu2/acl_z": 9.701305126953125, "imu2/gyr_x": 3.7786259541984735, "imu2/gyr_y": -1.0305343511450382, "imu2/gyr_z": -1.0229007633587786, "milliseconds": 52926}