{"cam/image_array": "977_cam-image_array_.jpg", "user/angle": 0.0, "user/throttle": -1.0, "user/mode": "user", "imu1/acl_x": 0.031124621582031248, "imu1/acl_y": -0.12210428466796874, "imu1/acl_z": 12.847286108398437, "imu1/gyr_x": -2.053435114503817, "imu1/gyr_y": 2.4198473282442747, "imu1/gyr_z": -1.9236641221374047, "imu2/acl_x": -0.19632453613281248, "imu2/acl_y": 0.05746083984375, "imu2/acl_z": 9.524134204101562, "imu2/gyr_x": 3.9083969465648853, "imu2/gyr_y": -1.2213740458015268, "imu2/gyr_z": -1.1526717557251909, "milliseconds": 95457}