{"cam/image_array": "200_cam-image_array_.jpg", "user/angle": -1.0, "user/throttle": 0.47841329151069106, "user/mode": "user", "imu1/acl_x": 0.031124621582031248, "imu1/acl_y": -0.12210428466796874, "imu1/acl_z": 12.77546005859375, "imu1/gyr_x": -3.931297709923664, "imu1/gyr_y": 2.381679389312977, "imu1/gyr_z": -1.816793893129771, "imu2/acl_x": -0.0909796630859375, "imu2/acl_y": -0.0047884033203125, "imu2/acl_z": 9.636661682128906, "imu2/gyr_x": 3.7557251908396947, "imu2/gyr_y": -1.213740458015267, "imu2/gyr_z": -0.9694656488549618, "milliseconds": 38902}