{"cam/image_array": "785_cam-image_array_.jpg", "user/angle": -0.42857142857142827, "user/throttle": 0.9000000000000001, "user/mode": "user", "imu1/acl_x": 0.07422025146484375, "imu1/acl_y": -0.11013327636718749, "imu1/acl_z": 12.945448376464842, "imu1/gyr_x": -3.786259541984733, "imu1/gyr_y": 2.2900763358778624, "imu1/gyr_z": -2.0229007633587788, "imu2/acl_x": -0.0909796630859375, "imu2/acl_y": 0.02633621826171875, "imu2/acl_z": 9.665392102050781, "imu2/gyr_x": 3.885496183206107, "imu2/gyr_y": -1.1145038167938932, "imu2/gyr_z": -1.0534351145038168, "milliseconds": 76692}