{"cam/image_array": "77_cam-image_array_.jpg", "user/angle": 1.0, "user/throttle": 0.5428571428571428, "user/mode": "user", "imu1/acl_x": 0.16041151123046873, "imu1/acl_y": -0.0526724365234375, "imu1/acl_z": 12.876016528320312, "imu1/gyr_x": -4.083969465648855, "imu1/gyr_y": 2.2519083969465647, "imu1/gyr_z": -1.9236641221374047, "imu2/acl_x": -0.09816226806640624, "imu2/acl_y": 0.009576806640625, "imu2/acl_z": 9.674968908691406, "imu2/gyr_x": 3.8702290076335877, "imu2/gyr_y": -1.3587786259541985, "imu2/gyr_z": -1.1068702290076335, "milliseconds": 31055}