{"cam/image_array": "865_cam-image_array_.jpg", "user/angle": 0.0, "user/throttle": 0.0, "user/mode": "user", "imu1/acl_x": 0.17956512451171874, "imu1/acl_y": -0.11252747802734374, "imu1/acl_z": 12.933477368164061, "imu1/gyr_x": -3.931297709923664, "imu1/gyr_y": 2.2595419847328246, "imu1/gyr_z": -0.07633587786259542, "imu2/acl_x": -0.08858546142578125, "imu2/acl_y": 0.0143652099609375, "imu2/acl_z": 9.710881933593749, "imu2/gyr_x": 3.8091603053435112, "imu2/gyr_y": -1.2290076335877862, "imu2/gyr_z": -0.8854961832061069, "milliseconds": 81966}