{"cam/image_array": "526_cam-image_array_.jpg", "user/angle": 0.0, "user/throttle": -1.0, "user/mode": "user", "imu1/acl_x": 0.16280571289062498, "imu1/acl_y": -0.10295067138671875, "imu1/acl_z": 12.880804931640624, "imu1/gyr_x": -3.885496183206107, "imu1/gyr_y": 2.3206106870229006, "imu1/gyr_z": -1.8625954198473282, "imu2/acl_x": -0.12689268798828124, "imu2/acl_y": 0.00718260498046875, "imu2/acl_z": 9.804255798339844, "imu2/gyr_x": 3.854961832061069, "imu2/gyr_y": -1.2290076335877862, "imu2/gyr_z": -1.0381679389312977, "milliseconds": 59223}