{"cam/image_array": "569_cam-image_array_.jpg", "user/angle": 0.0, "user/throttle": 0.0, "user/mode": "user", "imu1/acl_x": 0.15083470458984374, "imu1/acl_y": -0.0526724365234375, "imu1/acl_z": 12.887987536621093, "imu1/gyr_x": -3.7480916030534353, "imu1/gyr_y": 2.3740458015267176, "imu1/gyr_z": -2.1297709923664123, "imu2/acl_x": -0.12210428466796874, "imu2/acl_y": 0.062249243164062495, "imu2/acl_z": 9.698910925292969, "imu2/gyr_x": 3.7480916030534353, "imu2/gyr_y": -1.3206106870229009, "imu2/gyr_z": -1.0076335877862594, "milliseconds": 62512}