{"cam/image_array": "805_cam-image_array_.jpg", "user/angle": 0.0, "user/throttle": -0.6285714285714282, "user/mode": "user", "imu1/acl_x": 0.17477672119140625, "imu1/acl_y": -0.12689268798828124, "imu1/acl_z": 12.935871569824219, "imu1/gyr_x": -4.0534351145038165, "imu1/gyr_y": 2.3969465648854964, "imu1/gyr_z": -0.05343511450381679, "imu2/acl_x": -0.14125789794921875, "imu2/acl_y": -0.028730419921875, "imu2/acl_z": 9.622296472167967, "imu2/gyr_x": 3.7709923664122136, "imu2/gyr_y": -1.2442748091603053, "imu2/gyr_z": -0.9541984732824428, "milliseconds": 78271}