{"cam/image_array": "514_cam-image_array_.jpg", "user/angle": -0.17122172076381215, "user/throttle": 1.0, "user/mode": "user", "imu1/acl_x": 0.13407529296874998, "imu1/acl_y": -0.12689268798828124, "imu1/acl_z": 12.911929553222656, "imu1/gyr_x": -4.022900763358779, "imu1/gyr_y": 2.3053435114503817, "imu1/gyr_z": -2.0229007633587788, "imu2/acl_x": -0.15083470458984374, "imu2/acl_y": 0.01915361328125, "imu2/acl_z": 9.70369932861328, "imu2/gyr_x": 3.6412213740458017, "imu2/gyr_y": -1.1374045801526718, "imu2/gyr_z": -1.083969465648855, "milliseconds": 58602}