{"cam/image_array": "437_cam-image_array_.jpg", "user/angle": -0.17142857142857165, "user/throttle": 1.0, "user/mode": "user", "imu1/acl_x": 0.14125789794921875, "imu1/acl_y": -0.028730419921875, "imu1/acl_z": 12.935871569824219, "imu1/gyr_x": -3.984732824427481, "imu1/gyr_y": 2.404580152671756, "imu1/gyr_z": -2.0076335877862594, "imu2/acl_x": -0.09576806640624999, "imu2/acl_y": 0.04548983154296875, "imu2/acl_z": 9.686939916992188, "imu2/gyr_x": 3.763358778625954, "imu2/gyr_y": -1.0, "imu2/gyr_z": -0.9770992366412213, "milliseconds": 54633}