{"cam/image_array": "81_cam-image_array_.jpg", "user/angle": -1.0, "user/throttle": 0.23363012920317966, "user/mode": "user", "imu1/acl_x": 0.15562310791015624, "imu1/acl_y": -0.11013327636718749, "imu1/acl_z": 12.799402075195312, "imu1/gyr_x": -3.954198473282443, "imu1/gyr_y": 2.4656488549618323, "imu1/gyr_z": -1.786259541984733, "imu2/acl_x": -0.19871873779296872, "imu2/acl_y": 0.023942016601562498, "imu2/acl_z": 9.631873278808593, "imu2/gyr_x": 3.877862595419847, "imu2/gyr_y": -1.16793893129771, "imu2/gyr_z": -1.0687022900763359, "milliseconds": 31249}