{"cam/image_array": "955_cam-image_array_.jpg", "user/angle": 0.0, "user/throttle": -1.0, "user/mode": "user", "imu1/acl_x": 0.1292868896484375, "imu1/acl_y": -0.12449848632812499, "imu1/acl_z": 12.871228125, "imu1/gyr_x": -3.9923664122137406, "imu1/gyr_y": 2.3893129770992365, "imu1/gyr_z": -3.877862595419847, "imu2/acl_x": -0.296881005859375, "imu2/acl_y": 0.009576806640625, "imu2/acl_z": 9.600748657226562, "imu2/gyr_x": 3.7099236641221376, "imu2/gyr_y": -1.2595419847328244, "imu2/gyr_z": -1.1068702290076335, "milliseconds": 93186}