{"cam/image_array": "264_cam-image_array_.jpg", "user/angle": -1.0, "user/throttle": 0.24336420534909553, "user/mode": "user", "imu1/acl_x": 0.1005564697265625, "imu1/acl_y": -0.09816226806640624, "imu1/acl_z": 12.868833923339842, "imu1/gyr_x": -4.038167938931298, "imu1/gyr_y": 2.4580152671755724, "imu1/gyr_z": -1.916030534351145, "imu2/acl_x": -0.09816226806640624, "imu2/acl_y": 0.011971008300781249, "imu2/acl_z": 9.64623848876953, "imu2/gyr_x": 3.9160305343511452, "imu2/gyr_y": -1.2748091603053435, "imu2/gyr_z": -0.9236641221374046, "milliseconds": 43502}