{"cam/image_array": "716_cam-image_array_.jpg", "user/angle": 0.0, "user/throttle": -1.0, "user/mode": "user", "imu1/acl_x": 0.13407529296874998, "imu1/acl_y": -0.06943184814453125, "imu1/acl_z": 12.950236779785156, "imu1/gyr_x": -3.969465648854962, "imu1/gyr_y": 2.4198473282442747, "imu1/gyr_z": -2.015267175572519, "imu2/acl_x": -0.08379705810546874, "imu2/acl_y": -0.06703764648437499, "imu2/acl_z": 9.674968908691406, "imu2/gyr_x": 3.8702290076335877, "imu2/gyr_y": -1.1755725190839694, "imu2/gyr_z": -1.0763358778625953, "milliseconds": 72453}