{"cam/image_array": "86_cam-image_array_.jpg", "user/angle": 0.0, "user/throttle": 0.0, "user/mode": "user", "imu1/acl_x": 0.30406361083984373, "imu1/acl_y": -0.06464344482421874, "imu1/acl_z": 12.97896719970703, "imu1/gyr_x": -3.969465648854962, "imu1/gyr_y": 2.236641221374046, "imu1/gyr_z": -1.916030534351145, "imu2/acl_x": -0.12689268798828124, "imu2/acl_y": 0.02633621826171875, "imu2/acl_z": 9.514557397460937, "imu2/gyr_x": 3.7480916030534353, "imu2/gyr_y": -1.1526717557251909, "imu2/gyr_z": -1.0381679389312977, "milliseconds": 31515}