{"cam/image_array": "905_cam-image_array_.jpg", "user/angle": -1.0, "user/throttle": 1.0, "user/mode": "user", "imu1/acl_x": 0.13646949462890623, "imu1/acl_y": -0.11013327636718749, "imu1/acl_z": 12.926294763183593, "imu1/gyr_x": -3.854961832061069, "imu1/gyr_y": 2.2290076335877864, "imu1/gyr_z": -2.2595419847328246, "imu2/acl_x": -0.09816226806640624, "imu2/acl_y": 0.0143652099609375, "imu2/acl_z": 9.677363110351562, "imu2/gyr_x": 3.6259541984732824, "imu2/gyr_y": -1.3129770992366412, "imu2/gyr_z": -1.083969465648855, "milliseconds": 85349}