{"cam/image_array": "803_cam-image_array_.jpg", "user/angle": 0.0, "user/throttle": -0.2957426201024934, "user/mode": "user", "imu1/acl_x": 0.15322890625, "imu1/acl_y": -0.105344873046875, "imu1/acl_z": 12.892775939941405, "imu1/gyr_x": -3.801526717557252, "imu1/gyr_y": 2.2977099236641223, "imu1/gyr_z": -1.7099236641221374, "imu2/acl_x": -0.14125789794921875, "imu2/acl_y": 0.1484405029296875, "imu2/acl_z": 9.665392102050781, "imu2/gyr_x": 3.66412213740458, "imu2/gyr_y": -1.2671755725190839, "imu2/gyr_z": -0.9541984732824428, "milliseconds": 78167}