{"cam/image_array": "231_cam-image_array_.jpg", "user/angle": 0.0, "user/throttle": -1.0, "user/mode": "user", "imu1/acl_x": 0.09816226806640624, "imu1/acl_y": -0.055066638183593745, "imu1/acl_z": 13.002909216308593, "imu1/gyr_x": -1.9618320610687023, "imu1/gyr_y": 2.312977099236641, "imu1/gyr_z": -1.916030534351145, "imu2/acl_x": -0.12210428466796874, "imu2/acl_y": 0.0526724365234375, "imu2/acl_z": 9.634267480468749, "imu2/gyr_x": 3.7022900763358777, "imu2/gyr_y": -1.366412213740458, "imu2/gyr_z": -1.0, "milliseconds": 41779}