{"cam/image_array": "343_cam-image_array_.jpg", "user/angle": -1.0, "user/throttle": 0.04285714285714277, "user/mode": "user", "imu1/acl_x": 0.15322890625, "imu1/acl_y": -0.15083470458984374, "imu1/acl_z": 12.938265771484375, "imu1/gyr_x": -3.900763358778626, "imu1/gyr_y": 2.3282442748091605, "imu1/gyr_z": -3.885496183206107, "imu2/acl_x": -0.12449848632812499, "imu2/acl_y": 0.00718260498046875, "imu2/acl_z": 9.610325463867188, "imu2/gyr_x": 3.7709923664122136, "imu2/gyr_y": -1.3511450381679388, "imu2/gyr_z": -0.8244274809160306, "milliseconds": 48325}