{"cam/image_array": "788_cam-image_array_.jpg", "user/angle": 0.0, "user/throttle": 0.0, "user/mode": "user", "imu1/acl_x": 0.0143652099609375, "imu1/acl_y": -0.09816226806640624, "imu1/acl_z": 12.919112158203124, "imu1/gyr_x": -3.8931297709923665, "imu1/gyr_y": 2.3893129770992365, "imu1/gyr_z": -2.1374045801526718, "imu2/acl_x": -0.1292868896484375, "imu2/acl_y": 0.1484405029296875, "imu2/acl_z": 9.557653027343749, "imu2/gyr_x": 3.7938931297709924, "imu2/gyr_y": -1.4580152671755726, "imu2/gyr_z": -0.8778625954198473, "milliseconds": 76855}