{"cam/image_array": "270_cam-image_array_.jpg", "user/angle": -1.0, "user/throttle": 1.0, "user/mode": "user", "imu1/acl_x": 0.11731588134765625, "imu1/acl_y": -0.09816226806640624, "imu1/acl_z": 12.727576025390624, "imu1/gyr_x": -5.854961832061068, "imu1/gyr_y": 2.3282442748091605, "imu1/gyr_z": -2.053435114503817, "imu2/acl_x": -0.08379705810546874, "imu2/acl_y": 0.00718260498046875, "imu2/acl_z": 9.548076220703125, "imu2/gyr_x": 3.7251908396946565, "imu2/gyr_y": -1.1984732824427482, "imu2/gyr_z": -0.8244274809160306, "milliseconds": 43814}