{"cam/image_array": "273_cam-image_array_.jpg", "user/angle": 0.0, "user/throttle": 0.0, "user/mode": "user", "imu1/acl_x": 0.02154781494140625, "imu1/acl_y": -0.086191259765625, "imu1/acl_z": 12.751518041992187, "imu1/gyr_x": -3.83206106870229, "imu1/gyr_y": 2.4427480916030535, "imu1/gyr_z": -1.9923664122137406, "imu2/acl_x": -0.181959326171875, "imu2/acl_y": 0.0430956298828125, "imu2/acl_z": 9.672574707031249, "imu2/gyr_x": 3.7480916030534353, "imu2/gyr_y": -1.3358778625954197, "imu2/gyr_z": -1.1297709923664123, "milliseconds": 44708}