{"cam/image_array": "65_cam-image_array_.jpg", "user/angle": 1.0, "user/throttle": 1.0, "user/mode": "user", "imu1/acl_x": 0.2705447875976562, "imu1/acl_y": -0.06464344482421874, "imu1/acl_z": 12.897564343261719, "imu1/gyr_x": -3.8244274809160306, "imu1/gyr_y": 2.49618320610687, "imu1/gyr_z": -1.8396946564885497, "imu2/acl_x": -0.14604630126953125, "imu2/acl_y": 0.009576806640625, "imu2/acl_z": 9.801861596679688, "imu2/gyr_x": 5.854961832061068, "imu2/gyr_y": -1.282442748091603, "imu2/gyr_z": -0.8702290076335878, "milliseconds": 30013}