{"cam/image_array": "469_cam-image_array_.jpg", "user/angle": 0.0, "user/throttle": -1.0, "user/mode": "user", "imu1/acl_x": 0.1292868896484375, "imu1/acl_y": -0.05985504150390625, "imu1/acl_z": 12.983755603027342, "imu1/gyr_x": -3.885496183206107, "imu1/gyr_y": 2.2595419847328246, "imu1/gyr_z": -2.0763358778625953, "imu2/acl_x": -0.11252747802734374, "imu2/acl_y": 0.033518823242187495, "imu2/acl_z": 9.643844287109374, "imu2/gyr_x": 3.786259541984733, "imu2/gyr_y": -1.3358778625954197, "imu2/gyr_z": -1.0916030534351144, "milliseconds": 56302}