{"cam/image_array": "186_cam-image_array_.jpg", "user/angle": 0.0, "user/throttle": -1.0, "user/mode": "user", "imu1/acl_x": 0.15322890625, "imu1/acl_y": -0.033518823242187495, "imu1/acl_z": 12.928688964843749, "imu1/gyr_x": -3.854961832061069, "imu1/gyr_y": 2.3587786259541983, "imu1/gyr_z": -1.8778625954198473, "imu2/acl_x": -0.1149216796875, "imu2/acl_y": -0.00239420166015625, "imu2/acl_z": 9.679757312011718, "imu2/gyr_x": 3.7480916030534353, "imu2/gyr_y": -1.1145038167938932, "imu2/gyr_z": -0.8778625954198473, "milliseconds": 38180}