{"cam/image_array": "92_cam-image_array_.jpg", "user/angle": 0.0, "user/throttle": -1.0, "user/mode": "user", "imu1/acl_x": 0.11252747802734374, "imu1/acl_y": -0.105344873046875, "imu1/acl_z": 12.952630981445312, "imu1/gyr_x": -4.030534351145038, "imu1/gyr_y": 2.435114503816794, "imu1/gyr_z": -1.8625954198473282, "imu2/acl_x": -0.11013327636718749, "imu2/acl_y": 0.023942016601562498, "imu2/acl_z": 9.581595043945311, "imu2/gyr_x": 3.8625954198473282, "imu2/gyr_y": -1.2671755725190839, "imu2/gyr_z": -0.7557251908396947, "milliseconds": 31837}