{"cam/image_array": "105_cam-image_array_.jpg", "user/angle": -0.3351124037541869, "user/throttle": 1.0, "user/mode": "user", "imu1/acl_x": 0.13646949462890623, "imu1/acl_y": -0.047884033203124995, "imu1/acl_z": 12.835315100097656, "imu1/gyr_x": -4.061068702290076, "imu1/gyr_y": 2.3893129770992365, "imu1/gyr_z": -3.8702290076335877, "imu2/acl_x": -0.06464344482421874, "imu2/acl_y": 0.076614453125, "imu2/acl_z": 9.785102185058593, "imu2/gyr_x": 3.8473282442748094, "imu2/gyr_y": -1.3053435114503817, "imu2/gyr_z": -1.0076335877862594, "milliseconds": 32506}