{"cam/image_array": "729_cam-image_array_.jpg", "user/angle": 1.0, "user/throttle": 1.0, "user/mode": "user", "imu1/acl_x": 0.2920926025390625, "imu1/acl_y": -0.040701428222656245, "imu1/acl_z": 12.914323754882812, "imu1/gyr_x": -3.900763358778626, "imu1/gyr_y": 2.3206106870229006, "imu1/gyr_z": -2.0763358778625953, "imu2/acl_x": -0.15083470458984374, "imu2/acl_y": 0.00718260498046875, "imu2/acl_z": 9.619902270507811, "imu2/gyr_x": 3.6946564885496183, "imu2/gyr_y": -1.3587786259541985, "imu2/gyr_z": -1.1068702290076335, "milliseconds": 73113}