{"cam/image_array": "590_cam-image_array_.jpg", "user/angle": 0.0, "user/throttle": -1.0, "user/mode": "user", "imu1/acl_x": 0.18914193115234373, "imu1/acl_y": -0.08858546142578125, "imu1/acl_z": 12.955025183105468, "imu1/gyr_x": -4.122137404580153, "imu1/gyr_y": 2.480916030534351, "imu1/gyr_z": -0.007633587786259542, "imu2/acl_x": -0.10773907470703124, "imu2/acl_y": 0.009576806640625, "imu2/acl_z": 9.677363110351562, "imu2/gyr_x": 3.7938931297709924, "imu2/gyr_y": -1.251908396946565, "imu2/gyr_z": -1.0381679389312977, "milliseconds": 63580}