{"cam/image_array": "274_cam-image_array_.jpg", "user/angle": 0.0, "user/throttle": 0.0, "user/mode": "user", "imu1/acl_x": 0.06943184814453125, "imu1/acl_y": -0.0430956298828125, "imu1/acl_z": 12.84489190673828, "imu1/gyr_x": -3.984732824427481, "imu1/gyr_y": 2.2977099236641223, "imu1/gyr_z": -0.015267175572519083, "imu2/acl_x": -0.10773907470703124, "imu2/acl_y": -0.00718260498046875, "imu2/acl_z": 9.651026892089844, "imu2/gyr_x": 3.9083969465648853, "imu2/gyr_y": -1.1755725190839694, "imu2/gyr_z": -1.0916030534351144, "milliseconds": 44754}