{"cam/image_array": "899_cam-image_array_.jpg", "user/angle": 0.0, "user/throttle": 0.0, "user/mode": "user", "imu1/acl_x": 0.16998831787109375, "imu1/acl_y": -0.062249243164062495, "imu1/acl_z": 12.89038173828125, "imu1/gyr_x": -4.106870229007634, "imu1/gyr_y": 2.3740458015267176, "imu1/gyr_z": -3.83206106870229, "imu2/acl_x": -0.10773907470703124, "imu2/acl_y": 0.03591302490234375, "imu2/acl_z": 9.627084875488281, "imu2/gyr_x": 5.816793893129771, "imu2/gyr_y": -1.3206106870229009, "imu2/gyr_z": -1.083969465648855, "milliseconds": 85051}