{"cam/image_array": "492_cam-image_array_.jpg", "user/angle": 0.21253831986276875, "user/throttle": 1.0, "user/mode": "user", "imu1/acl_x": 0.18435352783203124, "imu1/acl_y": -0.0909796630859375, "imu1/acl_z": 12.943054174804686, "imu1/gyr_x": -3.9389312977099236, "imu1/gyr_y": 2.404580152671756, "imu1/gyr_z": -3.816793893129771, "imu2/acl_x": -0.12689268798828124, "imu2/acl_y": 0.1484405029296875, "imu2/acl_z": 9.710881933593749, "imu2/gyr_x": 3.816793893129771, "imu2/gyr_y": -1.3435114503816794, "imu2/gyr_z": -1.0763358778625953, "milliseconds": 57480}