{"cam/image_array": "718_cam-image_array_.jpg", "user/angle": 0.0, "user/throttle": -1.0, "user/mode": "user", "imu1/acl_x": 0.1292868896484375, "imu1/acl_y": -0.06943184814453125, "imu1/acl_z": 12.734758630371093, "imu1/gyr_x": -4.0534351145038165, "imu1/gyr_y": 2.3969465648854964, "imu1/gyr_z": -0.07633587786259542, "imu2/acl_x": -0.12210428466796874, "imu2/acl_y": -0.06464344482421874, "imu2/acl_z": 9.655815295410155, "imu2/gyr_x": 3.732824427480916, "imu2/gyr_y": -1.0381679389312977, "imu2/gyr_z": -0.9618320610687023, "milliseconds": 72555}