{"cam/image_array": "972_cam-image_array_.jpg", "user/angle": 0.0, "user/throttle": -0.4575089461317868, "user/mode": "user", "imu1/acl_x": 0.076614453125, "imu1/acl_y": -0.0526724365234375, "imu1/acl_z": 12.899958544921875, "imu1/gyr_x": -3.9160305343511452, "imu1/gyr_y": 2.4122137404580153, "imu1/gyr_z": -1.7786259541984732, "imu2/acl_x": -0.15562310791015624, "imu2/acl_y": 0.02154781494140625, "imu2/acl_z": 9.739612353515625, "imu2/gyr_x": 3.801526717557252, "imu2/gyr_y": -1.3129770992366412, "imu2/gyr_z": -0.8854961832061069, "milliseconds": 94535}