{"cam/image_array": "754_cam-image_array_.jpg", "user/angle": 1.0, "user/throttle": 0.7093879129966844, "user/mode": "user", "imu1/acl_x": 0.143652099609375, "imu1/acl_y": -0.0909796630859375, "imu1/acl_z": 12.945448376464842, "imu1/gyr_x": -3.9083969465648853, "imu1/gyr_y": 2.0610687022900764, "imu1/gyr_z": -0.05343511450381679, "imu2/acl_x": -0.09816226806640624, "imu2/acl_y": 0.0383072265625, "imu2/acl_z": 9.600748657226562, "imu2/gyr_x": 3.854961832061069, "imu2/gyr_y": -1.1297709923664123, "imu2/gyr_z": -1.0763358778625953, "milliseconds": 75103}