{"cam/image_array": "283_cam-image_array_.jpg", "user/angle": 0.0, "user/throttle": -1.0, "user/mode": "user", "imu1/acl_x": 0.181959326171875, "imu1/acl_y": -0.08858546142578125, "imu1/acl_z": 12.717999218749998, "imu1/gyr_x": -3.954198473282443, "imu1/gyr_y": 2.3206106870229006, "imu1/gyr_z": -1.9312977099236641, "imu2/acl_x": -0.047884033203124995, "imu2/acl_y": 0.0143652099609375, "imu2/acl_z": 9.672574707031249, "imu2/gyr_x": 3.8244274809160306, "imu2/gyr_y": -1.0916030534351144, "imu2/gyr_z": -1.015267175572519, "milliseconds": 45219}