{"cam/image_array": "280_cam-image_array_.jpg", "user/angle": 0.0, "user/throttle": 0.0, "user/mode": "user", "imu1/acl_x": 0.1484405029296875, "imu1/acl_y": -0.105344873046875, "imu1/acl_z": 12.739547033691405, "imu1/gyr_x": -4.0458015267175576, "imu1/gyr_y": 2.450381679389313, "imu1/gyr_z": -1.7938931297709924, "imu2/acl_x": -0.13646949462890623, "imu2/acl_y": 0.0430956298828125, "imu2/acl_z": 9.670180505371093, "imu2/gyr_x": 3.885496183206107, "imu2/gyr_y": -1.213740458015267, "imu2/gyr_z": -0.9618320610687023, "milliseconds": 45056}