{"cam/image_array": "862_cam-image_array_.jpg", "user/angle": 0.0, "user/throttle": 1.7494954273533618e-18, "user/mode": "user", "imu1/acl_x": 0.009576806640625, "imu1/acl_y": -0.062249243164062495, "imu1/acl_z": 12.883199133300781, "imu1/gyr_x": -3.984732824427481, "imu1/gyr_y": 2.2977099236641223, "imu1/gyr_z": -1.9083969465648856, "imu2/acl_x": -0.11013327636718749, "imu2/acl_y": 0.047884033203124995, "imu2/acl_z": 9.636661682128906, "imu2/gyr_x": 3.8625954198473282, "imu2/gyr_y": -1.297709923664122, "imu2/gyr_z": -1.0458015267175573, "milliseconds": 81802}