{"cam/image_array": "405_cam-image_array_.jpg", "user/angle": 0.0, "user/throttle": -1.0, "user/mode": "user", "imu1/acl_x": 0.076614453125, "imu1/acl_y": -0.1197100830078125, "imu1/acl_z": 12.955025183105468, "imu1/gyr_x": -3.9236641221374047, "imu1/gyr_y": 2.213740458015267, "imu1/gyr_z": -1.9770992366412214, "imu2/acl_x": -0.1388636962890625, "imu2/acl_y": 0.02633621826171875, "imu2/acl_z": 9.701305126953125, "imu2/gyr_x": 3.885496183206107, "imu2/gyr_y": -1.450381679389313, "imu2/gyr_z": -0.9770992366412213, "milliseconds": 52473}