{"cam/image_array": "302_cam-image_array_.jpg", "user/angle": 0.0, "user/throttle": -0.7999999999999999, "user/mode": "user", "imu1/acl_x": 0.11252747802734374, "imu1/acl_y": -0.11013327636718749, "imu1/acl_z": 12.758700646972656, "imu1/gyr_x": -3.9770992366412212, "imu1/gyr_y": 2.2519083969465647, "imu1/gyr_z": -2.015267175572519, "imu2/acl_x": -0.12449848632812499, "imu2/acl_y": 0.0143652099609375, "imu2/acl_z": 9.576806640625, "imu2/gyr_x": 3.8396946564885495, "imu2/gyr_y": -1.381679389312977, "imu2/gyr_z": -1.0534351145038168, "milliseconds": 46219}