{"cam/image_array": "275_cam-image_array_.jpg", "user/angle": 1.7494954273533618e-18, "user/throttle": 0.02857142857142857, "user/mode": "user", "imu1/acl_x": 0.15322890625, "imu1/acl_y": -0.09337386474609374, "imu1/acl_z": 12.988544006347656, "imu1/gyr_x": -4.0534351145038165, "imu1/gyr_y": 2.1908396946564888, "imu1/gyr_z": -1.786259541984733, "imu2/acl_x": -0.009576806640625, "imu2/acl_y": -0.05746083984375, "imu2/acl_z": 9.591171850585937, "imu2/gyr_x": 3.885496183206107, "imu2/gyr_y": -1.1221374045801527, "imu2/gyr_z": -1.0229007633587786, "milliseconds": 44804}