{"cam/image_array": "103_cam-image_array_.jpg", "user/angle": 0.0, "user/throttle": -1.0, "user/mode": "user", "imu1/acl_x": 0.10773907470703124, "imu1/acl_y": -0.0909796630859375, "imu1/acl_z": 12.933477368164061, "imu1/gyr_x": -5.862595419847328, "imu1/gyr_y": 2.3587786259541983, "imu1/gyr_z": -3.801526717557252, "imu2/acl_x": -0.12210428466796874, "imu2/acl_y": -0.03591302490234375, "imu2/acl_z": 9.639055883789062, "imu2/gyr_x": 3.6717557251908395, "imu2/gyr_y": -1.1450381679389312, "imu2/gyr_z": -0.9770992366412213, "milliseconds": 32404}