{"cam/image_array": "249_cam-image_array_.jpg", "user/angle": 0.0, "user/throttle": -1.0, "user/mode": "user", "imu1/acl_x": 0.1292868896484375, "imu1/acl_y": -0.1484405029296875, "imu1/acl_z": 12.945448376464842, "imu1/gyr_x": -3.9160305343511452, "imu1/gyr_y": 2.3206106870229006, "imu1/gyr_z": -2.068702290076336, "imu2/acl_x": -0.10773907470703124, "imu2/acl_y": -0.1292868896484375, "imu2/acl_z": 9.797073193359374, "imu2/gyr_x": 5.854961832061068, "imu2/gyr_y": -1.3206106870229009, "imu2/gyr_z": -0.9465648854961832, "milliseconds": 42702}