{"cam/image_array": "749_cam-image_array_.jpg", "user/angle": 0.0, "user/throttle": -0.9890597401041593, "user/mode": "user", "imu1/acl_x": 0.07422025146484375, "imu1/acl_y": -0.05985504150390625, "imu1/acl_z": 12.935871569824219, "imu1/gyr_x": -3.885496183206107, "imu1/gyr_y": 2.236641221374046, "imu1/gyr_z": -0.04580152671755725, "imu2/acl_x": -0.13168109130859373, "imu2/acl_y": 0.028730419921875, "imu2/acl_z": 9.787496386718749, "imu2/gyr_x": 3.801526717557252, "imu2/gyr_y": -1.381679389312977, "imu2/gyr_z": -1.0458015267175573, "milliseconds": 74835}