{"cam/image_array": "781_cam-image_array_.jpg", "user/angle": 0.0, "user/throttle": -1.0, "user/mode": "user", "imu1/acl_x": 0.076614453125, "imu1/acl_y": -0.0526724365234375, "imu1/acl_z": 12.86404552001953, "imu1/gyr_x": -3.8625954198473282, "imu1/gyr_y": 2.4732824427480917, "imu1/gyr_z": -1.816793893129771, "imu2/acl_x": -0.17956512451171874, "imu2/acl_y": -0.011971008300781249, "imu2/acl_z": 9.567229833984374, "imu2/gyr_x": 3.763358778625954, "imu2/gyr_y": -1.381679389312977, "imu2/gyr_z": -1.0534351145038168, "milliseconds": 76478}