{"cam/image_array": "424_cam-image_array_.jpg", "user/angle": 0.0, "user/throttle": -0.261344276740718, "user/mode": "user", "imu1/acl_x": 0.14604630126953125, "imu1/acl_y": -0.11013327636718749, "imu1/acl_z": 12.837709301757812, "imu1/gyr_x": -3.946564885496183, "imu1/gyr_y": 2.2290076335877864, "imu1/gyr_z": -1.9312977099236641, "imu2/acl_x": -0.105344873046875, "imu2/acl_y": -0.011971008300781249, "imu2/acl_z": 9.782707983398437, "imu2/gyr_x": 3.816793893129771, "imu2/gyr_y": -1.282442748091603, "imu2/gyr_z": -0.9618320610687023, "milliseconds": 53959}