{"cam/image_array": "441_cam-image_array_.jpg", "user/angle": 0.0, "user/throttle": 0.0, "user/mode": "user", "imu1/acl_x": 0.00239420166015625, "imu1/acl_y": -0.1292868896484375, "imu1/acl_z": 12.916717956542968, "imu1/gyr_x": -3.854961832061069, "imu1/gyr_y": 2.2900763358778624, "imu1/gyr_z": -2.1755725190839694, "imu2/acl_x": -0.05746083984375, "imu2/acl_y": -0.0430956298828125, "imu2/acl_z": 9.686939916992188, "imu2/gyr_x": 3.7938931297709924, "imu2/gyr_y": -1.3129770992366412, "imu2/gyr_z": -1.0305343511450382, "milliseconds": 54817}