{"cam/image_array": "14_cam-image_array_.jpg", "user/angle": 1.0, "user/throttle": 0.7014174795320615, "user/mode": "user", "imu1/acl_x": 0.09337386474609374, "imu1/acl_y": -0.1197100830078125, "imu1/acl_z": 12.964601989746093, "imu1/gyr_x": -3.9618320610687023, "imu1/gyr_y": 2.404580152671756, "imu1/gyr_z": -2.053435114503817, "imu2/acl_x": -0.12449848632812499, "imu2/acl_y": 0.0143652099609375, "imu2/acl_z": 9.6151138671875, "imu2/gyr_x": 3.816793893129771, "imu2/gyr_y": -1.1984732824427482, "imu2/gyr_z": -1.015267175572519, "milliseconds": 26873}