{"cam/image_array": "540_cam-image_array_.jpg", "user/angle": -1.0, "user/throttle": 0.05714285714285804, "user/mode": "user", "imu1/acl_x": 0.14604630126953125, "imu1/acl_y": -0.13407529296874998, "imu1/acl_z": 12.892775939941405, "imu1/gyr_x": -3.8244274809160306, "imu1/gyr_y": 2.4580152671755724, "imu1/gyr_z": -1.8473282442748091, "imu2/acl_x": -0.0143652099609375, "imu2/acl_y": -0.12689268798828124, "imu2/acl_z": 9.631873278808593, "imu2/gyr_x": 3.732824427480916, "imu2/gyr_y": -1.2290076335877862, "imu2/gyr_z": -0.9312977099236641, "milliseconds": 59949}