{"cam/image_array": "378_cam-image_array_.jpg", "user/angle": 0.0, "user/throttle": -1.0, "user/mode": "user", "imu1/acl_x": 0.10773907470703124, "imu1/acl_y": -0.10295067138671875, "imu1/acl_z": 12.966996191406249, "imu1/gyr_x": -3.8396946564885495, "imu1/gyr_y": 2.267175572519084, "imu1/gyr_z": -2.0763358778625953, "imu2/acl_x": -0.011971008300781249, "imu2/acl_y": 0.009576806640625, "imu2/acl_z": 9.665392102050781, "imu2/gyr_x": 3.6717557251908395, "imu2/gyr_y": -1.2748091603053435, "imu2/gyr_z": -1.015267175572519, "milliseconds": 50143}