{"cam/image_array": "550_cam-image_array_.jpg", "user/angle": 0.0, "user/throttle": -0.542326144546641, "user/mode": "user", "imu1/acl_x": 0.105344873046875, "imu1/acl_y": -0.08379705810546874, "imu1/acl_z": 12.928688964843749, "imu1/gyr_x": -3.9160305343511452, "imu1/gyr_y": 2.351145038167939, "imu1/gyr_z": -2.0381679389312977, "imu2/acl_x": -0.3064578125, "imu2/acl_y": 0.0383072265625, "imu2/acl_z": 9.662997900390625, "imu2/gyr_x": 3.8396946564885495, "imu2/gyr_y": -1.4122137404580153, "imu2/gyr_z": -0.9847328244274809, "milliseconds": 60450}