{"cam/image_array": "578_cam-image_array_.jpg", "user/angle": -0.12857142857142836, "user/throttle": 1.0, "user/mode": "user", "imu1/acl_x": 0.3016694091796875, "imu1/acl_y": -0.1197100830078125, "imu1/acl_z": 12.868833923339842, "imu1/gyr_x": -4.022900763358779, "imu1/gyr_y": 2.435114503816794, "imu1/gyr_z": -3.8625954198473282, "imu2/acl_x": -0.06943184814453125, "imu2/acl_y": 0.0143652099609375, "imu2/acl_z": 9.6151138671875, "imu2/gyr_x": 3.801526717557252, "imu2/gyr_y": -1.3587786259541985, "imu2/gyr_z": -0.8854961832061069, "milliseconds": 62949}