{"cam/image_array": "116_cam-image_array_.jpg", "user/angle": 1.0, "user/throttle": 0.014285714285713983, "user/mode": "user", "imu1/acl_x": 0.2825157958984375, "imu1/acl_y": -0.1005564697265625, "imu1/acl_z": 13.022062829589842, "imu1/gyr_x": -5.862595419847328, "imu1/gyr_y": 2.3435114503816794, "imu1/gyr_z": -1.8854961832061068, "imu2/acl_x": -0.07422025146484375, "imu2/acl_y": -0.016759411621093748, "imu2/acl_z": 9.600748657226562, "imu2/gyr_x": 3.66412213740458, "imu2/gyr_y": -1.366412213740458, "imu2/gyr_z": -1.0229007633587786, "milliseconds": 33917}