{"cam/image_array": "217_cam-image_array_.jpg", "user/angle": 0.0, "user/throttle": -0.24227530306651535, "user/mode": "user", "imu1/acl_x": 0.06464344482421874, "imu1/acl_y": -0.14604630126953125, "imu1/acl_z": 12.866439721679686, "imu1/gyr_x": -3.931297709923664, "imu1/gyr_y": 2.3206106870229006, "imu1/gyr_z": -2.0916030534351147, "imu2/acl_x": -0.01915361328125, "imu2/acl_y": 0.02154781494140625, "imu2/acl_z": 9.698910925292969, "imu2/gyr_x": 3.8396946564885495, "imu2/gyr_y": -1.183206106870229, "imu2/gyr_z": -0.9770992366412213, "milliseconds": 41044}