{"cam/image_array": "561_cam-image_array_.jpg", "user/angle": -1.0, "user/throttle": 1.0, "user/mode": "user", "imu1/acl_x": 0.143652099609375, "imu1/acl_y": -0.0718260498046875, "imu1/acl_z": 12.964601989746093, "imu1/gyr_x": -5.778625954198473, "imu1/gyr_y": 2.3435114503816794, "imu1/gyr_z": -1.8854961832061068, "imu2/acl_x": -0.10295067138671875, "imu2/acl_y": -0.02633621826171875, "imu2/acl_z": 9.627084875488281, "imu2/gyr_x": 3.900763358778626, "imu2/gyr_y": -1.1068702290076335, "imu2/gyr_z": -0.916030534351145, "milliseconds": 61015}