{"cam/image_array": "108_cam-image_array_.jpg", "user/angle": 0.0, "user/throttle": -1.0, "user/mode": "user", "imu1/acl_x": 0.1580173095703125, "imu1/acl_y": -0.08858546142578125, "imu1/acl_z": 12.998120812988281, "imu1/gyr_x": -3.900763358778626, "imu1/gyr_y": 2.2290076335877864, "imu1/gyr_z": -1.8091603053435115, "imu2/acl_x": -0.17238251953125, "imu2/acl_y": 0.00239420166015625, "imu2/acl_z": 9.6917283203125, "imu2/gyr_x": 3.9160305343511452, "imu2/gyr_y": -1.2442748091603053, "imu2/gyr_z": -0.9923664122137404, "milliseconds": 32653}