{"cam/image_array": "721_cam-image_array_.jpg", "user/angle": 1.0, "user/throttle": 1.0, "user/mode": "user", "imu1/acl_x": 0.12210428466796874, "imu1/acl_y": -0.11252747802734374, "imu1/acl_z": 12.914323754882812, "imu1/gyr_x": -3.885496183206107, "imu1/gyr_y": 2.236641221374046, "imu1/gyr_z": -0.007633587786259542, "imu2/acl_x": -0.009576806640625, "imu2/acl_y": -0.15322890625, "imu2/acl_z": 9.634267480468749, "imu2/gyr_x": 1.9618320610687023, "imu2/gyr_y": -1.4122137404580153, "imu2/gyr_z": -0.9312977099236641, "milliseconds": 72697}