{"cam/image_array": "952_cam-image_array_.jpg", "user/angle": 0.0, "user/throttle": -0.11428571428571457, "user/mode": "user", "imu1/acl_x": 0.12689268798828124, "imu1/acl_y": -0.00239420166015625, "imu1/acl_z": 13.151349719238281, "imu1/gyr_x": -3.8244274809160306, "imu1/gyr_y": 2.2290076335877864, "imu1/gyr_z": -1.6946564885496183, "imu2/acl_x": -0.11252747802734374, "imu2/acl_y": -0.009576806640625, "imu2/acl_z": 9.655815295410155, "imu2/gyr_x": 1.9923664122137406, "imu2/gyr_y": -1.251908396946565, "imu2/gyr_z": -0.8931297709923665, "milliseconds": 93049}