{"cam/image_array": "648_cam-image_array_.jpg", "user/angle": 0.0, "user/throttle": -0.14930566723390373, "user/mode": "user", "imu1/acl_x": 0.08379705810546874, "imu1/acl_y": -0.09576806640624999, "imu1/acl_z": 12.907141149902342, "imu1/gyr_x": -1.9923664122137406, "imu1/gyr_y": 2.3740458015267176, "imu1/gyr_z": -1.9389312977099236, "imu2/acl_x": -0.11013327636718749, "imu2/acl_y": 0.0047884033203125, "imu2/acl_z": 9.629479077148437, "imu2/gyr_x": 4.137404580152672, "imu2/gyr_y": -1.2061068702290076, "imu2/gyr_z": -0.9694656488549618, "milliseconds": 67827}