{"cam/image_array": "38_cam-image_array_.jpg", "user/angle": 0.0, "user/throttle": -1.0, "user/mode": "user", "imu1/acl_x": 0.08379705810546874, "imu1/acl_y": -0.05985504150390625, "imu1/acl_z": 12.892775939941405, "imu1/gyr_x": -3.8625954198473282, "imu1/gyr_y": 2.351145038167939, "imu1/gyr_z": -1.9312977099236641, "imu2/acl_x": -0.18435352783203124, "imu2/acl_y": 0.06943184814453125, "imu2/acl_z": 9.744400756835937, "imu2/gyr_x": 3.66412213740458, "imu2/gyr_y": -1.2595419847328244, "imu2/gyr_z": -1.0076335877862594, "milliseconds": 28102}