{"cam/image_array": "456_cam-image_array_.jpg", "user/angle": 0.0, "user/throttle": -1.0, "user/mode": "user", "imu1/acl_x": 0.28969840087890625, "imu1/acl_y": -0.0718260498046875, "imu1/acl_z": 12.914323754882812, "imu1/gyr_x": -3.9923664122137406, "imu1/gyr_y": 2.1755725190839694, "imu1/gyr_z": -0.03816793893129771, "imu2/acl_x": -0.29927520751953124, "imu2/acl_y": 0.05027823486328125, "imu2/acl_z": 9.60793126220703, "imu2/gyr_x": 3.7099236641221376, "imu2/gyr_y": -1.1526717557251909, "imu2/gyr_z": -0.9618320610687023, "milliseconds": 55613}