{"cam/image_array": "515_cam-image_array_.jpg", "user/angle": -0.38571428571428573, "user/throttle": 0.35714285714285704, "user/mode": "user", "imu1/acl_x": 0.028730419921875, "imu1/acl_y": -0.08140285644531249, "imu1/acl_z": 12.895170141601561, "imu1/gyr_x": -3.8625954198473282, "imu1/gyr_y": 2.351145038167939, "imu1/gyr_z": -1.9465648854961832, "imu2/acl_x": -0.05746083984375, "imu2/acl_y": 0.086191259765625, "imu2/acl_z": 9.631873278808593, "imu2/gyr_x": 3.8702290076335877, "imu2/gyr_y": -1.4351145038167938, "imu2/gyr_z": -1.0381679389312977, "milliseconds": 58654}