{"cam/image_array": "706_cam-image_array_.jpg", "user/angle": 0.0, "user/throttle": 0.0, "user/mode": "user", "imu1/acl_x": 0.1292868896484375, "imu1/acl_y": -0.11013327636718749, "imu1/acl_z": 12.928688964843749, "imu1/gyr_x": -3.984732824427481, "imu1/gyr_y": 2.1908396946564888, "imu1/gyr_z": -1.8778625954198473, "imu2/acl_x": -0.105344873046875, "imu2/acl_y": 0.016759411621093748, "imu2/acl_z": 9.548076220703125, "imu2/gyr_x": 3.7480916030534353, "imu2/gyr_y": -1.1755725190839694, "imu2/gyr_z": -1.1450381679389312, "milliseconds": 71937}