{"cam/image_array": "810_cam-image_array_.jpg", "user/angle": 0.0, "user/throttle": -1.0, "user/mode": "user", "imu1/acl_x": 0.13407529296874998, "imu1/acl_y": -0.0718260498046875, "imu1/acl_z": 12.899958544921875, "imu1/gyr_x": -3.9160305343511452, "imu1/gyr_y": 2.2213740458015265, "imu1/gyr_z": -1.8396946564885497, "imu2/acl_x": -0.1484405029296875, "imu2/acl_y": -0.15083470458984374, "imu2/acl_z": 9.603142858886718, "imu2/gyr_x": 3.7099236641221376, "imu2/gyr_y": -1.2290076335877862, "imu2/gyr_z": -1.0229007633587786, "milliseconds": 78527}