{"cam/image_array": "984_cam-image_array_.jpg", "user/angle": 0.0, "user/throttle": -1.0, "user/mode": "user", "imu1/acl_x": 0.11013327636718749, "imu1/acl_y": -0.09816226806640624, "imu1/acl_z": 12.883199133300781, "imu1/gyr_x": -3.83206106870229, "imu1/gyr_y": 2.351145038167939, "imu1/gyr_z": -1.7557251908396947, "imu2/acl_x": -0.00718260498046875, "imu2/acl_y": -0.01915361328125, "imu2/acl_z": 9.545682019042967, "imu2/gyr_x": 3.8625954198473282, "imu2/gyr_y": -1.1526717557251909, "imu2/gyr_z": -0.9541984732824428, "milliseconds": 95813}