{"cam/image_array": "223_cam-image_array_.jpg", "user/angle": 0.0, "user/throttle": -0.5232643468167093, "user/mode": "user", "imu1/acl_x": 0.1484405029296875, "imu1/acl_y": -0.076614453125, "imu1/acl_z": 12.931083166503905, "imu1/gyr_x": -5.847328244274809, "imu1/gyr_y": 2.3740458015267176, "imu1/gyr_z": -1.8702290076335877, "imu2/acl_x": -0.17238251953125, "imu2/acl_y": 0.033518823242187495, "imu2/acl_z": 9.6151138671875, "imu2/gyr_x": 3.854961832061069, "imu2/gyr_y": -1.1450381679389312, "imu2/gyr_z": -1.0763358778625953, "milliseconds": 41383}