{"cam/image_array": "246_cam-image_array_.jpg", "user/angle": -1.0, "user/throttle": 1.0, "user/mode": "user", "imu1/acl_x": 0.04548983154296875, "imu1/acl_y": -0.10773907470703124, "imu1/acl_z": 12.866439721679686, "imu1/gyr_x": -4.091603053435114, "imu1/gyr_y": 2.3740458015267176, "imu1/gyr_z": -1.9083969465648856, "imu2/acl_x": -0.12210428466796874, "imu2/acl_y": 0.0383072265625, "imu2/acl_z": 9.674968908691406, "imu2/gyr_x": 5.847328244274809, "imu2/gyr_y": -1.2061068702290076, "imu2/gyr_z": -0.9923664122137404, "milliseconds": 42559}