{"cam/image_array": "293_cam-image_array_.jpg", "user/angle": 0.0, "user/throttle": -0.8999999999999999, "user/mode": "user", "imu1/acl_x": 0.14125789794921875, "imu1/acl_y": -0.08858546142578125, "imu1/acl_z": 12.928688964843749, "imu1/gyr_x": -3.8931297709923665, "imu1/gyr_y": 2.480916030534351, "imu1/gyr_z": -1.8931297709923665, "imu2/acl_x": -0.06703764648437499, "imu2/acl_y": -0.12449848632812499, "imu2/acl_z": 9.698910925292969, "imu2/gyr_x": 3.801526717557252, "imu2/gyr_y": -1.3053435114503817, "imu2/gyr_z": -0.9465648854961832, "milliseconds": 45749}