{"cam/image_array": "970_cam-image_array_.jpg", "user/angle": 0.0, "user/throttle": -0.5468967759835481, "user/mode": "user", "imu1/acl_x": 0.11731588134765625, "imu1/acl_y": -0.08858546142578125, "imu1/acl_z": 12.955025183105468, "imu1/gyr_x": -3.900763358778626, "imu1/gyr_y": 2.50381679389313, "imu1/gyr_z": -1.8931297709923665, "imu2/acl_x": -0.1484405029296875, "imu2/acl_y": 0.0047884033203125, "imu2/acl_z": 9.785102185058593, "imu2/gyr_x": 3.7557251908396947, "imu2/gyr_y": -1.2442748091603053, "imu2/gyr_z": -1.0458015267175573, "milliseconds": 94432}