{"cam/image_array": "600_cam-image_array_.jpg", "user/angle": 0.0, "user/throttle": 0.0, "user/mode": "user", "imu1/acl_x": 0.14604630126953125, "imu1/acl_y": -0.09816226806640624, "imu1/acl_z": 12.887987536621093, "imu1/gyr_x": -3.7251908396946565, "imu1/gyr_y": 2.4122137404580153, "imu1/gyr_z": -0.015267175572519083, "imu2/acl_x": -0.17956512451171874, "imu2/acl_y": 0.13646949462890623, "imu2/acl_z": 9.502586389160156, "imu2/gyr_x": 1.9770992366412214, "imu2/gyr_y": -1.366412213740458, "imu2/gyr_z": -1.0305343511450382, "milliseconds": 64704}