{"cam/image_array": "481_cam-image_array_.jpg", "user/angle": 0.0, "user/throttle": -0.13279100100991598, "user/mode": "user", "imu1/acl_x": 0.062249243164062495, "imu1/acl_y": -0.10295067138671875, "imu1/acl_z": 12.847286108398437, "imu1/gyr_x": -5.763358778625954, "imu1/gyr_y": 2.3053435114503817, "imu1/gyr_z": -1.8244274809160306, "imu2/acl_x": -0.15322890625, "imu2/acl_y": 0.02154781494140625, "imu2/acl_z": 9.689334118652344, "imu2/gyr_x": 3.7786259541984735, "imu2/gyr_y": -1.2595419847328244, "imu2/gyr_z": -0.9541984732824428, "milliseconds": 56907}