{"cam/image_array": "334_cam-image_array_.jpg", "user/angle": -1.0, "user/throttle": 1.0, "user/mode": "user", "imu1/acl_x": 0.13168109130859373, "imu1/acl_y": -0.09576806640624999, "imu1/acl_z": 12.887987536621093, "imu1/gyr_x": -3.9083969465648853, "imu1/gyr_y": 2.2595419847328246, "imu1/gyr_z": -1.9541984732824427, "imu2/acl_x": -0.10295067138671875, "imu2/acl_y": 0.02633621826171875, "imu2/acl_z": 9.794678991699218, "imu2/gyr_x": 3.7022900763358777, "imu2/gyr_y": -1.2595419847328244, "imu2/gyr_z": -0.9923664122137404, "milliseconds": 47867}