{"cam/image_array": "662_cam-image_array_.jpg", "user/angle": 0.0, "user/throttle": -0.7571428571428579, "user/mode": "user", "imu1/acl_x": 0.143652099609375, "imu1/acl_y": -0.09337386474609374, "imu1/acl_z": 12.97896719970703, "imu1/gyr_x": -3.931297709923664, "imu1/gyr_y": 2.3206106870229006, "imu1/gyr_z": -2.0610687022900764, "imu2/acl_x": -0.143652099609375, "imu2/acl_y": 0.01915361328125, "imu2/acl_z": 9.567229833984374, "imu2/gyr_x": 3.7938931297709924, "imu2/gyr_y": -1.3282442748091603, "imu2/gyr_z": -0.9236641221374046, "milliseconds": 68552}