{"cam/image_array": "33_cam-image_array_.jpg", "user/angle": 0.0, "user/throttle": -0.946929948969658, "user/mode": "user", "imu1/acl_x": 0.15322890625, "imu1/acl_y": -0.0909796630859375, "imu1/acl_z": 12.94065997314453, "imu1/gyr_x": -4.015267175572519, "imu1/gyr_y": 2.450381679389313, "imu1/gyr_z": -2.045801526717557, "imu2/acl_x": -0.13168109130859373, "imu2/acl_y": 0.0, "imu2/acl_z": 9.504980590820312, "imu2/gyr_x": 3.9389312977099236, "imu2/gyr_y": -1.3282442748091603, "imu2/gyr_z": -1.0229007633587786, "milliseconds": 27843}