{"cam/image_array": "347_cam-image_array_.jpg", "user/angle": 1.0, "user/throttle": 0.16629752630943473, "user/mode": "user", "imu1/acl_x": 0.13646949462890623, "imu1/acl_y": -0.30406361083984373, "imu1/acl_z": 13.01727442626953, "imu1/gyr_x": -1.9694656488549618, "imu1/gyr_y": 2.2061068702290076, "imu1/gyr_z": -2.1297709923664123, "imu2/acl_x": -0.14125789794921875, "imu2/acl_y": 0.0047884033203125, "imu2/acl_z": 9.64623848876953, "imu2/gyr_x": 3.7557251908396947, "imu2/gyr_y": -1.2290076335877862, "imu2/gyr_z": -0.9541984732824428, "milliseconds": 48520}