{"cam/image_array": "126_cam-image_array_.jpg", "user/angle": 0.0, "user/throttle": -0.5506521785866085, "user/mode": "user", "imu1/acl_x": 0.14604630126953125, "imu1/acl_y": -0.1197100830078125, "imu1/acl_z": 12.945448376464842, "imu1/gyr_x": -4.0534351145038165, "imu1/gyr_y": 2.4656488549618323, "imu1/gyr_z": -1.8244274809160306, "imu2/acl_x": -0.1292868896484375, "imu2/acl_y": 0.028730419921875, "imu2/acl_z": 9.672574707031249, "imu2/gyr_x": 3.7022900763358777, "imu2/gyr_y": -1.282442748091603, "imu2/gyr_z": -1.1145038167938932, "milliseconds": 34421}