{"cam/image_array": "740_cam-image_array_.jpg", "user/angle": 1.0, "user/throttle": 0.5750636348224237, "user/mode": "user", "imu1/acl_x": 0.08379705810546874, "imu1/acl_y": -0.1197100830078125, "imu1/acl_z": 12.923900561523437, "imu1/gyr_x": -3.877862595419847, "imu1/gyr_y": 2.2977099236641223, "imu1/gyr_z": -1.9389312977099236, "imu2/acl_x": -0.1388636962890625, "imu2/acl_y": -0.0430956298828125, "imu2/acl_z": 9.694122521972655, "imu2/gyr_x": 3.7480916030534353, "imu2/gyr_y": -1.534351145038168, "imu2/gyr_z": -0.9770992366412213, "milliseconds": 73676}