{"cam/image_array": "675_cam-image_array_.jpg", "user/angle": 0.47782443708436745, "user/throttle": 1.0, "user/mode": "user", "imu1/acl_x": 0.08379705810546874, "imu1/acl_y": -0.055066638183593745, "imu1/acl_z": 12.914323754882812, "imu1/gyr_x": -3.9083969465648853, "imu1/gyr_y": 2.3053435114503817, "imu1/gyr_z": -1.786259541984733, "imu2/acl_x": -0.1149216796875, "imu2/acl_y": 0.062249243164062495, "imu2/acl_z": 9.60793126220703, "imu2/gyr_x": 3.786259541984733, "imu2/gyr_y": -1.4961832061068703, "imu2/gyr_z": -1.0534351145038168, "milliseconds": 69212}