{"cam/image_array": "350_cam-image_array_.jpg", "user/angle": 0.0, "user/throttle": -0.41428571428571415, "user/mode": "user", "imu1/acl_x": 0.16041151123046873, "imu1/acl_y": -0.04548983154296875, "imu1/acl_z": 12.97896719970703, "imu1/gyr_x": -3.969465648854962, "imu1/gyr_y": 2.450381679389313, "imu1/gyr_z": -1.9465648854961832, "imu2/acl_x": -0.11731588134765625, "imu2/acl_y": 0.04548983154296875, "imu2/acl_z": 9.643844287109374, "imu2/gyr_x": 3.7480916030534353, "imu2/gyr_y": -1.4045801526717556, "imu2/gyr_z": -1.0076335877862594, "milliseconds": 48675}