{"cam/image_array": "202_cam-image_array_.jpg", "user/angle": -0.7428571428571428, "user/throttle": 1.0, "user/mode": "user", "imu1/acl_x": 0.16041151123046873, "imu1/acl_y": -0.04548983154296875, "imu1/acl_z": 13.043610644531249, "imu1/gyr_x": -5.8396946564885495, "imu1/gyr_y": 2.236641221374046, "imu1/gyr_z": -1.8625954198473282, "imu2/acl_x": -0.277727392578125, "imu2/acl_y": 0.023942016601562498, "imu2/acl_z": 9.643844287109374, "imu2/gyr_x": 3.83206106870229, "imu2/gyr_y": -1.3358778625954197, "imu2/gyr_z": -0.916030534351145, "milliseconds": 39004}