{"cam/image_array": "751_cam-image_array_.jpg", "user/angle": 0.0, "user/throttle": -0.778396573397715, "user/mode": "user", "imu1/acl_x": 0.040701428222656245, "imu1/acl_y": -0.0909796630859375, "imu1/acl_z": 12.880804931640624, "imu1/gyr_x": -3.8473282442748094, "imu1/gyr_y": 2.2900763358778624, "imu1/gyr_z": -2.0916030534351147, "imu2/acl_x": -0.11013327636718749, "imu2/acl_y": 0.1197100830078125, "imu2/acl_z": 9.536105212402344, "imu2/gyr_x": 3.732824427480916, "imu2/gyr_y": -1.282442748091603, "imu2/gyr_z": -0.9923664122137404, "milliseconds": 74946}