{"cam/image_array": "290_cam-image_array_.jpg", "user/angle": 0.9142857142857143, "user/throttle": 0.08571428571428544, "user/mode": "user", "imu1/acl_x": 0.13168109130859373, "imu1/acl_y": -0.08379705810546874, "imu1/acl_z": 12.94065997314453, "imu1/gyr_x": -3.8625954198473282, "imu1/gyr_y": 2.2900763358778624, "imu1/gyr_z": -1.6870229007633588, "imu2/acl_x": -0.14125789794921875, "imu2/acl_y": 0.062249243164062495, "imu2/acl_z": 9.636661682128906, "imu2/gyr_x": 3.8396946564885495, "imu2/gyr_y": -1.3587786259541985, "imu2/gyr_z": -0.8931297709923665, "milliseconds": 45598}