{"cam/image_array": "630_cam-image_array_.jpg", "user/angle": 1.0, "user/throttle": 0.4142857142857139, "user/mode": "user", "imu1/acl_x": 0.15562310791015624, "imu1/acl_y": -0.1005564697265625, "imu1/acl_z": 13.007697619628905, "imu1/gyr_x": -3.8091603053435112, "imu1/gyr_y": 2.3053435114503817, "imu1/gyr_z": -2.068702290076336, "imu2/acl_x": -0.10295067138671875, "imu2/acl_y": 0.06703764648437499, "imu2/acl_z": 9.665392102050781, "imu2/gyr_x": 3.6564885496183206, "imu2/gyr_y": -1.450381679389313, "imu2/gyr_z": -1.0305343511450382, "milliseconds": 66246}