{"cam/image_array": "696_cam-image_array_.jpg", "user/angle": 0.0, "user/throttle": -1.0, "user/mode": "user", "imu1/acl_x": 0.11731588134765625, "imu1/acl_y": -0.11013327636718749, "imu1/acl_z": 12.919112158203124, "imu1/gyr_x": -1.9770992366412214, "imu1/gyr_y": 2.4198473282442747, "imu1/gyr_z": -0.015267175572519083, "imu2/acl_x": -0.12210428466796874, "imu2/acl_y": 0.009576806640625, "imu2/acl_z": 9.785102185058593, "imu2/gyr_x": 5.809160305343512, "imu2/gyr_y": -1.3206106870229009, "imu2/gyr_z": -1.0381679389312977, "milliseconds": 70304}