{"cam/image_array": "959_cam-image_array_.jpg", "user/angle": 0.0, "user/throttle": 1.1196770735061515e-16, "user/mode": "user", "imu1/acl_x": 0.10773907470703124, "imu1/acl_y": -0.08858546142578125, "imu1/acl_z": 12.97178459472656, "imu1/gyr_x": -4.1679389312977095, "imu1/gyr_y": 2.3435114503816794, "imu1/gyr_z": -1.8244274809160306, "imu2/acl_x": -0.12689268798828124, "imu2/acl_y": 0.0, "imu2/acl_z": 9.624690673828125, "imu2/gyr_x": 3.5801526717557253, "imu2/gyr_y": -1.183206106870229, "imu2/gyr_z": -1.0305343511450382, "milliseconds": 93852}