{"cam/image_array": "528_cam-image_array_.jpg", "user/angle": 0.0, "user/throttle": -1.0, "user/mode": "user", "imu1/acl_x": 0.08858546142578125, "imu1/acl_y": -0.047884033203124995, "imu1/acl_z": 12.988544006347656, "imu1/gyr_x": -4.038167938931298, "imu1/gyr_y": 2.2290076335877864, "imu1/gyr_z": -3.885496183206107, "imu2/acl_x": -0.13646949462890623, "imu2/acl_y": 0.15083470458984374, "imu2/acl_z": 9.619902270507811, "imu2/gyr_x": 3.687022900763359, "imu2/gyr_y": -1.1297709923664123, "imu2/gyr_z": -0.9618320610687023, "milliseconds": 59334}