{"cam/image_array": "912_cam-image_array_.jpg", "user/angle": 0.0, "user/throttle": -1.0, "user/mode": "user", "imu1/acl_x": 0.0909796630859375, "imu1/acl_y": -0.12210428466796874, "imu1/acl_z": 12.74912384033203, "imu1/gyr_x": -3.8396946564885495, "imu1/gyr_y": 2.1526717557251906, "imu1/gyr_z": -1.816793893129771, "imu2/acl_x": -0.13407529296874998, "imu2/acl_y": 0.031124621582031248, "imu2/acl_z": 9.629479077148437, "imu2/gyr_x": 3.7557251908396947, "imu2/gyr_y": -1.251908396946565, "imu2/gyr_z": -0.9770992366412213, "milliseconds": 85697}