{"cam/image_array": "356_cam-image_array_.jpg", "user/angle": -1.0, "user/throttle": 0.5473646628401366, "user/mode": "user", "imu1/acl_x": 0.1197100830078125, "imu1/acl_y": -0.07422025146484375, "imu1/acl_z": 12.969390393066405, "imu1/gyr_x": -4.091603053435114, "imu1/gyr_y": 2.3893129770992365, "imu1/gyr_z": -2.053435114503817, "imu2/acl_x": -0.1197100830078125, "imu2/acl_y": 0.0430956298828125, "imu2/acl_z": 9.70369932861328, "imu2/gyr_x": 3.8396946564885495, "imu2/gyr_y": -1.213740458015267, "imu2/gyr_z": -0.9465648854961832, "milliseconds": 49000}