{"cam/image_array": "158_cam-image_array_.jpg", "user/angle": 0.0, "user/throttle": -0.3032985749131363, "user/mode": "user", "imu1/acl_x": 0.1388636962890625, "imu1/acl_y": -0.076614453125, "imu1/acl_z": 12.94065997314453, "imu1/gyr_x": -3.984732824427481, "imu1/gyr_y": 2.282442748091603, "imu1/gyr_z": -1.9923664122137406, "imu2/acl_x": -0.16280571289062498, "imu2/acl_y": 0.01915361328125, "imu2/acl_z": 9.713276135253906, "imu2/gyr_x": 3.717557251908397, "imu2/gyr_y": -1.3358778625954197, "imu2/gyr_z": -0.9770992366412213, "milliseconds": 36719}