{"cam/image_array": "373_cam-image_array_.jpg", "user/angle": -1.0, "user/throttle": 1.0, "user/mode": "user", "imu1/acl_x": 0.18914193115234373, "imu1/acl_y": -0.0909796630859375, "imu1/acl_z": 12.90235274658203, "imu1/gyr_x": -4.099236641221374, "imu1/gyr_y": 2.2442748091603053, "imu1/gyr_z": -1.9694656488549618, "imu2/acl_x": -0.20350714111328125, "imu2/acl_y": -0.1484405029296875, "imu2/acl_z": 9.588777648925781, "imu2/gyr_x": 3.946564885496183, "imu2/gyr_y": -1.251908396946565, "imu2/gyr_z": -1.213740458015267, "milliseconds": 49851}