{"cam/image_array": "513_cam-image_array_.jpg", "user/angle": -0.17122172076381215, "user/throttle": 1.0, "user/mode": "user", "imu1/acl_x": 0.14125789794921875, "imu1/acl_y": -0.09337386474609374, "imu1/acl_z": 12.931083166503905, "imu1/gyr_x": -5.717557251908397, "imu1/gyr_y": 2.2519083969465647, "imu1/gyr_z": -1.8396946564885497, "imu2/acl_x": -0.19153613281249998, "imu2/acl_y": -0.1292868896484375, "imu2/acl_z": 9.548076220703125, "imu2/gyr_x": 3.5801526717557253, "imu2/gyr_y": -1.3587786259541985, "imu2/gyr_z": -0.9312977099236641, "milliseconds": 58562}