{"cam/image_array": "121_cam-image_array_.jpg", "user/angle": -1.0, "user/throttle": 0.18749276662229927, "user/mode": "user", "imu1/acl_x": 0.143652099609375, "imu1/acl_y": -0.055066638183593745, "imu1/acl_z": 12.734758630371093, "imu1/gyr_x": -5.847328244274809, "imu1/gyr_y": 2.33587786259542, "imu1/gyr_z": -1.8702290076335877, "imu2/acl_x": -0.15083470458984374, "imu2/acl_y": -0.047884033203124995, "imu2/acl_z": 9.624690673828125, "imu2/gyr_x": 3.7938931297709924, "imu2/gyr_y": -1.3511450381679388, "imu2/gyr_z": -1.0305343511450382, "milliseconds": 34175}