{"cam/image_array": "102_cam-image_array_.jpg", "user/angle": 0.0, "user/throttle": -1.0, "user/mode": "user", "imu1/acl_x": 0.00718260498046875, "imu1/acl_y": -0.11013327636718749, "imu1/acl_z": 12.957419384765624, "imu1/gyr_x": -3.8473282442748094, "imu1/gyr_y": 2.3893129770992365, "imu1/gyr_z": -1.8473282442748091, "imu2/acl_x": -0.19153613281249998, "imu2/acl_y": 0.1484405029296875, "imu2/acl_z": 9.60793126220703, "imu2/gyr_x": 3.7480916030534353, "imu2/gyr_y": -1.251908396946565, "imu2/gyr_z": -0.8396946564885496, "milliseconds": 32340}