{"cam/image_array": "701_cam-image_array_.jpg", "user/angle": 0.0, "user/throttle": 3.061616997868383e-16, "user/mode": "user", "imu1/acl_x": 0.13168109130859373, "imu1/acl_y": -0.14125789794921875, "imu1/acl_z": 12.957419384765624, "imu1/gyr_x": -3.885496183206107, "imu1/gyr_y": 2.49618320610687, "imu1/gyr_z": -2.0763358778625953, "imu2/acl_x": -0.1197100830078125, "imu2/acl_y": 0.05027823486328125, "imu2/acl_z": 9.528922607421874, "imu2/gyr_x": 3.732824427480916, "imu2/gyr_y": -1.4045801526717556, "imu2/gyr_z": -1.0381679389312977, "milliseconds": 71672}