{"cam/image_array": "996_cam-image_array_.jpg", "user/angle": 0.10859306069076766, "user/throttle": 1.0, "user/mode": "user", "imu1/acl_x": 0.13646949462890623, "imu1/acl_y": -0.1292868896484375, "imu1/acl_z": 12.9861498046875, "imu1/gyr_x": -3.7786259541984735, "imu1/gyr_y": 2.381679389312977, "imu1/gyr_z": -1.8473282442748091, "imu2/acl_x": -0.143652099609375, "imu2/acl_y": 0.13407529296874998, "imu2/acl_z": 9.785102185058593, "imu2/gyr_x": 3.8091603053435112, "imu2/gyr_y": -1.2442748091603053, "imu2/gyr_z": -1.1297709923664123, "milliseconds": 96448}