{"cam/image_array": "890_cam-image_array_.jpg", "user/angle": 1.0, "user/throttle": 0.09999999999999984, "user/mode": "user", "imu1/acl_x": 0.15562310791015624, "imu1/acl_y": -0.03591302490234375, "imu1/acl_z": 12.8329208984375, "imu1/gyr_x": -3.7709923664122136, "imu1/gyr_y": 2.3206106870229006, "imu1/gyr_z": -1.8091603053435115, "imu2/acl_x": -0.12689268798828124, "imu2/acl_y": -0.01915361328125, "imu2/acl_z": 9.600748657226562, "imu2/gyr_x": 3.732824427480916, "imu2/gyr_y": -1.2213740458015268, "imu2/gyr_z": -0.8396946564885496, "milliseconds": 83232}