{"cam/image_array": "276_cam-image_array_.jpg", "user/angle": 1.7494954273533618e-18, "user/throttle": 0.02857142857142857, "user/mode": "user", "imu1/acl_x": 0.13168109130859373, "imu1/acl_y": -0.055066638183593745, "imu1/acl_z": 12.9095353515625, "imu1/gyr_x": -4.068702290076335, "imu1/gyr_y": 2.2748091603053435, "imu1/gyr_z": -2.1526717557251906, "imu2/acl_x": -0.13646949462890623, "imu2/acl_y": 0.011971008300781249, "imu2/acl_z": 9.64623848876953, "imu2/gyr_x": 3.732824427480916, "imu2/gyr_y": -1.1374045801526718, "imu2/gyr_z": -1.0763358778625953, "milliseconds": 44853}