{"cam/image_array": "960_cam-image_array_.jpg", "user/angle": 0.0, "user/throttle": 1.1196770735061515e-16, "user/mode": "user", "imu1/acl_x": 0.13407529296874998, "imu1/acl_y": -0.08140285644531249, "imu1/acl_z": 12.959813586425781, "imu1/gyr_x": -3.8091603053435112, "imu1/gyr_y": 2.3587786259541983, "imu1/gyr_z": -2.0610687022900764, "imu2/acl_x": -0.07900865478515624, "imu2/acl_y": 0.00718260498046875, "imu2/acl_z": 9.612719665527344, "imu2/gyr_x": 5.8320610687022905, "imu2/gyr_y": -1.2671755725190839, "imu2/gyr_z": -1.0763358778625953, "milliseconds": 93911}