{"cam/image_array": "776_cam-image_array_.jpg", "user/angle": 1.0, "user/throttle": 1.0, "user/mode": "user", "imu1/acl_x": 0.28730419921875, "imu1/acl_y": -0.1005564697265625, "imu1/acl_z": 12.883199133300781, "imu1/gyr_x": -3.8702290076335877, "imu1/gyr_y": 2.351145038167939, "imu1/gyr_z": -1.8702290076335877, "imu2/acl_x": -0.13168109130859373, "imu2/acl_y": -0.03591302490234375, "imu2/acl_z": 9.74200655517578, "imu2/gyr_x": 3.8244274809160306, "imu2/gyr_y": -1.3511450381679388, "imu2/gyr_z": -0.9389312977099237, "milliseconds": 76237}