{"cam/image_array": "435_cam-image_array_.jpg", "user/angle": 0.0, "user/throttle": -0.10000000000000052, "user/mode": "user", "imu1/acl_x": 0.13168109130859373, "imu1/acl_y": -0.06703764648437499, "imu1/acl_z": 12.897564343261719, "imu1/gyr_x": -1.9618320610687023, "imu1/gyr_y": 2.3587786259541983, "imu1/gyr_z": -1.816793893129771, "imu2/acl_x": -0.12689268798828124, "imu2/acl_y": 0.031124621582031248, "imu2/acl_z": 9.655815295410155, "imu2/gyr_x": 3.7557251908396947, "imu2/gyr_y": -1.2442748091603053, "imu2/gyr_z": -1.0458015267175573, "milliseconds": 54518}