{"cam/image_array": "177_cam-image_array_.jpg", "user/angle": 1.0, "user/throttle": 1.0, "user/mode": "user", "imu1/acl_x": 0.24660277099609373, "imu1/acl_y": -0.09576806640624999, "imu1/acl_z": 12.907141149902342, "imu1/gyr_x": -3.9083969465648853, "imu1/gyr_y": 2.351145038167939, "imu1/gyr_z": -1.816793893129771, "imu2/acl_x": -0.15562310791015624, "imu2/acl_y": 0.009576806640625, "imu2/acl_z": 9.694122521972655, "imu2/gyr_x": 3.6793893129770994, "imu2/gyr_y": -1.450381679389313, "imu2/gyr_z": -1.0534351145038168, "milliseconds": 37705}