{"cam/image_array": "1002_cam-image_array_.jpg", "user/angle": 0.0, "user/throttle": -1.0, "user/mode": "user", "imu1/acl_x": 0.14604630126953125, "imu1/acl_y": -0.05985504150390625, "imu1/acl_z": 12.892775939941405, "imu1/gyr_x": -3.7557251908396947, "imu1/gyr_y": 2.3893129770992365, "imu1/gyr_z": -1.8473282442748091, "imu2/acl_x": -0.13646949462890623, "imu2/acl_y": 0.028730419921875, "imu2/acl_z": 9.715670336914062, "imu2/gyr_x": 3.7557251908396947, "imu2/gyr_y": -1.3435114503816794, "imu2/gyr_z": -1.0381679389312977, "milliseconds": 96750}