{"cam/image_array": "297_cam-image_array_.jpg", "user/angle": 1.0, "user/throttle": 1.0, "user/mode": "user", "imu1/acl_x": 0.009576806640625, "imu1/acl_y": -0.10773907470703124, "imu1/acl_z": 12.928688964843749, "imu1/gyr_x": -3.9236641221374047, "imu1/gyr_y": 2.3969465648854964, "imu1/gyr_z": -3.8702290076335877, "imu2/acl_x": -0.21787235107421873, "imu2/acl_y": 0.09576806640624999, "imu2/acl_z": 9.567229833984374, "imu2/gyr_x": 3.7022900763358777, "imu2/gyr_y": -1.251908396946565, "imu2/gyr_z": -1.0381679389312977, "milliseconds": 45951}