{"cam/image_array": "123_cam-image_array_.jpg", "user/angle": 0.0, "user/throttle": 0.0, "user/mode": "user", "imu1/acl_x": 0.105344873046875, "imu1/acl_y": -0.07422025146484375, "imu1/acl_z": 12.90235274658203, "imu1/gyr_x": -3.9770992366412212, "imu1/gyr_y": 2.2595419847328246, "imu1/gyr_z": -1.9770992366412214, "imu2/acl_x": -0.12689268798828124, "imu2/acl_y": -0.0047884033203125, "imu2/acl_z": 9.617508068847656, "imu2/gyr_x": 3.7404580152671754, "imu2/gyr_y": -1.1603053435114503, "imu2/gyr_z": -0.9007633587786259, "milliseconds": 34288}