{"cam/image_array": "538_cam-image_array_.jpg", "user/angle": -1.0, "user/throttle": 0.2632933330091906, "user/mode": "user", "imu1/acl_x": 0.17238251953125, "imu1/acl_y": -0.05746083984375, "imu1/acl_z": 12.9095353515625, "imu1/gyr_x": -3.969465648854962, "imu1/gyr_y": 2.2977099236641223, "imu1/gyr_z": -3.8702290076335877, "imu2/acl_x": -0.143652099609375, "imu2/acl_y": 0.00239420166015625, "imu2/acl_z": 9.583989245605467, "imu2/gyr_x": 3.8473282442748094, "imu2/gyr_y": -1.2595419847328244, "imu2/gyr_z": -0.9541984732824428, "milliseconds": 59824}