{"cam/image_array": "989_cam-image_array_.jpg", "user/angle": -1.0, "user/throttle": 1.0, "user/mode": "user", "imu1/acl_x": 0.09576806640624999, "imu1/acl_y": -0.1388636962890625, "imu1/acl_z": 13.000515014648437, "imu1/gyr_x": -3.9389312977099236, "imu1/gyr_y": 2.2595419847328246, "imu1/gyr_z": -1.8244274809160306, "imu2/acl_x": -0.16519991455078123, "imu2/acl_y": -0.02154781494140625, "imu2/acl_z": 9.713276135253906, "imu2/gyr_x": 3.7938931297709924, "imu2/gyr_y": -1.3358778625954197, "imu2/gyr_z": -1.183206106870229, "milliseconds": 96077}