{"cam/image_array": "457_cam-image_array_.jpg", "user/angle": 0.0, "user/throttle": 0.0, "user/mode": "user", "imu1/acl_x": 0.07422025146484375, "imu1/acl_y": -0.08858546142578125, "imu1/acl_z": 12.892775939941405, "imu1/gyr_x": -3.8931297709923665, "imu1/gyr_y": 2.2977099236641223, "imu1/gyr_z": -1.9083969465648856, "imu2/acl_x": -0.07422025146484375, "imu2/acl_y": -0.1484405029296875, "imu2/acl_z": 9.718064538574218, "imu2/gyr_x": 3.648854961832061, "imu2/gyr_y": -1.1221374045801527, "imu2/gyr_z": -0.9236641221374046, "milliseconds": 55680}