{"cam/image_array": "534_cam-image_array_.jpg", "user/angle": 1.0, "user/throttle": 0.07014780809039282, "user/mode": "user", "imu1/acl_x": 0.06703764648437499, "imu1/acl_y": -0.1292868896484375, "imu1/acl_z": 12.73715283203125, "imu1/gyr_x": -1.9770992366412214, "imu1/gyr_y": 2.4885496183206106, "imu1/gyr_z": -1.9389312977099236, "imu2/acl_x": -0.12689268798828124, "imu2/acl_y": 0.12449848632812499, "imu2/acl_z": 9.749189160156249, "imu2/gyr_x": 1.9923664122137406, "imu2/gyr_y": -1.2061068702290076, "imu2/gyr_z": -1.0, "milliseconds": 59619}