{"cam/image_array": "942_cam-image_array_.jpg", "user/angle": 0.0, "user/throttle": 0.0, "user/mode": "user", "imu1/acl_x": 0.13168109130859373, "imu1/acl_y": -0.13168109130859373, "imu1/acl_z": 12.876016528320312, "imu1/gyr_x": -3.900763358778626, "imu1/gyr_y": 2.4198473282442747, "imu1/gyr_z": -1.9389312977099236, "imu2/acl_x": -0.10773907470703124, "imu2/acl_y": 0.0383072265625, "imu2/acl_z": 9.648632690429688, "imu2/gyr_x": 3.854961832061069, "imu2/gyr_y": -1.3053435114503817, "imu2/gyr_z": -0.8702290076335878, "milliseconds": 92519}