{"cam/image_array": "491_cam-image_array_.jpg", "user/angle": 0.21253831986276875, "user/throttle": 1.0, "user/mode": "user", "imu1/acl_x": 0.14125789794921875, "imu1/acl_y": -0.10773907470703124, "imu1/acl_z": 12.950236779785156, "imu1/gyr_x": -3.8091603053435112, "imu1/gyr_y": 2.1755725190839694, "imu1/gyr_z": -2.0763358778625953, "imu2/acl_x": -0.12210428466796874, "imu2/acl_y": 0.047884033203124995, "imu2/acl_z": 9.591171850585937, "imu2/gyr_x": 3.854961832061069, "imu2/gyr_y": -1.251908396946565, "imu2/gyr_z": -0.9618320610687023, "milliseconds": 57427}