{"cam/image_array": "425_cam-image_array_.jpg", "user/angle": 0.0, "user/throttle": 0.0, "user/mode": "user", "imu1/acl_x": 0.16998831787109375, "imu1/acl_y": -0.16280571289062498, "imu1/acl_z": 12.969390393066405, "imu1/gyr_x": -3.9160305343511452, "imu1/gyr_y": 2.4427480916030535, "imu1/gyr_z": -1.7709923664122138, "imu2/acl_x": -0.13407529296874998, "imu2/acl_y": -0.028730419921875, "imu2/acl_z": 9.672574707031249, "imu2/gyr_x": 3.83206106870229, "imu2/gyr_y": -1.3282442748091603, "imu2/gyr_z": -1.0076335877862594, "milliseconds": 54001}