{"cam/image_array": "408_cam-image_array_.jpg", "user/angle": 1.0, "user/throttle": 0.7828229972866974, "user/mode": "user", "imu1/acl_x": 0.08379705810546874, "imu1/acl_y": -0.11252747802734374, "imu1/acl_z": 12.876016528320312, "imu1/gyr_x": -5.8320610687022905, "imu1/gyr_y": 2.312977099236641, "imu1/gyr_z": -1.8854961832061068, "imu2/acl_x": -0.11731588134765625, "imu2/acl_y": 0.0143652099609375, "imu2/acl_z": 9.612719665527344, "imu2/gyr_x": 3.732824427480916, "imu2/gyr_y": -1.3893129770992367, "imu2/gyr_z": -1.1068702290076335, "milliseconds": 52617}