{"cam/image_array": "901_cam-image_array_.jpg", "user/angle": -1.0, "user/throttle": 0.40000000000000013, "user/mode": "user", "imu1/acl_x": 0.06943184814453125, "imu1/acl_y": -0.06464344482421874, "imu1/acl_z": 12.727576025390624, "imu1/gyr_x": -3.7938931297709924, "imu1/gyr_y": 2.49618320610687, "imu1/gyr_z": -1.9083969465648856, "imu2/acl_x": -0.10295067138671875, "imu2/acl_y": 0.08858546142578125, "imu2/acl_z": 9.696516723632811, "imu2/gyr_x": 3.763358778625954, "imu2/gyr_y": -1.4580152671755726, "imu2/gyr_z": -0.9694656488549618, "milliseconds": 85144}