{"cam/image_array": "728_cam-image_array_.jpg", "user/angle": -1.0, "user/throttle": 1.0, "user/mode": "user", "imu1/acl_x": 0.2609679809570312, "imu1/acl_y": -0.0718260498046875, "imu1/acl_z": 12.90235274658203, "imu1/gyr_x": -5.8320610687022905, "imu1/gyr_y": 2.3282442748091605, "imu1/gyr_z": -1.9541984732824427, "imu2/acl_x": -0.17477672119140625, "imu2/acl_y": 0.01915361328125, "imu2/acl_z": 9.718064538574218, "imu2/gyr_x": 3.8473282442748094, "imu2/gyr_y": -1.4427480916030535, "imu2/gyr_z": -1.015267175572519, "milliseconds": 73064}