{"cam/image_array": "84_cam-image_array_.jpg", "user/angle": -0.24285714285714283, "user/throttle": 0.11428571428571432, "user/mode": "user", "imu1/acl_x": 0.17477672119140625, "imu1/acl_y": -0.06464344482421874, "imu1/acl_z": 12.880804931640624, "imu1/gyr_x": -4.015267175572519, "imu1/gyr_y": 2.2442748091603053, "imu1/gyr_z": -1.9770992366412214, "imu2/acl_x": -0.1149216796875, "imu2/acl_y": 0.0047884033203125, "imu2/acl_z": 9.651026892089844, "imu2/gyr_x": 3.9618320610687023, "imu2/gyr_y": -1.2366412213740459, "imu2/gyr_z": -1.1603053435114503, "milliseconds": 31414}