{"cam/image_array": "93_cam-image_array_.jpg", "user/angle": 0.0, "user/throttle": -1.0, "user/mode": "user", "imu1/acl_x": 0.16041151123046873, "imu1/acl_y": -0.086191259765625, "imu1/acl_z": 12.753912243652342, "imu1/gyr_x": -3.9236641221374047, "imu1/gyr_y": 2.2748091603053435, "imu1/gyr_z": -1.9694656488549618, "imu2/acl_x": -0.1149216796875, "imu2/acl_y": 0.05027823486328125, "imu2/acl_z": 9.792284790039062, "imu2/gyr_x": 3.8244274809160306, "imu2/gyr_y": -1.1374045801526718, "imu2/gyr_z": -1.1526717557251909, "milliseconds": 31868}