{"cam/image_array": "388_cam-image_array_.jpg", "user/angle": -1.0, "user/throttle": 1.0, "user/mode": "user", "imu1/acl_x": 0.06703764648437499, "imu1/acl_y": -0.086191259765625, "imu1/acl_z": 12.73715283203125, "imu1/gyr_x": -3.9083969465648853, "imu1/gyr_y": 2.1908396946564888, "imu1/gyr_z": -1.9083969465648856, "imu2/acl_x": -0.2609679809570312, "imu2/acl_y": 0.02154781494140625, "imu2/acl_z": 9.667786303710937, "imu2/gyr_x": 3.801526717557252, "imu2/gyr_y": -1.1603053435114503, "imu2/gyr_z": -0.9618320610687023, "milliseconds": 51600}