{"cam/image_array": "211_cam-image_array_.jpg", "user/angle": 0.0, "user/throttle": 0.0, "user/mode": "user", "imu1/acl_x": 0.1484405029296875, "imu1/acl_y": -0.0718260498046875, "imu1/acl_z": 12.947842578125, "imu1/gyr_x": -3.8396946564885495, "imu1/gyr_y": 2.3435114503816794, "imu1/gyr_z": -1.6259541984732824, "imu2/acl_x": -0.13407529296874998, "imu2/acl_y": 0.05985504150390625, "imu2/acl_z": 9.660603698730467, "imu2/gyr_x": 3.8473282442748094, "imu2/gyr_y": -1.2748091603053435, "imu2/gyr_z": -1.1526717557251909, "milliseconds": 40747}