{"cam/image_array": "36_cam-image_array_.jpg", "user/angle": 0.5714285714285713, "user/throttle": 1.0, "user/mode": "user", "imu1/acl_x": 0.13168109130859373, "imu1/acl_y": -0.1197100830078125, "imu1/acl_z": 12.935871569824219, "imu1/gyr_x": -4.0458015267175576, "imu1/gyr_y": 2.16793893129771, "imu1/gyr_z": -1.786259541984733, "imu2/acl_x": -0.08140285644531249, "imu2/acl_y": 0.0, "imu2/acl_z": 9.583989245605467, "imu2/gyr_x": 3.8625954198473282, "imu2/gyr_y": -1.2366412213740459, "imu2/gyr_z": -0.8931297709923665, "milliseconds": 28001}