{"cam/image_array": "438_cam-image_array_.jpg", "user/angle": -0.5362837401730175, "user/throttle": 1.0, "user/mode": "user", "imu1/acl_x": 0.11731588134765625, "imu1/acl_y": -0.1292868896484375, "imu1/acl_z": 13.031639636230468, "imu1/gyr_x": -4.00763358778626, "imu1/gyr_y": 2.282442748091603, "imu1/gyr_z": -1.9083969465648856, "imu2/acl_x": -0.11013327636718749, "imu2/acl_y": -0.011971008300781249, "imu2/acl_z": 9.708487731933593, "imu2/gyr_x": 3.7938931297709924, "imu2/gyr_y": -1.2061068702290076, "imu2/gyr_z": -1.0381679389312977, "milliseconds": 54673}