{"cam/image_array": "658_cam-image_array_.jpg", "user/angle": -0.07142857142857141, "user/throttle": 0.1, "user/mode": "user", "imu1/acl_x": 0.2657563842773437, "imu1/acl_y": -0.05985504150390625, "imu1/acl_z": 12.919112158203124, "imu1/gyr_x": -4.038167938931298, "imu1/gyr_y": 2.3282442748091605, "imu1/gyr_z": -1.8015267175572518, "imu2/acl_x": -0.1388636962890625, "imu2/acl_y": -0.06943184814453125, "imu2/acl_z": 9.72285294189453, "imu2/gyr_x": 3.717557251908397, "imu2/gyr_y": -1.3740458015267176, "imu2/gyr_z": -0.8549618320610687, "milliseconds": 68350}