{"cam/image_array": "647_cam-image_array_.jpg", "user/angle": 0.0, "user/throttle": 0.0, "user/mode": "user", "imu1/acl_x": 0.08379705810546874, "imu1/acl_y": -0.08140285644531249, "imu1/acl_z": 12.933477368164061, "imu1/gyr_x": -3.83206106870229, "imu1/gyr_y": 2.33587786259542, "imu1/gyr_z": -2.2061068702290076, "imu2/acl_x": -0.12689268798828124, "imu2/acl_y": 0.0383072265625, "imu2/acl_z": 9.698910925292969, "imu2/gyr_x": 3.8931297709923665, "imu2/gyr_y": -1.2671755725190839, "imu2/gyr_z": -0.9618320610687023, "milliseconds": 67778}