{"cam/image_array": "351_cam-image_array_.jpg", "user/angle": 0.0, "user/throttle": 0.0, "user/mode": "user", "imu1/acl_x": 0.143652099609375, "imu1/acl_y": -0.040701428222656245, "imu1/acl_z": 12.945448376464842, "imu1/gyr_x": -3.946564885496183, "imu1/gyr_y": 2.3206106870229006, "imu1/gyr_z": -1.7099236641221374, "imu2/acl_x": -0.18435352783203124, "imu2/acl_y": 0.031124621582031248, "imu2/acl_z": 9.689334118652344, "imu2/gyr_x": 3.7022900763358777, "imu2/gyr_y": -1.0458015267175573, "imu2/gyr_z": -1.0076335877862594, "milliseconds": 48725}