{"cam/image_array": "702_cam-image_array_.jpg", "user/angle": 0.0, "user/throttle": 3.061616997868383e-16, "user/mode": "user", "imu1/acl_x": 0.26815058593749996, "imu1/acl_y": -0.04548983154296875, "imu1/acl_z": 12.90235274658203, "imu1/gyr_x": -3.8625954198473282, "imu1/gyr_y": 2.2290076335877864, "imu1/gyr_z": -0.007633587786259542, "imu2/acl_x": -0.0383072265625, "imu2/acl_y": 0.14604630126953125, "imu2/acl_z": 9.782707983398437, "imu2/gyr_x": 3.717557251908397, "imu2/gyr_y": -1.251908396946565, "imu2/gyr_z": -0.8549618320610687, "milliseconds": 71735}