{"cam/image_array": "221_cam-image_array_.jpg", "user/angle": 1.0, "user/throttle": 0.1571428571428569, "user/mode": "user", "imu1/acl_x": 0.1197100830078125, "imu1/acl_y": -0.10773907470703124, "imu1/acl_z": 12.856862915039061, "imu1/gyr_x": -3.885496183206107, "imu1/gyr_y": 2.3587786259541983, "imu1/gyr_z": -0.022900763358778626, "imu2/acl_x": -0.12449848632812499, "imu2/acl_y": 0.023942016601562498, "imu2/acl_z": 9.708487731933593, "imu2/gyr_x": 3.763358778625954, "imu2/gyr_y": -1.3129770992366412, "imu2/gyr_z": -0.9083969465648855, "milliseconds": 41264}