{"cam/image_array": "3_cam-image_array_.jpg", "user/angle": -0.45714285714285713, "user/throttle": 0.18571428571428564, "user/mode": "user", "imu1/acl_x": 0.16998831787109375, "imu1/acl_y": -0.11013327636718749, "imu1/acl_z": 12.878410729980468, "imu1/gyr_x": -3.9236641221374047, "imu1/gyr_y": 2.381679389312977, "imu1/gyr_z": -1.8702290076335877, "imu2/acl_x": -0.1292868896484375, "imu2/acl_y": 0.00239420166015625, "imu2/acl_z": 9.60793126220703, "imu2/gyr_x": 3.946564885496183, "imu2/gyr_y": -1.1755725190839694, "imu2/gyr_z": -1.0076335877862594, "milliseconds": 26305}