{"cam/image_array": "698_cam-image_array_.jpg", "user/angle": 0.0, "user/throttle": 0.0, "user/mode": "user", "imu1/acl_x": 0.0383072265625, "imu1/acl_y": -0.028730419921875, "imu1/acl_z": 12.969390393066405, "imu1/gyr_x": -3.9618320610687023, "imu1/gyr_y": 2.3206106870229006, "imu1/gyr_z": -1.9618320610687023, "imu2/acl_x": -0.1197100830078125, "imu2/acl_y": 0.02154781494140625, "imu2/acl_z": 9.619902270507811, "imu2/gyr_x": 3.7099236641221376, "imu2/gyr_y": -1.16793893129771, "imu2/gyr_z": -1.0916030534351144, "milliseconds": 71528}