{"cam/image_array": "480_cam-image_array_.jpg", "user/angle": 0.0, "user/throttle": -0.13279100100991598, "user/mode": "user", "imu1/acl_x": 0.1292868896484375, "imu1/acl_y": -0.0718260498046875, "imu1/acl_z": 12.883199133300781, "imu1/gyr_x": -2.0381679389312977, "imu1/gyr_y": 2.2519083969465647, "imu1/gyr_z": -1.9618320610687023, "imu2/acl_x": -0.105344873046875, "imu2/acl_y": 0.0143652099609375, "imu2/acl_z": 9.679757312011718, "imu2/gyr_x": 3.7404580152671754, "imu2/gyr_y": -1.2442748091603053, "imu2/gyr_z": -0.9847328244274809, "milliseconds": 56845}