{"cam/image_array": "22_cam-image_array_.jpg", "user/angle": -0.5053998113405996, "user/throttle": 1.0, "user/mode": "user", "imu1/acl_x": 0.09816226806640624, "imu1/acl_y": -0.062249243164062495, "imu1/acl_z": 12.89038173828125, "imu1/gyr_x": -1.9618320610687023, "imu1/gyr_y": 2.2748091603053435, "imu1/gyr_z": -1.9312977099236641, "imu2/acl_x": -0.0909796630859375, "imu2/acl_y": -0.13168109130859373, "imu2/acl_z": 9.65342109375, "imu2/gyr_x": 3.7404580152671754, "imu2/gyr_y": -1.1450381679389312, "imu2/gyr_z": -0.7938931297709924, "milliseconds": 27303}