{"cam/image_array": "181_cam-image_array_.jpg", "user/angle": 1.0, "user/throttle": 1.0, "user/mode": "user", "imu1/acl_x": 0.10773907470703124, "imu1/acl_y": -0.076614453125, "imu1/acl_z": 12.914323754882812, "imu1/gyr_x": -3.885496183206107, "imu1/gyr_y": 2.3740458015267176, "imu1/gyr_z": -1.9465648854961832, "imu2/acl_x": -0.105344873046875, "imu2/acl_y": 0.04548983154296875, "imu2/acl_z": 9.677363110351562, "imu2/gyr_x": 3.7709923664122136, "imu2/gyr_y": -1.213740458015267, "imu2/gyr_z": -1.0458015267175573, "milliseconds": 37922}