{"cam/image_array": "87_cam-image_array_.jpg", "user/angle": 0.0, "user/throttle": -1.0, "user/mode": "user", "imu1/acl_x": 0.1484405029296875, "imu1/acl_y": -0.01915361328125, "imu1/acl_z": 12.904746948242186, "imu1/gyr_x": -3.9389312977099236, "imu1/gyr_y": 2.5114503816793894, "imu1/gyr_z": -1.786259541984733, "imu2/acl_x": -0.26815058593749996, "imu2/acl_y": 0.0383072265625, "imu2/acl_z": 9.588777648925781, "imu2/gyr_x": 3.687022900763359, "imu2/gyr_y": -1.1297709923664123, "imu2/gyr_z": -0.9236641221374046, "milliseconds": 31561}