{"cam/image_array": "168_cam-image_array_.jpg", "user/angle": 0.10000000000000019, "user/throttle": 0.8857142857142857, "user/mode": "user", "imu1/acl_x": 0.09337386474609374, "imu1/acl_y": -0.0718260498046875, "imu1/acl_z": 12.7563064453125, "imu1/gyr_x": -3.8244274809160306, "imu1/gyr_y": 2.1297709923664123, "imu1/gyr_z": -0.007633587786259542, "imu2/acl_x": -0.143652099609375, "imu2/acl_y": -0.143652099609375, "imu2/acl_z": 9.562441430664062, "imu2/gyr_x": 3.7404580152671754, "imu2/gyr_y": -1.3282442748091603, "imu2/gyr_z": -0.9007633587786259, "milliseconds": 37250}