{"cam/image_array": "434_cam-image_array_.jpg", "user/angle": 0.0, "user/throttle": -0.10000000000000052, "user/mode": "user", "imu1/acl_x": 0.0047884033203125, "imu1/acl_y": -0.06703764648437499, "imu1/acl_z": 12.955025183105468, "imu1/gyr_x": -3.8625954198473282, "imu1/gyr_y": 2.4198473282442747, "imu1/gyr_z": -2.099236641221374, "imu2/acl_x": -0.18914193115234373, "imu2/acl_y": 0.009576806640625, "imu2/acl_z": 9.648632690429688, "imu2/gyr_x": 3.7786259541984735, "imu2/gyr_y": -1.183206106870229, "imu2/gyr_z": -0.9312977099236641, "milliseconds": 54459}