{"cam/image_array": "677_cam-image_array_.jpg", "user/angle": 0.6419366564593432, "user/throttle": 1.0, "user/mode": "user", "imu1/acl_x": 0.181959326171875, "imu1/acl_y": -0.1005564697265625, "imu1/acl_z": 12.959813586425781, "imu1/gyr_x": -3.954198473282443, "imu1/gyr_y": 2.427480916030534, "imu1/gyr_z": -1.8931297709923665, "imu2/acl_x": -0.1005564697265625, "imu2/acl_y": 0.00239420166015625, "imu2/acl_z": 9.651026892089844, "imu2/gyr_x": 3.7404580152671754, "imu2/gyr_y": -1.1374045801526718, "imu2/gyr_z": -1.0076335877862594, "milliseconds": 69330}