{"cam/image_array": "473_cam-image_array_.jpg", "user/angle": 0.0, "user/throttle": -1.0, "user/mode": "user", "imu1/acl_x": 0.28012159423828126, "imu1/acl_y": -0.12689268798828124, "imu1/acl_z": 12.962207788085937, "imu1/gyr_x": -3.801526717557252, "imu1/gyr_y": 2.351145038167939, "imu1/gyr_z": -1.8473282442748091, "imu2/acl_x": -0.11252747802734374, "imu2/acl_y": -0.0143652099609375, "imu2/acl_z": 9.612719665527344, "imu2/gyr_x": 3.7557251908396947, "imu2/gyr_y": -1.297709923664122, "imu2/gyr_z": -1.0534351145038168, "milliseconds": 56507}