{"cam/image_array": "562_cam-image_array_.jpg", "user/angle": -1.0, "user/throttle": 1.0, "user/mode": "user", "imu1/acl_x": 0.12689268798828124, "imu1/acl_y": -0.11013327636718749, "imu1/acl_z": 12.957419384765624, "imu1/gyr_x": -3.7786259541984735, "imu1/gyr_y": 2.2519083969465647, "imu1/gyr_z": -2.045801526717557, "imu2/acl_x": -0.11731588134765625, "imu2/acl_y": 0.016759411621093748, "imu2/acl_z": 9.662997900390625, "imu2/gyr_x": 3.8625954198473282, "imu2/gyr_y": -1.3358778625954197, "imu2/gyr_z": -0.9694656488549618, "milliseconds": 61067}