{"cam/image_array": "512_cam-image_array_.jpg", "user/angle": -0.6142857142857143, "user/throttle": 1.0, "user/mode": "user", "imu1/acl_x": 0.05985504150390625, "imu1/acl_y": -0.10773907470703124, "imu1/acl_z": 12.964601989746093, "imu1/gyr_x": -5.816793893129771, "imu1/gyr_y": 2.16793893129771, "imu1/gyr_z": -1.9541984732824427, "imu2/acl_x": -0.11013327636718749, "imu2/acl_y": -0.0430956298828125, "imu2/acl_z": 9.68454571533203, "imu2/gyr_x": 3.8625954198473282, "imu2/gyr_y": -1.2366412213740459, "imu2/gyr_z": -0.9541984732824428, "milliseconds": 58497}