{"cam/image_array": "63_cam-image_array_.jpg", "user/angle": 0.0, "user/throttle": -1.0, "user/mode": "user", "imu1/acl_x": 0.1867477294921875, "imu1/acl_y": -0.1388636962890625, "imu1/acl_z": 13.007697619628905, "imu1/gyr_x": -3.9236641221374047, "imu1/gyr_y": 2.2595419847328246, "imu1/gyr_z": -1.916030534351145, "imu2/acl_x": -0.08140285644531249, "imu2/acl_y": -0.047884033203124995, "imu2/acl_z": 9.6917283203125, "imu2/gyr_x": 3.854961832061069, "imu2/gyr_y": -1.3740458015267176, "imu2/gyr_z": -0.8320610687022901, "milliseconds": 29915}