{"cam/image_array": "813_cam-image_array_.jpg", "user/angle": 0.0, "user/throttle": -0.33390844795202834, "user/mode": "user", "imu1/acl_x": 0.09816226806640624, "imu1/acl_y": -0.105344873046875, "imu1/acl_z": 12.995726611328124, "imu1/gyr_x": -3.900763358778626, "imu1/gyr_y": 2.366412213740458, "imu1/gyr_z": -2.0610687022900764, "imu2/acl_x": -0.19393033447265623, "imu2/acl_y": 0.0430956298828125, "imu2/acl_z": 9.631873278808593, "imu2/gyr_x": 3.763358778625954, "imu2/gyr_y": -1.1984732824427482, "imu2/gyr_z": -0.8778625954198473, "milliseconds": 78672}