{"cam/image_array": "999_cam-image_array_.jpg", "user/angle": 0.0, "user/throttle": -0.9528458655830482, "user/mode": "user", "imu1/acl_x": 0.16759411621093748, "imu1/acl_y": -0.05027823486328125, "imu1/acl_z": 13.010091821289063, "imu1/gyr_x": -4.030534351145038, "imu1/gyr_y": 2.5877862595419847, "imu1/gyr_z": -1.8702290076335877, "imu2/acl_x": -0.12210428466796874, "imu2/acl_y": 0.01915361328125, "imu2/acl_z": 9.56962403564453, "imu2/gyr_x": 3.877862595419847, "imu2/gyr_y": -1.099236641221374, "imu2/gyr_z": -0.9770992366412213, "milliseconds": 96596}