{"cam/image_array": "166_cam-image_array_.jpg", "user/angle": 0.0, "user/throttle": -0.4142857142857142, "user/mode": "user", "imu1/acl_x": 0.10773907470703124, "imu1/acl_y": -0.05027823486328125, "imu1/acl_z": 12.80658468017578, "imu1/gyr_x": -1.9694656488549618, "imu1/gyr_y": 2.3282442748091605, "imu1/gyr_z": -2.2595419847328246, "imu2/acl_x": -0.12449848632812499, "imu2/acl_y": -0.011971008300781249, "imu2/acl_z": 9.600748657226562, "imu2/gyr_x": 3.8091603053435112, "imu2/gyr_y": -1.282442748091603, "imu2/gyr_z": -0.9465648854961832, "milliseconds": 37149}