{"cam/image_array": "62_cam-image_array_.jpg", "user/angle": 0.0, "user/throttle": -1.0, "user/mode": "user", "imu1/acl_x": 0.09816226806640624, "imu1/acl_y": -0.14125789794921875, "imu1/acl_z": 12.921506359863281, "imu1/gyr_x": -3.9923664122137406, "imu1/gyr_y": 2.351145038167939, "imu1/gyr_z": -0.06870229007633588, "imu2/acl_x": -0.12210428466796874, "imu2/acl_y": 0.00239420166015625, "imu2/acl_z": 9.540893615722656, "imu2/gyr_x": 3.7938931297709924, "imu2/gyr_y": -1.2061068702290076, "imu2/gyr_z": -0.9083969465648855, "milliseconds": 29864}