{"cam/image_array": "370_cam-image_array_.jpg", "user/angle": -1.0, "user/throttle": 0.13827198720476752, "user/mode": "user", "imu1/acl_x": 0.1005564697265625, "imu1/acl_y": -0.09816226806640624, "imu1/acl_z": 12.842497705078124, "imu1/gyr_x": -3.946564885496183, "imu1/gyr_y": 2.2748091603053435, "imu1/gyr_z": -1.9083969465648856, "imu2/acl_x": -0.143652099609375, "imu2/acl_y": 0.023942016601562498, "imu2/acl_z": 9.672574707031249, "imu2/gyr_x": 5.648854961832061, "imu2/gyr_y": -1.3053435114503817, "imu2/gyr_z": -0.8396946564885496, "milliseconds": 49704}