{"cam/image_array": "579_cam-image_array_.jpg", "user/angle": -0.12857142857142836, "user/throttle": 1.0, "user/mode": "user", "imu1/acl_x": 0.11252747802734374, "imu1/acl_y": -0.040701428222656245, "imu1/acl_z": 12.962207788085937, "imu1/gyr_x": -5.816793893129771, "imu1/gyr_y": 2.267175572519084, "imu1/gyr_z": -1.8854961832061068, "imu2/acl_x": -0.13646949462890623, "imu2/acl_y": 0.02154781494140625, "imu2/acl_z": 9.643844287109374, "imu2/gyr_x": 3.8091603053435112, "imu2/gyr_y": -1.2290076335877862, "imu2/gyr_z": -0.9847328244274809, "milliseconds": 63022}