{"cam/image_array": "599_cam-image_array_.jpg", "user/angle": 0.0, "user/throttle": -0.10214511686798979, "user/mode": "user", "imu1/acl_x": 0.3016694091796875, "imu1/acl_y": -0.10773907470703124, "imu1/acl_z": 12.89038173828125, "imu1/gyr_x": -5.847328244274809, "imu1/gyr_y": 2.3893129770992365, "imu1/gyr_z": -0.05343511450381679, "imu2/acl_x": -0.1005564697265625, "imu2/acl_y": 0.0718260498046875, "imu2/acl_z": 9.725247143554688, "imu2/gyr_x": 3.7022900763358777, "imu2/gyr_y": -1.3969465648854962, "imu2/gyr_z": -0.9236641221374046, "milliseconds": 64653}