{"cam/image_array": "112_cam-image_array_.jpg", "user/angle": 0.31428571428571417, "user/throttle": 1.0, "user/mode": "user", "imu1/acl_x": 0.11252747802734374, "imu1/acl_y": -0.08379705810546874, "imu1/acl_z": 12.835315100097656, "imu1/gyr_x": -5.8396946564885495, "imu1/gyr_y": 2.3740458015267176, "imu1/gyr_z": -2.0076335877862594, "imu2/acl_x": -0.13646949462890623, "imu2/acl_y": 0.00239420166015625, "imu2/acl_z": 9.679757312011718, "imu2/gyr_x": 3.8931297709923665, "imu2/gyr_y": -1.2366412213740459, "imu2/gyr_z": -1.1374045801526718, "milliseconds": 32847}