{"cam/image_array": "991_cam-image_array_.jpg", "user/angle": 0.0, "user/throttle": -1.0, "user/mode": "user", "imu1/acl_x": 0.12449848632812499, "imu1/acl_y": -0.1292868896484375, "imu1/acl_z": 12.904746948242186, "imu1/gyr_x": -3.801526717557252, "imu1/gyr_y": 2.2900763358778624, "imu1/gyr_z": -1.702290076335878, "imu2/acl_x": -0.15322890625, "imu2/acl_y": 0.033518823242187495, "imu2/acl_z": 9.749189160156249, "imu2/gyr_x": 3.8396946564885495, "imu2/gyr_y": -1.1984732824427482, "imu2/gyr_z": -0.9770992366412213, "milliseconds": 96182}