{"cam/image_array": "329_cam-image_array_.jpg", "user/angle": -1.0, "user/throttle": 1.0, "user/mode": "user", "imu1/acl_x": 0.11731588134765625, "imu1/acl_y": -0.12689268798828124, "imu1/acl_z": 12.97896719970703, "imu1/gyr_x": -3.9160305343511452, "imu1/gyr_y": 2.3435114503816794, "imu1/gyr_z": -1.8625954198473282, "imu2/acl_x": -0.143652099609375, "imu2/acl_y": -0.14604630126953125, "imu2/acl_z": 9.74200655517578, "imu2/gyr_x": 3.816793893129771, "imu2/gyr_y": -1.2442748091603053, "imu2/gyr_z": -1.0229007633587786, "milliseconds": 47608}