{"cam/image_array": "61_cam-image_array_.jpg", "user/angle": 0.0, "user/throttle": -1.0, "user/mode": "user", "imu1/acl_x": 0.15562310791015624, "imu1/acl_y": -0.03591302490234375, "imu1/acl_z": 12.945448376464842, "imu1/gyr_x": -3.9236641221374047, "imu1/gyr_y": 2.3206106870229006, "imu1/gyr_z": -3.885496183206107, "imu2/acl_x": -0.047884033203124995, "imu2/acl_y": 0.08140285644531249, "imu2/acl_z": 9.595960253906249, "imu2/gyr_x": 3.732824427480916, "imu2/gyr_y": -1.2748091603053435, "imu2/gyr_z": -1.015267175572519, "milliseconds": 29813}