{"cam/image_array": "549_cam-image_array_.jpg", "user/angle": 0.0, "user/throttle": 0.0, "user/mode": "user", "imu1/acl_x": 0.023942016601562498, "imu1/acl_y": -0.062249243164062495, "imu1/acl_z": 12.82573829345703, "imu1/gyr_x": -3.7938931297709924, "imu1/gyr_y": 2.351145038167939, "imu1/gyr_z": -1.8473282442748091, "imu2/acl_x": -0.1484405029296875, "imu2/acl_y": 0.047884033203124995, "imu2/acl_z": 9.655815295410155, "imu2/gyr_x": 3.816793893129771, "imu2/gyr_y": -1.2213740458015268, "imu2/gyr_z": -1.0916030534351144, "milliseconds": 60410}