{"cam/image_array": "156_cam-image_array_.jpg", "user/angle": 0.0, "user/throttle": -0.05317945372643871, "user/mode": "user", "imu1/acl_x": 0.12449848632812499, "imu1/acl_y": -0.09337386474609374, "imu1/acl_z": 12.835315100097656, "imu1/gyr_x": -3.7938931297709924, "imu1/gyr_y": 2.3587786259541983, "imu1/gyr_z": -0.15267175572519084, "imu2/acl_x": -0.11731588134765625, "imu2/acl_y": -0.0047884033203125, "imu2/acl_z": 9.586383447265625, "imu2/gyr_x": 3.8473282442748094, "imu2/gyr_y": -1.366412213740458, "imu2/gyr_z": -1.0305343511450382, "milliseconds": 36623}