{"cam/image_array": "846_cam-image_array_.jpg", "user/angle": 0.0, "user/throttle": 0.0, "user/mode": "user", "imu1/acl_x": 0.16759411621093748, "imu1/acl_y": -0.047884033203124995, "imu1/acl_z": 12.871228125, "imu1/gyr_x": -3.7938931297709924, "imu1/gyr_y": 2.3969465648854964, "imu1/gyr_z": -1.9618320610687023, "imu2/acl_x": -0.09337386474609374, "imu2/acl_y": 0.1388636962890625, "imu2/acl_z": 9.710881933593749, "imu2/gyr_x": 3.732824427480916, "imu2/gyr_y": -1.282442748091603, "imu2/gyr_z": -1.1145038167938932, "milliseconds": 80359}