{"cam/image_array": "792_cam-image_array_.jpg", "user/angle": 0.0, "user/throttle": 3.061616997868383e-16, "user/mode": "user", "imu1/acl_x": 0.1867477294921875, "imu1/acl_y": -0.13168109130859373, "imu1/acl_z": 12.993332409667968, "imu1/gyr_x": -5.854961832061068, "imu1/gyr_y": 2.312977099236641, "imu1/gyr_z": -0.007633587786259542, "imu2/acl_x": -0.14125789794921875, "imu2/acl_y": -0.04548983154296875, "imu2/acl_z": 9.617508068847656, "imu2/gyr_x": 5.8320610687022905, "imu2/gyr_y": -1.2748091603053435, "imu2/gyr_z": -0.8473282442748091, "milliseconds": 77613}