{"cam/image_array": "619_cam-image_array_.jpg", "user/angle": 0.5362837401730183, "user/throttle": 1.0, "user/mode": "user", "imu1/acl_x": 0.13646949462890623, "imu1/acl_y": -0.12210428466796874, "imu1/acl_z": 12.9861498046875, "imu1/gyr_x": -3.969465648854962, "imu1/gyr_y": 2.2519083969465647, "imu1/gyr_z": -1.8549618320610688, "imu2/acl_x": -0.296881005859375, "imu2/acl_y": 0.033518823242187495, "imu2/acl_z": 9.610325463867188, "imu2/gyr_x": 3.7709923664122136, "imu2/gyr_y": -1.213740458015267, "imu2/gyr_z": -0.9007633587786259, "milliseconds": 65676}