{"cam/image_array": "994_cam-image_array_.jpg", "user/angle": 0.0, "user/throttle": -1.0, "user/mode": "user", "imu1/acl_x": 0.09816226806640624, "imu1/acl_y": -0.1484405029296875, "imu1/acl_z": 12.883199133300781, "imu1/gyr_x": -3.9770992366412212, "imu1/gyr_y": 2.3740458015267176, "imu1/gyr_z": -1.8396946564885497, "imu2/acl_x": -0.11013327636718749, "imu2/acl_y": -0.031124621582031248, "imu2/acl_z": 9.794678991699218, "imu2/gyr_x": 3.885496183206107, "imu2/gyr_y": -1.2748091603053435, "imu2/gyr_z": -0.9083969465648855, "milliseconds": 96336}