{"cam/image_array": "175_cam-image_array_.jpg", "user/angle": 1.0, "user/throttle": 1.0, "user/mode": "user", "imu1/acl_x": 0.12210428466796874, "imu1/acl_y": -0.1005564697265625, "imu1/acl_z": 13.01727442626953, "imu1/gyr_x": -4.00763358778626, "imu1/gyr_y": 2.2061068702290076, "imu1/gyr_z": -2.0763358778625953, "imu2/acl_x": -0.27293898925781246, "imu2/acl_y": 0.033518823242187495, "imu2/acl_z": 9.598354455566406, "imu2/gyr_x": 3.946564885496183, "imu2/gyr_y": -1.251908396946565, "imu2/gyr_z": -0.9923664122137404, "milliseconds": 37616}