{"cam/image_array": "511_cam-image_array_.jpg", "user/angle": -0.6142857142857143, "user/throttle": 1.0, "user/mode": "user", "imu1/acl_x": 0.10773907470703124, "imu1/acl_y": -0.076614453125, "imu1/acl_z": 12.744335437011719, "imu1/gyr_x": -4.022900763358779, "imu1/gyr_y": 2.3206106870229006, "imu1/gyr_z": -2.030534351145038, "imu2/acl_x": -0.239420166015625, "imu2/acl_y": 0.143652099609375, "imu2/acl_z": 9.617508068847656, "imu2/gyr_x": 3.816793893129771, "imu2/gyr_y": -1.282442748091603, "imu2/gyr_z": -1.0458015267175573, "milliseconds": 58456}