{"cam/image_array": "53_cam-image_array_.jpg", "user/angle": 1.0, "user/throttle": 0.889988318979969, "user/mode": "user", "imu1/acl_x": 0.1197100830078125, "imu1/acl_y": -0.07900865478515624, "imu1/acl_z": 12.876016528320312, "imu1/gyr_x": -3.9770992366412212, "imu1/gyr_y": 2.4122137404580153, "imu1/gyr_z": -1.9312977099236641, "imu2/acl_x": -0.1149216796875, "imu2/acl_y": -0.0383072265625, "imu2/acl_z": 9.679757312011718, "imu2/gyr_x": 3.633587786259542, "imu2/gyr_y": -1.3282442748091603, "imu2/gyr_z": -0.7786259541984732, "milliseconds": 29420}