{"cam/image_array": "929_cam-image_array_.jpg", "user/angle": 0.5285714285714287, "user/throttle": 0.5428571428571428, "user/mode": "user", "imu1/acl_x": 0.15562310791015624, "imu1/acl_y": -0.14604630126953125, "imu1/acl_z": 12.895170141601561, "imu1/gyr_x": -5.778625954198473, "imu1/gyr_y": 2.4427480916030535, "imu1/gyr_z": -1.8549618320610688, "imu2/acl_x": -0.10773907470703124, "imu2/acl_y": -0.040701428222656245, "imu2/acl_z": 9.682151513671874, "imu2/gyr_x": 3.8473282442748094, "imu2/gyr_y": -1.1068702290076335, "imu2/gyr_z": -1.1221374045801527, "milliseconds": 87051}