{"cam/image_array": "1000_cam-image_array_.jpg", "user/angle": 0.0, "user/throttle": 0.0, "user/mode": "user", "imu1/acl_x": 0.09816226806640624, "imu1/acl_y": -0.09816226806640624, "imu1/acl_z": 12.899958544921875, "imu1/gyr_x": -1.9923664122137406, "imu1/gyr_y": 2.3053435114503817, "imu1/gyr_z": -1.8931297709923665, "imu2/acl_x": -0.09576806640624999, "imu2/acl_y": 0.031124621582031248, "imu2/acl_z": 9.787496386718749, "imu2/gyr_x": 3.786259541984733, "imu2/gyr_y": -1.16793893129771, "imu2/gyr_z": -1.0916030534351144, "milliseconds": 96649}