{"cam/image_array": "973_cam-image_array_.jpg", "user/angle": 0.0, "user/throttle": -1.0, "user/mode": "user", "imu1/acl_x": 0.11731588134765625, "imu1/acl_y": -0.076614453125, "imu1/acl_z": 12.895170141601561, "imu1/gyr_x": -3.954198473282443, "imu1/gyr_y": 2.2595419847328246, "imu1/gyr_z": -1.8625954198473282, "imu2/acl_x": -0.00718260498046875, "imu2/acl_y": 0.07422025146484375, "imu2/acl_z": 9.60793126220703, "imu2/gyr_x": 3.83206106870229, "imu2/gyr_y": -1.1526717557251909, "imu2/gyr_z": -0.9007633587786259, "milliseconds": 94572}