{"cam/image_array": "369_cam-image_array_.jpg", "user/angle": -1.0, "user/throttle": 0.6116680386095035, "user/mode": "user", "imu1/acl_x": 0.033518823242187495, "imu1/acl_y": -0.12689268798828124, "imu1/acl_z": 12.820949890136719, "imu1/gyr_x": -3.954198473282443, "imu1/gyr_y": 2.50381679389313, "imu1/gyr_z": -1.8091603053435115, "imu2/acl_x": -0.11013327636718749, "imu2/acl_y": -0.11013327636718749, "imu2/acl_z": 9.629479077148437, "imu2/gyr_x": 3.8473282442748094, "imu2/gyr_y": -1.2213740458015268, "imu2/gyr_z": -1.0763358778625953, "milliseconds": 49654}