{"cam/image_array": "704_cam-image_array_.jpg", "user/angle": 1.0, "user/throttle": 0.08571428571428515, "user/mode": "user", "imu1/acl_x": 0.10295067138671875, "imu1/acl_y": -0.09816226806640624, "imu1/acl_z": 12.955025183105468, "imu1/gyr_x": -4.0, "imu1/gyr_y": 2.4656488549618323, "imu1/gyr_z": -0.015267175572519083, "imu2/acl_x": -0.11252747802734374, "imu2/acl_y": 0.031124621582031248, "imu2/acl_z": 9.718064538574218, "imu2/gyr_x": 2.0381679389312977, "imu2/gyr_y": -1.2366412213740459, "imu2/gyr_z": -0.9236641221374046, "milliseconds": 71840}