{"cam/image_array": "554_cam-image_array_.jpg", "user/angle": -1.0, "user/throttle": 0.22721110643623932, "user/mode": "user", "imu1/acl_x": 0.1197100830078125, "imu1/acl_y": -0.062249243164062495, "imu1/acl_z": 12.959813586425781, "imu1/gyr_x": -3.885496183206107, "imu1/gyr_y": 2.3893129770992365, "imu1/gyr_z": -2.053435114503817, "imu2/acl_x": -0.14125789794921875, "imu2/acl_y": -0.0047884033203125, "imu2/acl_z": 9.701305126953125, "imu2/gyr_x": 3.8091603053435112, "imu2/gyr_y": -1.1297709923664123, "imu2/gyr_z": -0.9770992366412213, "milliseconds": 60649}