{"cam/image_array": "381_cam-image_array_.jpg", "user/angle": -0.26053262989648845, "user/throttle": 1.0, "user/mode": "user", "imu1/acl_x": 0.16998831787109375, "imu1/acl_y": -0.09816226806640624, "imu1/acl_z": 12.983755603027342, "imu1/gyr_x": -3.954198473282443, "imu1/gyr_y": 2.2977099236641223, "imu1/gyr_z": -2.0229007633587788, "imu2/acl_x": -0.1484405029296875, "imu2/acl_y": -0.0047884033203125, "imu2/acl_z": 9.648632690429688, "imu2/gyr_x": 3.6793893129770994, "imu2/gyr_y": -1.16793893129771, "imu2/gyr_z": -1.0, "milliseconds": 50277}