{"cam/image_array": "230_cam-image_array_.jpg", "user/angle": 0.0, "user/throttle": -1.0, "user/mode": "user", "imu1/acl_x": 0.13646949462890623, "imu1/acl_y": -0.08858546142578125, "imu1/acl_z": 12.988544006347656, "imu1/gyr_x": -4.0458015267175576, "imu1/gyr_y": 2.366412213740458, "imu1/gyr_z": -0.015267175572519083, "imu2/acl_x": -0.13168109130859373, "imu2/acl_y": -0.0143652099609375, "imu2/acl_z": 9.5001921875, "imu2/gyr_x": 3.763358778625954, "imu2/gyr_y": -1.0763358778625953, "imu2/gyr_z": -1.0229007633587786, "milliseconds": 41727}