{"cam/image_array": "308_cam-image_array_.jpg", "user/angle": 0.0, "user/throttle": 0.0, "user/mode": "user", "imu1/acl_x": 0.14604630126953125, "imu1/acl_y": -0.11252747802734374, "imu1/acl_z": 12.974178796386719, "imu1/gyr_x": -3.8625954198473282, "imu1/gyr_y": 2.2748091603053435, "imu1/gyr_z": -3.9083969465648853, "imu2/acl_x": -0.11013327636718749, "imu2/acl_y": 0.00239420166015625, "imu2/acl_z": 9.672574707031249, "imu2/gyr_x": 1.9694656488549618, "imu2/gyr_y": -1.2671755725190839, "imu2/gyr_z": -0.9770992366412213, "milliseconds": 46503}