{"cam/image_array": "490_cam-image_array_.jpg", "user/angle": 0.0, "user/throttle": -0.08571428571428624, "user/mode": "user", "imu1/acl_x": 0.086191259765625, "imu1/acl_y": -0.10295067138671875, "imu1/acl_z": 12.94065997314453, "imu1/gyr_x": -3.900763358778626, "imu1/gyr_y": 2.4198473282442747, "imu1/gyr_z": -1.7099236641221374, "imu2/acl_x": -0.062249243164062495, "imu2/acl_y": 0.0, "imu2/acl_z": 9.804255798339844, "imu2/gyr_x": 3.7709923664122136, "imu2/gyr_y": -1.2748091603053435, "imu2/gyr_z": -1.015267175572519, "milliseconds": 57375}