{"cam/image_array": "34_cam-image_array_.jpg", "user/angle": -1.0, "user/throttle": 1.0, "user/mode": "user", "imu1/acl_x": 0.0047884033203125, "imu1/acl_y": -0.12210428466796874, "imu1/acl_z": 12.938265771484375, "imu1/gyr_x": -1.9618320610687023, "imu1/gyr_y": 2.33587786259542, "imu1/gyr_z": -2.045801526717557, "imu2/acl_x": -0.1197100830078125, "imu2/acl_y": 0.07422025146484375, "imu2/acl_z": 9.528922607421874, "imu2/gyr_x": 3.8931297709923665, "imu2/gyr_y": -1.16793893129771, "imu2/gyr_z": -0.9923664122137404, "milliseconds": 27897}