{"cam/image_array": "563_cam-image_array_.jpg", "user/angle": -1.0, "user/throttle": 1.0, "user/mode": "user", "imu1/acl_x": 0.08140285644531249, "imu1/acl_y": -0.105344873046875, "imu1/acl_z": 12.871228125, "imu1/gyr_x": -3.9770992366412212, "imu1/gyr_y": 2.2900763358778624, "imu1/gyr_z": -2.015267175572519, "imu2/acl_x": -0.1149216796875, "imu2/acl_y": 0.0, "imu2/acl_z": 9.612719665527344, "imu2/gyr_x": 3.854961832061069, "imu2/gyr_y": -1.3358778625954197, "imu2/gyr_z": -1.0, "milliseconds": 61118}