{"cam/image_array": "215_cam-image_array_.jpg", "user/angle": 0.0, "user/throttle": -0.30675527784293277, "user/mode": "user", "imu1/acl_x": 0.277727392578125, "imu1/acl_y": -0.086191259765625, "imu1/acl_z": 12.981361401367186, "imu1/gyr_x": -3.931297709923664, "imu1/gyr_y": 2.312977099236641, "imu1/gyr_z": -2.0763358778625953, "imu2/acl_x": -0.1771709228515625, "imu2/acl_y": 0.00239420166015625, "imu2/acl_z": 9.686939916992188, "imu2/gyr_x": 5.854961832061068, "imu2/gyr_y": -1.2595419847328244, "imu2/gyr_z": -1.0534351145038168, "milliseconds": 40952}