{"cam/image_array": "16_cam-image_array_.jpg", "user/angle": 0.0, "user/throttle": -0.883765823184308, "user/mode": "user", "imu1/acl_x": 0.14125789794921875, "imu1/acl_y": -0.047884033203124995, "imu1/acl_z": 12.950236779785156, "imu1/gyr_x": -2.0, "imu1/gyr_y": 2.2900763358778624, "imu1/gyr_z": -1.9083969465648856, "imu2/acl_x": -0.30406361083984373, "imu2/acl_y": 0.047884033203124995, "imu2/acl_z": 9.519345800781249, "imu2/gyr_x": 3.7251908396946565, "imu2/gyr_y": -1.2671755725190839, "imu2/gyr_z": -1.1297709923664123, "milliseconds": 26990}