{"cam/image_array": "25_cam-image_array_.jpg", "user/angle": 0.0, "user/throttle": 0.0, "user/mode": "user", "imu1/acl_x": 0.1005564697265625, "imu1/acl_y": -0.11252747802734374, "imu1/acl_z": 12.899958544921875, "imu1/gyr_x": -4.0458015267175576, "imu1/gyr_y": 2.3206106870229006, "imu1/gyr_z": -1.6946564885496183, "imu2/acl_x": -0.17956512451171874, "imu2/acl_y": -0.028730419921875, "imu2/acl_z": 9.598354455566406, "imu2/gyr_x": 3.717557251908397, "imu2/gyr_y": -1.2290076335877862, "imu2/gyr_z": -1.0458015267175573, "milliseconds": 27449}