{"cam/image_array": "26_cam-image_array_.jpg", "user/angle": -1.0, "user/throttle": 1.0, "user/mode": "user", "imu1/acl_x": 0.09576806640624999, "imu1/acl_y": -0.13407529296874998, "imu1/acl_z": 12.950236779785156, "imu1/gyr_x": -3.900763358778626, "imu1/gyr_y": 2.381679389312977, "imu1/gyr_z": -1.9770992366412214, "imu2/acl_x": -0.16998831787109375, "imu2/acl_y": -0.016759411621093748, "imu2/acl_z": 9.617508068847656, "imu2/gyr_x": 3.8473282442748094, "imu2/gyr_y": -1.282442748091603, "imu2/gyr_z": -0.8625954198473282, "milliseconds": 27499}