{"cam/image_array": "506_cam-image_array_.jpg", "user/angle": -0.2708325198477952, "user/throttle": 1.0, "user/mode": "user", "imu1/acl_x": 0.1580173095703125, "imu1/acl_y": -0.076614453125, "imu1/acl_z": 12.85207451171875, "imu1/gyr_x": -3.786259541984733, "imu1/gyr_y": 2.33587786259542, "imu1/gyr_z": -1.8549618320610688, "imu2/acl_x": -0.11013327636718749, "imu2/acl_y": 0.0, "imu2/acl_z": 9.634267480468749, "imu2/gyr_x": 3.8244274809160306, "imu2/gyr_y": -1.2061068702290076, "imu2/gyr_z": -1.1221374045801527, "milliseconds": 58186}