{"cam/image_array": "897_cam-image_array_.jpg", "user/angle": -1.0, "user/throttle": 0.5611843609389571, "user/mode": "user", "imu1/acl_x": 0.09337386474609374, "imu1/acl_y": -0.0383072265625, "imu1/acl_z": 12.938265771484375, "imu1/gyr_x": -3.801526717557252, "imu1/gyr_y": 2.3587786259541983, "imu1/gyr_z": -1.8396946564885497, "imu2/acl_x": -0.10773907470703124, "imu2/acl_y": 0.02633621826171875, "imu2/acl_z": 9.739612353515625, "imu2/gyr_x": 3.954198473282443, "imu2/gyr_y": -1.3969465648854962, "imu2/gyr_z": -0.9847328244274809, "milliseconds": 84224}