{"cam/image_array": "318_cam-image_array_.jpg", "user/angle": 0.8857142857142856, "user/throttle": 0.8, "user/mode": "user", "imu1/acl_x": 0.19393033447265623, "imu1/acl_y": -0.143652099609375, "imu1/acl_z": 12.828132495117186, "imu1/gyr_x": -3.877862595419847, "imu1/gyr_y": 2.33587786259542, "imu1/gyr_z": -1.900763358778626, "imu2/acl_x": -0.11252747802734374, "imu2/acl_y": 0.01915361328125, "imu2/acl_z": 9.797073193359374, "imu2/gyr_x": 3.9618320610687023, "imu2/gyr_y": -1.183206106870229, "imu2/gyr_z": -1.0458015267175573, "milliseconds": 47030}