{"cam/image_array": "48_cam-image_array_.jpg", "user/angle": -1.0, "user/throttle": 0.042857142857142504, "user/mode": "user", "imu1/acl_x": 0.16519991455078123, "imu1/acl_y": -0.086191259765625, "imu1/acl_z": 12.876016528320312, "imu1/gyr_x": -3.7786259541984735, "imu1/gyr_y": 2.267175572519084, "imu1/gyr_z": -2.0610687022900764, "imu2/acl_x": -0.0909796630859375, "imu2/acl_y": 0.0, "imu2/acl_z": 9.540893615722656, "imu2/gyr_x": 3.8091603053435112, "imu2/gyr_y": -1.3435114503816794, "imu2/gyr_z": -1.16793893129771, "milliseconds": 29129}