{"cam/image_array": "750_cam-image_array_.jpg", "user/angle": 0.0, "user/throttle": -0.9890597401041593, "user/mode": "user", "imu1/acl_x": 0.1484405029296875, "imu1/acl_y": -0.09816226806640624, "imu1/acl_z": 12.914323754882812, "imu1/gyr_x": -3.8244274809160306, "imu1/gyr_y": 2.2977099236641223, "imu1/gyr_z": -1.900763358778626, "imu2/acl_x": -0.15562310791015624, "imu2/acl_y": -0.0047884033203125, "imu2/acl_z": 9.598354455566406, "imu2/gyr_x": 3.7099236641221376, "imu2/gyr_y": -1.0458015267175573, "imu2/gyr_z": -0.9847328244274809, "milliseconds": 74896}