{"cam/image_array": "869_cam-image_array_.jpg", "user/angle": -0.1142857142857143, "user/throttle": 0.11428571428571431, "user/mode": "user", "imu1/acl_x": 0.1292868896484375, "imu1/acl_y": -0.09816226806640624, "imu1/acl_z": 12.998120812988281, "imu1/gyr_x": -2.0229007633587788, "imu1/gyr_y": 2.1603053435114505, "imu1/gyr_z": -1.8549618320610688, "imu2/acl_x": -0.01915361328125, "imu2/acl_y": 0.01915361328125, "imu2/acl_z": 9.516951599121093, "imu2/gyr_x": 3.786259541984733, "imu2/gyr_y": -1.2671755725190839, "imu2/gyr_z": -1.0305343511450382, "milliseconds": 82175}