{"cam/image_array": "372_cam-image_array_.jpg", "user/angle": -1.0, "user/throttle": 1.0, "user/mode": "user", "imu1/acl_x": 0.10295067138671875, "imu1/acl_y": -0.1292868896484375, "imu1/acl_z": 12.907141149902342, "imu1/gyr_x": -4.038167938931298, "imu1/gyr_y": 2.366412213740458, "imu1/gyr_z": -2.1374045801526718, "imu2/acl_x": -0.09576806640624999, "imu2/acl_y": 0.01915361328125, "imu2/acl_z": 9.639055883789062, "imu2/gyr_x": 3.687022900763359, "imu2/gyr_y": -1.3587786259541985, "imu2/gyr_z": -0.9465648854961832, "milliseconds": 49810}