{"cam/image_array": "681_cam-image_array_.jpg", "user/angle": 0.0, "user/throttle": -1.0, "user/mode": "user", "imu1/acl_x": 0.1197100830078125, "imu1/acl_y": -0.0526724365234375, "imu1/acl_z": 12.955025183105468, "imu1/gyr_x": -3.9389312977099236, "imu1/gyr_y": 2.381679389312977, "imu1/gyr_z": -0.09923664122137404, "imu2/acl_x": -0.143652099609375, "imu2/acl_y": 0.00718260498046875, "imu2/acl_z": 9.6917283203125, "imu2/gyr_x": 3.8396946564885495, "imu2/gyr_y": -1.282442748091603, "imu2/gyr_z": -0.9389312977099237, "milliseconds": 69550}