{"cam/image_array": "402_cam-image_array_.jpg", "user/angle": 0.0, "user/throttle": -1.0, "user/mode": "user", "imu1/acl_x": 0.15562310791015624, "imu1/acl_y": -0.0526724365234375, "imu1/acl_z": 12.86404552001953, "imu1/gyr_x": -3.8931297709923665, "imu1/gyr_y": 2.3282442748091605, "imu1/gyr_z": -1.748091603053435, "imu2/acl_x": -0.1149216796875, "imu2/acl_y": 0.055066638183593745, "imu2/acl_z": 9.670180505371093, "imu2/gyr_x": 3.8396946564885495, "imu2/gyr_y": -1.099236641221374, "imu2/gyr_z": -1.0229007633587786, "milliseconds": 52310}