{"cam/image_array": "361_cam-image_array_.jpg", "user/angle": 1.0, "user/throttle": 0.9395105842262649, "user/mode": "user", "imu1/acl_x": 0.1005564697265625, "imu1/acl_y": -0.06943184814453125, "imu1/acl_z": 12.935871569824219, "imu1/gyr_x": -4.022900763358779, "imu1/gyr_y": 2.3435114503816794, "imu1/gyr_z": -2.0381679389312977, "imu2/acl_x": -0.105344873046875, "imu2/acl_y": 0.0047884033203125, "imu2/acl_z": 9.674968908691406, "imu2/gyr_x": 3.885496183206107, "imu2/gyr_y": -1.3206106870229009, "imu2/gyr_z": -1.0381679389312977, "milliseconds": 49263}