{"cam/image_array": "299_cam-image_array_.jpg", "user/angle": 0.0, "user/throttle": -0.2571428571428575, "user/mode": "user", "imu1/acl_x": 0.12689268798828124, "imu1/acl_y": -0.09816226806640624, "imu1/acl_z": 12.9095353515625, "imu1/gyr_x": -5.748091603053435, "imu1/gyr_y": 2.4656488549618323, "imu1/gyr_z": -1.9694656488549618, "imu2/acl_x": -0.08858546142578125, "imu2/acl_y": 0.023942016601562498, "imu2/acl_z": 9.631873278808593, "imu2/gyr_x": 3.816793893129771, "imu2/gyr_y": -1.2595419847328244, "imu2/gyr_z": -0.9007633587786259, "milliseconds": 46054}