{"cam/image_array": "857_cam-image_array_.jpg", "user/angle": 0.0, "user/throttle": 0.0, "user/mode": "user", "imu1/acl_x": 0.00239420166015625, "imu1/acl_y": -0.062249243164062495, "imu1/acl_z": 12.914323754882812, "imu1/gyr_x": -4.022900763358779, "imu1/gyr_y": 2.381679389312977, "imu1/gyr_z": -1.9465648854961832, "imu2/acl_x": -0.08379705810546874, "imu2/acl_y": 0.0143652099609375, "imu2/acl_z": 9.639055883789062, "imu2/gyr_x": 5.816793893129771, "imu2/gyr_y": -1.2290076335877862, "imu2/gyr_z": -0.9389312977099237, "milliseconds": 80951}