{"cam/image_array": "353_cam-image_array_.jpg", "user/angle": 0.0, "user/throttle": -1.0, "user/mode": "user", "imu1/acl_x": 0.13168109130859373, "imu1/acl_y": -0.09576806640624999, "imu1/acl_z": 13.002909216308593, "imu1/gyr_x": -4.015267175572519, "imu1/gyr_y": 2.267175572519084, "imu1/gyr_z": -1.7557251908396947, "imu2/acl_x": -0.13646949462890623, "imu2/acl_y": 0.0143652099609375, "imu2/acl_z": 9.576806640625, "imu2/gyr_x": 3.7480916030534353, "imu2/gyr_y": -1.3969465648854962, "imu2/gyr_z": -1.0, "milliseconds": 48825}