{"cam/image_array": "192_cam-image_array_.jpg", "user/angle": 0.0, "user/throttle": -1.0, "user/mode": "user", "imu1/acl_x": 0.09816226806640624, "imu1/acl_y": -0.055066638183593745, "imu1/acl_z": 12.823344091796875, "imu1/gyr_x": -3.854961832061069, "imu1/gyr_y": 2.351145038167939, "imu1/gyr_z": -1.8015267175572518, "imu2/acl_x": -0.11731588134765625, "imu2/acl_y": -0.016759411621093748, "imu2/acl_z": 9.655815295410155, "imu2/gyr_x": 1.9694656488549618, "imu2/gyr_y": -1.2671755725190839, "imu2/gyr_z": -0.9694656488549618, "milliseconds": 38475}