{"cam/image_array": "888_cam-image_array_.jpg", "user/angle": 1.0, "user/throttle": 1.0, "user/mode": "user", "imu1/acl_x": 0.1484405029296875, "imu1/acl_y": -0.07900865478515624, "imu1/acl_z": 12.797007873535156, "imu1/gyr_x": -3.885496183206107, "imu1/gyr_y": 2.312977099236641, "imu1/gyr_z": -2.145038167938931, "imu2/acl_x": -0.0909796630859375, "imu2/acl_y": 0.0047884033203125, "imu2/acl_z": 9.6151138671875, "imu2/gyr_x": 3.8396946564885495, "imu2/gyr_y": -1.3435114503816794, "imu2/gyr_z": -0.9694656488549618, "milliseconds": 83133}