{"cam/image_array": "631_cam-image_array_.jpg", "user/angle": 0.0, "user/throttle": -0.009881345738044348, "user/mode": "user", "imu1/acl_x": 0.0909796630859375, "imu1/acl_y": -0.09816226806640624, "imu1/acl_z": 13.007697619628905, "imu1/gyr_x": -3.7404580152671754, "imu1/gyr_y": 2.366412213740458, "imu1/gyr_z": -2.030534351145038, "imu2/acl_x": -0.08379705810546874, "imu2/acl_y": 0.01915361328125, "imu2/acl_z": 9.550470422363281, "imu2/gyr_x": 3.6106870229007635, "imu2/gyr_y": -1.2595419847328244, "imu2/gyr_z": -1.1145038167938932, "milliseconds": 66294}