{"cam/image_array": "664_cam-image_array_.jpg", "user/angle": -0.19999999999999962, "user/throttle": 1.0, "user/mode": "user", "imu1/acl_x": 0.181959326171875, "imu1/acl_y": -0.062249243164062495, "imu1/acl_z": 12.921506359863281, "imu1/gyr_x": -4.015267175572519, "imu1/gyr_y": 2.366412213740458, "imu1/gyr_z": -1.9083969465648856, "imu2/acl_x": -0.10295067138671875, "imu2/acl_y": 0.143652099609375, "imu2/acl_z": 9.617508068847656, "imu2/gyr_x": 3.816793893129771, "imu2/gyr_y": -1.3435114503816794, "imu2/gyr_z": -1.0458015267175573, "milliseconds": 68663}