{"cam/image_array": "367_cam-image_array_.jpg", "user/angle": 0.7483501863433123, "user/throttle": 1.0, "user/mode": "user", "imu1/acl_x": 0.05746083984375, "imu1/acl_y": -0.07422025146484375, "imu1/acl_z": 12.911929553222656, "imu1/gyr_x": -4.030534351145038, "imu1/gyr_y": 2.2595419847328246, "imu1/gyr_z": -0.05343511450381679, "imu2/acl_x": -0.11731588134765625, "imu2/acl_y": -0.01915361328125, "imu2/acl_z": 9.591171850585937, "imu2/gyr_x": 3.7480916030534353, "imu2/gyr_y": -1.366412213740458, "imu2/gyr_z": -0.916030534351145, "milliseconds": 49553}