{"cam/image_array": "1004_cam-image_array_.jpg", "user/angle": -0.804108905384182, "user/throttle": 1.0, "user/mode": "user", "imu1/acl_x": 0.24181436767578124, "imu1/acl_y": -0.05027823486328125, "imu1/acl_z": 12.950236779785156, "imu1/gyr_x": -3.984732824427481, "imu1/gyr_y": 2.3206106870229006, "imu1/gyr_z": -3.8702290076335877, "imu2/acl_x": -0.15322890625, "imu2/acl_y": -0.1292868896484375, "imu2/acl_z": 9.70369932861328, "imu2/gyr_x": 3.8244274809160306, "imu2/gyr_y": -1.3053435114503817, "imu2/gyr_z": -0.9236641221374046, "milliseconds": 96852}