{"cam/image_array": "252_cam-image_array_.jpg", "user/angle": -1.0, "user/throttle": 1.0, "user/mode": "user", "imu1/acl_x": 0.20829554443359374, "imu1/acl_y": -0.06464344482421874, "imu1/acl_z": 13.146561315917968, "imu1/gyr_x": -4.00763358778626, "imu1/gyr_y": 2.2213740458015265, "imu1/gyr_z": -1.984732824427481, "imu2/acl_x": -0.28490999755859375, "imu2/acl_y": 0.00239420166015625, "imu2/acl_z": 9.586383447265625, "imu2/gyr_x": 3.8625954198473282, "imu2/gyr_y": -1.366412213740458, "imu2/gyr_z": -1.0687022900763359, "milliseconds": 42867}