{"cam/image_array": "688_cam-image_array_.jpg", "user/angle": 0.0, "user/throttle": -0.2857142857142857, "user/mode": "user", "imu1/acl_x": 0.0718260498046875, "imu1/acl_y": -0.10295067138671875, "imu1/acl_z": 12.955025183105468, "imu1/gyr_x": -3.8931297709923665, "imu1/gyr_y": 2.3053435114503817, "imu1/gyr_z": -1.7633587786259541, "imu2/acl_x": -0.09337386474609374, "imu2/acl_y": 0.028730419921875, "imu2/acl_z": 9.679757312011718, "imu2/gyr_x": 3.8091603053435112, "imu2/gyr_y": -1.251908396946565, "imu2/gyr_z": -0.9312977099236641, "milliseconds": 69904}