{"cam/image_array": "724_cam-image_array_.jpg", "user/angle": 0.0, "user/throttle": 0.0, "user/mode": "user", "imu1/acl_x": 0.09576806640624999, "imu1/acl_y": -0.055066638183593745, "imu1/acl_z": 12.957419384765624, "imu1/gyr_x": -5.8320610687022905, "imu1/gyr_y": 2.3740458015267176, "imu1/gyr_z": -2.0610687022900764, "imu2/acl_x": -0.062249243164062495, "imu2/acl_y": 0.0047884033203125, "imu2/acl_z": 9.670180505371093, "imu2/gyr_x": 3.877862595419847, "imu2/gyr_y": -1.3511450381679388, "imu2/gyr_z": -1.0610687022900764, "milliseconds": 72852}