{"cam/image_array": "463_cam-image_array_.jpg", "user/angle": 0.0, "user/throttle": 0.0, "user/mode": "user", "imu1/acl_x": 0.3016694091796875, "imu1/acl_y": -0.09816226806640624, "imu1/acl_z": 12.974178796386719, "imu1/gyr_x": -2.0, "imu1/gyr_y": 2.183206106870229, "imu1/gyr_z": -1.8625954198473282, "imu2/acl_x": -0.18914193115234373, "imu2/acl_y": -0.0143652099609375, "imu2/acl_z": 9.639055883789062, "imu2/gyr_x": 3.801526717557252, "imu2/gyr_y": -1.3358778625954197, "imu2/gyr_z": -0.9541984732824428, "milliseconds": 55994}