{"cam/image_array": "95_cam-image_array_.jpg", "user/angle": 0.0, "user/throttle": -1.0, "user/mode": "user", "imu1/acl_x": 0.0526724365234375, "imu1/acl_y": -0.06943184814453125, "imu1/acl_z": 13.02445703125, "imu1/gyr_x": -1.9618320610687023, "imu1/gyr_y": 2.351145038167939, "imu1/gyr_z": -1.8473282442748091, "imu2/acl_x": -0.12210428466796874, "imu2/acl_y": -0.016759411621093748, "imu2/acl_z": 9.600748657226562, "imu2/gyr_x": 3.66412213740458, "imu2/gyr_y": -1.4198473282442747, "imu2/gyr_z": -1.0, "milliseconds": 31975}