{"cam/image_array": "212_cam-image_array_.jpg", "user/angle": 0.0, "user/throttle": 0.0, "user/mode": "user", "imu1/acl_x": 0.19632453613281248, "imu1/acl_y": -0.0526724365234375, "imu1/acl_z": 12.955025183105468, "imu1/gyr_x": -3.854961832061069, "imu1/gyr_y": 2.1526717557251906, "imu1/gyr_z": -1.6946564885496183, "imu2/acl_x": -0.09337386474609374, "imu2/acl_y": -0.016759411621093748, "imu2/acl_z": 9.545682019042967, "imu2/gyr_x": 3.7480916030534353, "imu2/gyr_y": -1.3511450381679388, "imu2/gyr_z": -1.083969465648855, "milliseconds": 40797}