{"cam/image_array": "421_cam-image_array_.jpg", "user/angle": 0.0, "user/throttle": 3.061616997868383e-16, "user/mode": "user", "imu1/acl_x": 0.1005564697265625, "imu1/acl_y": -0.08379705810546874, "imu1/acl_z": 12.976572998046874, "imu1/gyr_x": -3.9770992366412212, "imu1/gyr_y": 2.3282442748091605, "imu1/gyr_z": -0.007633587786259542, "imu2/acl_x": -0.11013327636718749, "imu2/acl_y": 0.0718260498046875, "imu2/acl_z": 9.643844287109374, "imu2/gyr_x": 3.732824427480916, "imu2/gyr_y": -1.1526717557251909, "imu2/gyr_z": -0.9389312977099237, "milliseconds": 53801}