{"cam/image_array": "485_cam-image_array_.jpg", "user/angle": 0.0, "user/throttle": -0.17142857142857107, "user/mode": "user", "imu1/acl_x": 0.14604630126953125, "imu1/acl_y": -0.0718260498046875, "imu1/acl_z": 12.921506359863281, "imu1/gyr_x": -4.083969465648855, "imu1/gyr_y": 2.3053435114503817, "imu1/gyr_z": -1.9541984732824427, "imu2/acl_x": -0.1149216796875, "imu2/acl_y": 0.047884033203124995, "imu2/acl_z": 9.579200842285156, "imu2/gyr_x": 3.885496183206107, "imu2/gyr_y": -1.213740458015267, "imu2/gyr_z": -1.0, "milliseconds": 57110}