{"cam/image_array": "875_cam-image_array_.jpg", "user/angle": 0.0, "user/throttle": -0.2142857142857143, "user/mode": "user", "imu1/acl_x": 0.143652099609375, "imu1/acl_y": -0.1149216796875, "imu1/acl_z": 12.928688964843749, "imu1/gyr_x": -5.862595419847328, "imu1/gyr_y": 2.3435114503816794, "imu1/gyr_z": -3.8931297709923665, "imu2/acl_x": -0.1005564697265625, "imu2/acl_y": 0.023942016601562498, "imu2/acl_z": 9.548076220703125, "imu2/gyr_x": 3.816793893129771, "imu2/gyr_y": -1.1374045801526718, "imu2/gyr_z": -0.9465648854961832, "milliseconds": 82463}