{"cam/image_array": "155_cam-image_array_.jpg", "user/angle": 0.0, "user/throttle": -0.10000000000000073, "user/mode": "user", "imu1/acl_x": 0.1484405029296875, "imu1/acl_y": -0.08140285644531249, "imu1/acl_z": 12.876016528320312, "imu1/gyr_x": -3.7938931297709924, "imu1/gyr_y": 2.183206106870229, "imu1/gyr_z": -1.7633587786259541, "imu2/acl_x": -0.2753331909179687, "imu2/acl_y": 0.12210428466796874, "imu2/acl_z": 9.514557397460937, "imu2/gyr_x": 3.8931297709923665, "imu2/gyr_y": -1.3053435114503817, "imu2/gyr_z": -0.8702290076335878, "milliseconds": 36590}