{"cam/image_array": "423_cam-image_array_.jpg", "user/angle": -1.0, "user/throttle": 0.06248047790050727, "user/mode": "user", "imu1/acl_x": 0.016759411621093748, "imu1/acl_y": -0.08140285644531249, "imu1/acl_z": 12.80658468017578, "imu1/gyr_x": -3.9618320610687023, "imu1/gyr_y": 2.3435114503816794, "imu1/gyr_z": -1.8549618320610688, "imu2/acl_x": -0.27293898925781246, "imu2/acl_y": -0.12449848632812499, "imu2/acl_z": 9.641450085449218, "imu2/gyr_x": 3.816793893129771, "imu2/gyr_y": -1.16793893129771, "imu2/gyr_z": -1.0229007633587786, "milliseconds": 53909}