{"cam/image_array": "913_cam-image_array_.jpg", "user/angle": 0.0, "user/throttle": -1.0, "user/mode": "user", "imu1/acl_x": 0.20829554443359374, "imu1/acl_y": -0.1005564697265625, "imu1/acl_z": 12.916717956542968, "imu1/gyr_x": -3.8702290076335877, "imu1/gyr_y": 2.16793893129771, "imu1/gyr_z": -2.053435114503817, "imu2/acl_x": -0.12689268798828124, "imu2/acl_y": 0.0047884033203125, "imu2/acl_z": 9.567229833984374, "imu2/gyr_x": 3.854961832061069, "imu2/gyr_y": -1.1984732824427482, "imu2/gyr_z": -1.099236641221374, "milliseconds": 85747}