{"cam/image_array": "676_cam-image_array_.jpg", "user/angle": 0.6419366564593432, "user/throttle": 1.0, "user/mode": "user", "imu1/acl_x": 0.12689268798828124, "imu1/acl_y": -0.09816226806640624, "imu1/acl_z": 12.983755603027342, "imu1/gyr_x": -4.0, "imu1/gyr_y": 2.282442748091603, "imu1/gyr_z": -1.8931297709923665, "imu2/acl_x": -0.12689268798828124, "imu2/acl_y": 0.05027823486328125, "imu2/acl_z": 9.718064538574218, "imu2/gyr_x": 3.7251908396946565, "imu2/gyr_y": -1.16793893129771, "imu2/gyr_z": -1.0229007633587786, "milliseconds": 69267}