{"cam/image_array": "442_cam-image_array_.jpg", "user/angle": 0.0, "user/throttle": -1.0, "user/mode": "user", "imu1/acl_x": 0.17238251953125, "imu1/acl_y": -0.0526724365234375, "imu1/acl_z": 12.9095353515625, "imu1/gyr_x": -4.061068702290076, "imu1/gyr_y": 2.282442748091603, "imu1/gyr_z": -1.8091603053435115, "imu2/acl_x": -0.12210428466796874, "imu2/acl_y": -0.05746083984375, "imu2/acl_z": 9.701305126953125, "imu2/gyr_x": 3.6412213740458017, "imu2/gyr_y": -1.2213740458015268, "imu2/gyr_z": -0.9694656488549618, "milliseconds": 54890}