{"cam/image_array": "100_cam-image_array_.jpg", "user/angle": 0.0, "user/throttle": -1.0, "user/mode": "user", "imu1/acl_x": 0.18914193115234373, "imu1/acl_y": -0.07422025146484375, "imu1/acl_z": 12.923900561523437, "imu1/gyr_x": -3.984732824427481, "imu1/gyr_y": 2.2595419847328246, "imu1/gyr_z": -1.9083969465648856, "imu2/acl_x": -0.11013327636718749, "imu2/acl_y": 0.03591302490234375, "imu2/acl_z": 9.624690673828125, "imu2/gyr_x": 3.8396946564885495, "imu2/gyr_y": -1.4351145038167938, "imu2/gyr_z": -1.0229007633587786, "milliseconds": 32247}