{"cam/image_array": "488_cam-image_array_.jpg", "user/angle": 0.0, "user/throttle": 0.0, "user/mode": "user", "imu1/acl_x": 0.28490999755859375, "imu1/acl_y": -0.05985504150390625, "imu1/acl_z": 12.885593334960937, "imu1/gyr_x": -3.854961832061069, "imu1/gyr_y": 2.351145038167939, "imu1/gyr_z": -1.8778625954198473, "imu2/acl_x": -0.1484405029296875, "imu2/acl_y": 0.031124621582031248, "imu2/acl_z": 9.763554370117188, "imu2/gyr_x": 3.7404580152671754, "imu2/gyr_y": -1.16793893129771, "imu2/gyr_z": -1.0381679389312977, "milliseconds": 57271}