{"cam/image_array": "243_cam-image_array_.jpg", "user/angle": 0.0, "user/throttle": -0.3059031052419578, "user/mode": "user", "imu1/acl_x": 0.24660277099609373, "imu1/acl_y": -0.07422025146484375, "imu1/acl_z": 12.921506359863281, "imu1/gyr_x": -3.969465648854962, "imu1/gyr_y": 2.33587786259542, "imu1/gyr_z": -1.900763358778626, "imu2/acl_x": -0.09337386474609374, "imu2/acl_y": -0.033518823242187495, "imu2/acl_z": 9.579200842285156, "imu2/gyr_x": 3.6946564885496183, "imu2/gyr_y": -1.2442748091603053, "imu2/gyr_z": -1.0, "milliseconds": 42402}