{"cam/image_array": "493_cam-image_array_.jpg", "user/angle": 0.1266487659419878, "user/throttle": 1.0, "user/mode": "user", "imu1/acl_x": 0.00718260498046875, "imu1/acl_y": -0.11731588134765625, "imu1/acl_z": 12.899958544921875, "imu1/gyr_x": -3.8702290076335877, "imu1/gyr_y": 2.4122137404580153, "imu1/gyr_z": -0.061068702290076333, "imu2/acl_x": -0.105344873046875, "imu2/acl_y": 0.02633621826171875, "imu2/acl_z": 9.560047229003906, "imu2/gyr_x": 3.786259541984733, "imu2/gyr_y": -1.1526717557251909, "imu2/gyr_z": -0.9312977099236641, "milliseconds": 57522}