{"cam/image_array": "993_cam-image_array_.jpg", "user/angle": 0.0, "user/throttle": -1.0, "user/mode": "user", "imu1/acl_x": 0.28969840087890625, "imu1/acl_y": -0.02633621826171875, "imu1/acl_z": 12.830526696777342, "imu1/gyr_x": -3.9923664122137406, "imu1/gyr_y": 2.213740458015267, "imu1/gyr_z": -1.8091603053435115, "imu2/acl_x": -0.1292868896484375, "imu2/acl_y": 0.062249243164062495, "imu2/acl_z": 9.70369932861328, "imu2/gyr_x": 3.8625954198473282, "imu2/gyr_y": -1.2671755725190839, "imu2/gyr_z": -0.9389312977099237, "milliseconds": 96299}