{"cam/image_array": "828_cam-image_array_.jpg", "user/angle": 0.0, "user/throttle": -1.0, "user/mode": "user", "imu1/acl_x": 0.11252747802734374, "imu1/acl_y": -0.09816226806640624, "imu1/acl_z": 12.923900561523437, "imu1/gyr_x": -2.030534351145038, "imu1/gyr_y": 2.2519083969465647, "imu1/gyr_z": -3.854961832061069, "imu2/acl_x": -0.13646949462890623, "imu2/acl_y": -0.062249243164062495, "imu2/acl_z": 9.660603698730467, "imu2/gyr_x": 3.7557251908396947, "imu2/gyr_y": -1.3435114503816794, "imu2/gyr_z": -0.9618320610687023, "milliseconds": 79461}