{"cam/image_array": "254_cam-image_array_.jpg", "user/angle": -1.0, "user/throttle": 0.33208246541150876, "user/mode": "user", "imu1/acl_x": 0.1388636962890625, "imu1/acl_y": -0.06943184814453125, "imu1/acl_z": 12.89038173828125, "imu1/gyr_x": -3.885496183206107, "imu1/gyr_y": 2.351145038167939, "imu1/gyr_z": -2.1374045801526718, "imu2/acl_x": -0.1388636962890625, "imu2/acl_y": 0.1484405029296875, "imu2/acl_z": 9.519345800781249, "imu2/gyr_x": 3.885496183206107, "imu2/gyr_y": -1.2442748091603053, "imu2/gyr_z": -1.1603053435114503, "milliseconds": 42971}