{"cam/image_array": "333_cam-image_array_.jpg", "user/angle": -1.0, "user/throttle": 0.16374032813313646, "user/mode": "user", "imu1/acl_x": 0.14604630126953125, "imu1/acl_y": -0.076614453125, "imu1/acl_z": 12.873622326660156, "imu1/gyr_x": -3.984732824427481, "imu1/gyr_y": 2.2748091603053435, "imu1/gyr_z": -1.900763358778626, "imu2/acl_x": -0.16280571289062498, "imu2/acl_y": 0.023942016601562498, "imu2/acl_z": 9.715670336914062, "imu2/gyr_x": 3.8931297709923665, "imu2/gyr_y": -1.2900763358778626, "imu2/gyr_z": -1.0, "milliseconds": 47814}