{"cam/image_array": "710_cam-image_array_.jpg", "user/angle": -0.49999999999999994, "user/throttle": 0.11428571428571437, "user/mode": "user", "imu1/acl_x": 0.04548983154296875, "imu1/acl_y": -0.13168109130859373, "imu1/acl_z": 12.923900561523437, "imu1/gyr_x": -3.954198473282443, "imu1/gyr_y": 2.267175572519084, "imu1/gyr_z": -2.0, "imu2/acl_x": -0.0383072265625, "imu2/acl_y": -0.023942016601562498, "imu2/acl_z": 9.708487731933593, "imu2/gyr_x": 3.7480916030534353, "imu2/gyr_y": -1.2061068702290076, "imu2/gyr_z": -0.9236641221374046, "milliseconds": 72122}