{"cam/image_array": "965_cam-image_array_.jpg", "user/angle": 0.0, "user/throttle": -0.31818757156891997, "user/mode": "user", "imu1/acl_x": 0.2561795776367187, "imu1/acl_y": -0.05985504150390625, "imu1/acl_z": 12.84489190673828, "imu1/gyr_x": -3.8702290076335877, "imu1/gyr_y": 2.282442748091603, "imu1/gyr_z": -1.9236641221374047, "imu2/acl_x": -0.0143652099609375, "imu2/acl_y": -0.023942016601562498, "imu2/acl_z": 9.777919580078125, "imu2/gyr_x": 3.83206106870229, "imu2/gyr_y": -1.1068702290076335, "imu2/gyr_z": -0.8931297709923665, "milliseconds": 94174}