{"cam/image_array": "88_cam-image_array_.jpg", "user/angle": 0.0, "user/throttle": -1.0, "user/mode": "user", "imu1/acl_x": 0.12689268798828124, "imu1/acl_y": -0.14125789794921875, "imu1/acl_z": 12.933477368164061, "imu1/gyr_x": -3.854961832061069, "imu1/gyr_y": 2.4198473282442747, "imu1/gyr_z": -1.9923664122137406, "imu2/acl_x": -0.15322890625, "imu2/acl_y": 0.009576806640625, "imu2/acl_z": 9.627084875488281, "imu2/gyr_x": 5.809160305343512, "imu2/gyr_y": -1.1755725190839694, "imu2/gyr_z": -0.9694656488549618, "milliseconds": 31614}