{"cam/image_array": "864_cam-image_array_.jpg", "user/angle": 0.0, "user/throttle": -0.08571428571428528, "user/mode": "user", "imu1/acl_x": 0.11252747802734374, "imu1/acl_y": -0.040701428222656245, "imu1/acl_z": 12.873622326660156, "imu1/gyr_x": -3.8244274809160306, "imu1/gyr_y": 2.3206106870229006, "imu1/gyr_z": -1.9465648854961832, "imu2/acl_x": -0.1197100830078125, "imu2/acl_y": -0.00718260498046875, "imu2/acl_z": 9.662997900390625, "imu2/gyr_x": 3.877862595419847, "imu2/gyr_y": -1.3206106870229009, "imu2/gyr_z": -1.0534351145038168, "milliseconds": 81910}