{"cam/image_array": "918_cam-image_array_.jpg", "user/angle": 1.0, "user/throttle": 0.7857142857142858, "user/mode": "user", "imu1/acl_x": 0.14125789794921875, "imu1/acl_y": -0.08140285644531249, "imu1/acl_z": 12.990938208007812, "imu1/gyr_x": -2.053435114503817, "imu1/gyr_y": 2.404580152671756, "imu1/gyr_z": -1.7709923664122138, "imu2/acl_x": -0.15322890625, "imu2/acl_y": 0.08858546142578125, "imu2/acl_z": 9.634267480468749, "imu2/gyr_x": 3.8091603053435112, "imu2/gyr_y": -1.2290076335877862, "imu2/gyr_z": -0.9694656488549618, "milliseconds": 86004}