{"cam/image_array": "174_cam-image_array_.jpg", "user/angle": 0.13093891496174884, "user/throttle": 1.0, "user/mode": "user", "imu1/acl_x": 0.02154781494140625, "imu1/acl_y": -0.040701428222656245, "imu1/acl_z": 12.962207788085937, "imu1/gyr_x": -4.0, "imu1/gyr_y": 2.381679389312977, "imu1/gyr_z": -1.9923664122137406, "imu2/acl_x": -0.26336218261718747, "imu2/acl_y": -0.11252747802734374, "imu2/acl_z": 9.751583361816406, "imu2/gyr_x": 3.7938931297709924, "imu2/gyr_y": -1.2748091603053435, "imu2/gyr_z": -1.0687022900763359, "milliseconds": 37555}