{"cam/image_array": "291_cam-image_array_.jpg", "user/angle": 0.0, "user/throttle": -1.0, "user/mode": "user", "imu1/acl_x": 0.08140285644531249, "imu1/acl_y": -0.1149216796875, "imu1/acl_z": 12.799402075195312, "imu1/gyr_x": -3.954198473282443, "imu1/gyr_y": 2.2900763358778624, "imu1/gyr_z": -2.2213740458015265, "imu2/acl_x": -0.11731588134765625, "imu2/acl_y": 0.011971008300781249, "imu2/acl_z": 9.655815295410155, "imu2/gyr_x": 3.7022900763358777, "imu2/gyr_y": -1.3129770992366412, "imu2/gyr_z": -0.9083969465648855, "milliseconds": 45630}