{"cam/image_array": "260_cam-image_array_.jpg", "user/angle": -1.0, "user/throttle": 1.0, "user/mode": "user", "imu1/acl_x": 0.13168109130859373, "imu1/acl_y": -0.1005564697265625, "imu1/acl_z": 12.943054174804686, "imu1/gyr_x": -4.022900763358779, "imu1/gyr_y": 2.435114503816794, "imu1/gyr_z": -1.984732824427481, "imu2/acl_x": -0.2920926025390625, "imu2/acl_y": 0.062249243164062495, "imu2/acl_z": 9.643844287109374, "imu2/gyr_x": 3.854961832061069, "imu2/gyr_y": -1.3206106870229009, "imu2/gyr_z": -0.9007633587786259, "milliseconds": 43303}