{"cam/image_array": "240_cam-image_array_.jpg", "user/angle": -0.8581845977202314, "user/throttle": 1.0, "user/mode": "user", "imu1/acl_x": 0.13646949462890623, "imu1/acl_y": -0.09337386474609374, "imu1/acl_z": 12.974178796386719, "imu1/gyr_x": -3.7786259541984735, "imu1/gyr_y": 2.450381679389313, "imu1/gyr_z": -2.267175572519084, "imu2/acl_x": -0.11252747802734374, "imu2/acl_y": 0.040701428222656245, "imu2/acl_z": 9.629479077148437, "imu2/gyr_x": 3.9236641221374047, "imu2/gyr_y": -1.213740458015267, "imu2/gyr_z": -0.9618320610687023, "milliseconds": 42264}