{"cam/image_array": "866_cam-image_array_.jpg", "user/angle": 0.0, "user/throttle": -0.06196442885790122, "user/mode": "user", "imu1/acl_x": 0.105344873046875, "imu1/acl_y": -0.08379705810546874, "imu1/acl_z": 12.969390393066405, "imu1/gyr_x": -4.0, "imu1/gyr_y": 2.4580152671755724, "imu1/gyr_z": -1.8091603053435115, "imu2/acl_x": -0.16041151123046873, "imu2/acl_y": -0.15322890625, "imu2/acl_z": 9.7683427734375, "imu2/gyr_x": 3.7404580152671754, "imu2/gyr_y": -1.4045801526717556, "imu2/gyr_z": -1.0534351145038168, "milliseconds": 82008}