{"cam/image_array": "349_cam-image_array_.jpg", "user/angle": 0.3857142857142859, "user/throttle": 0.3714285714285714, "user/mode": "user", "imu1/acl_x": 0.11252747802734374, "imu1/acl_y": -0.09576806640624999, "imu1/acl_z": 12.916717956542968, "imu1/gyr_x": -3.8473282442748094, "imu1/gyr_y": 2.3435114503816794, "imu1/gyr_z": -1.8244274809160306, "imu2/acl_x": -0.17477672119140625, "imu2/acl_y": 0.0143652099609375, "imu2/acl_z": 9.794678991699218, "imu2/gyr_x": 3.6946564885496183, "imu2/gyr_y": -1.1603053435114503, "imu2/gyr_z": -0.9770992366412213, "milliseconds": 48625}