{"cam/image_array": "443_cam-image_array_.jpg", "user/angle": 0.0, "user/throttle": -1.0, "user/mode": "user", "imu1/acl_x": 0.09816226806640624, "imu1/acl_y": -0.105344873046875, "imu1/acl_z": 12.97896719970703, "imu1/gyr_x": -3.7557251908396947, "imu1/gyr_y": 2.435114503816794, "imu1/gyr_z": -1.8625954198473282, "imu2/acl_x": -0.16519991455078123, "imu2/acl_y": 0.12449848632812499, "imu2/acl_z": 9.627084875488281, "imu2/gyr_x": 3.7251908396946565, "imu2/gyr_y": -1.282442748091603, "imu2/gyr_z": -1.0076335877862594, "milliseconds": 54920}