{"cam/image_array": "71_cam-image_array_.jpg", "user/angle": 0.43849742128683716, "user/throttle": 1.0, "user/mode": "user", "imu1/acl_x": 0.076614453125, "imu1/acl_y": -0.09576806640624999, "imu1/acl_z": 12.885593334960937, "imu1/gyr_x": -3.954198473282443, "imu1/gyr_y": 2.2748091603053435, "imu1/gyr_z": -3.877862595419847, "imu2/acl_x": -0.1388636962890625, "imu2/acl_y": 0.031124621582031248, "imu2/acl_z": 9.629479077148437, "imu2/gyr_x": 3.7709923664122136, "imu2/gyr_y": -1.251908396946565, "imu2/gyr_z": -1.099236641221374, "milliseconds": 30315}