{"cam/image_array": "957_cam-image_array_.jpg", "user/angle": 1.0, "user/throttle": 0.5428571428571428, "user/mode": "user", "imu1/acl_x": 0.12210428466796874, "imu1/acl_y": -0.07422025146484375, "imu1/acl_z": 12.840103503417968, "imu1/gyr_x": -5.862595419847328, "imu1/gyr_y": 2.3740458015267176, "imu1/gyr_z": -1.8396946564885497, "imu2/acl_x": -0.13168109130859373, "imu2/acl_y": 0.02154781494140625, "imu2/acl_z": 9.60793126220703, "imu2/gyr_x": 3.854961832061069, "imu2/gyr_y": -1.251908396946565, "imu2/gyr_z": -0.8396946564885496, "milliseconds": 93298}