{"cam/image_array": "560_cam-image_array_.jpg", "user/angle": -1.0, "user/throttle": 1.0, "user/mode": "user", "imu1/acl_x": 0.201112939453125, "imu1/acl_y": -0.1005564697265625, "imu1/acl_z": 12.966996191406249, "imu1/gyr_x": -3.816793893129771, "imu1/gyr_y": 2.2290076335877864, "imu1/gyr_z": -1.9770992366412214, "imu2/acl_x": -0.1005564697265625, "imu2/acl_y": 0.031124621582031248, "imu2/acl_z": 9.627084875488281, "imu2/gyr_x": 3.900763358778626, "imu2/gyr_y": -1.183206106870229, "imu2/gyr_z": -1.0610687022900764, "milliseconds": 60964}