{"cam/image_array": "319_cam-image_array_.jpg", "user/angle": 0.0, "user/throttle": -1.0, "user/mode": "user", "imu1/acl_x": 0.07900865478515624, "imu1/acl_y": -0.011971008300781249, "imu1/acl_z": 12.885593334960937, "imu1/gyr_x": -4.00763358778626, "imu1/gyr_y": 2.33587786259542, "imu1/gyr_z": -2.0839694656488548, "imu2/acl_x": -0.16041151123046873, "imu2/acl_y": 0.02154781494140625, "imu2/acl_z": 9.667786303710937, "imu2/gyr_x": 3.8244274809160306, "imu2/gyr_y": -1.16793893129771, "imu2/gyr_z": -1.0076335877862594, "milliseconds": 47079}