{"cam/image_array": "313_cam-image_array_.jpg", "user/angle": 0.0, "user/throttle": 0.0, "user/mode": "user", "imu1/acl_x": 0.14604630126953125, "imu1/acl_y": -0.11013327636718749, "imu1/acl_z": 12.928688964843749, "imu1/gyr_x": -3.984732824427481, "imu1/gyr_y": 2.2290076335877864, "imu1/gyr_z": -3.8396946564885495, "imu2/acl_x": -0.14125789794921875, "imu2/acl_y": -0.0143652099609375, "imu2/acl_z": 9.572018237304688, "imu2/gyr_x": 3.877862595419847, "imu2/gyr_y": -1.1755725190839694, "imu2/gyr_z": -0.9923664122137404, "milliseconds": 46771}