{"cam/image_array": "758_cam-image_array_.jpg", "user/angle": 0.4547829990274532, "user/throttle": 1.0, "user/mode": "user", "imu1/acl_x": 0.1149216796875, "imu1/acl_y": -0.05985504150390625, "imu1/acl_z": 12.9095353515625, "imu1/gyr_x": -3.83206106870229, "imu1/gyr_y": 2.49618320610687, "imu1/gyr_z": -2.053435114503817, "imu2/acl_x": -0.19393033447265623, "imu2/acl_y": -0.028730419921875, "imu2/acl_z": 9.598354455566406, "imu2/gyr_x": 3.877862595419847, "imu2/gyr_y": -1.2748091603053435, "imu2/gyr_z": -1.083969465648855, "milliseconds": 75301}