{"cam/image_array": "682_cam-image_array_.jpg", "user/angle": 0.20827664180691766, "user/throttle": 1.0, "user/mode": "user", "imu1/acl_x": 0.1149216796875, "imu1/acl_y": -0.1197100830078125, "imu1/acl_z": 12.962207788085937, "imu1/gyr_x": -3.8396946564885495, "imu1/gyr_y": 2.2442748091603053, "imu1/gyr_z": -1.83206106870229, "imu2/acl_x": -0.28012159423828126, "imu2/acl_y": 0.028730419921875, "imu2/acl_z": 9.732429748535155, "imu2/gyr_x": 3.7786259541984735, "imu2/gyr_y": -1.1984732824427482, "imu2/gyr_z": -0.9923664122137404, "milliseconds": 69594}