{"cam/image_array": "602_cam-image_array_.jpg", "user/angle": 0.0, "user/throttle": -1.0, "user/mode": "user", "imu1/acl_x": 0.15562310791015624, "imu1/acl_y": -0.11252747802734374, "imu1/acl_z": 12.883199133300781, "imu1/gyr_x": -3.984732824427481, "imu1/gyr_y": 2.183206106870229, "imu1/gyr_z": -2.045801526717557, "imu2/acl_x": -0.01915361328125, "imu2/acl_y": 0.0, "imu2/acl_z": 9.6151138671875, "imu2/gyr_x": 1.984732824427481, "imu2/gyr_y": -1.3435114503816794, "imu2/gyr_z": -0.8702290076335878, "milliseconds": 64807}