{"cam/image_array": "316_cam-image_array_.jpg", "user/angle": 0.0, "user/throttle": -0.06790971423737131, "user/mode": "user", "imu1/acl_x": 0.13168109130859373, "imu1/acl_y": -0.12210428466796874, "imu1/acl_z": 12.94065997314453, "imu1/gyr_x": -5.862595419847328, "imu1/gyr_y": 2.3587786259541983, "imu1/gyr_z": -1.816793893129771, "imu2/acl_x": -0.06943184814453125, "imu2/acl_y": 0.00718260498046875, "imu2/acl_z": 9.686939916992188, "imu2/gyr_x": 3.83206106870229, "imu2/gyr_y": -1.2595419847328244, "imu2/gyr_z": -0.9694656488549618, "milliseconds": 46943}