{"cam/image_array": "31_cam-image_array_.jpg", "user/angle": 0.0, "user/throttle": 0.0, "user/mode": "user", "imu1/acl_x": 0.17238251953125, "imu1/acl_y": -0.055066638183593745, "imu1/acl_z": 12.952630981445312, "imu1/gyr_x": -3.946564885496183, "imu1/gyr_y": 2.1755725190839694, "imu1/gyr_z": -2.0916030534351147, "imu2/acl_x": -0.00718260498046875, "imu2/acl_y": -0.1388636962890625, "imu2/acl_z": 9.718064538574218, "imu2/gyr_x": 3.7938931297709924, "imu2/gyr_y": -1.1603053435114503, "imu2/gyr_z": -1.015267175572519, "milliseconds": 27750}