{"cam/image_array": "45_cam-image_array_.jpg", "user/angle": 0.0, "user/throttle": 0.0, "user/mode": "user", "imu1/acl_x": 0.00239420166015625, "imu1/acl_y": -0.10295067138671875, "imu1/acl_z": 12.895170141601561, "imu1/gyr_x": -3.854961832061069, "imu1/gyr_y": 2.2213740458015265, "imu1/gyr_z": -1.9923664122137406, "imu2/acl_x": -0.18435352783203124, "imu2/acl_y": -0.028730419921875, "imu2/acl_z": 9.605537060546874, "imu2/gyr_x": 3.763358778625954, "imu2/gyr_y": -1.2671755725190839, "imu2/gyr_z": -0.916030534351145, "milliseconds": 28484}