{"cam/image_array": "593_cam-image_array_.jpg", "user/angle": 0.0, "user/throttle": -0.05714285714285704, "user/mode": "user", "imu1/acl_x": 0.08140285644531249, "imu1/acl_y": -0.11731588134765625, "imu1/acl_z": 12.919112158203124, "imu1/gyr_x": -5.862595419847328, "imu1/gyr_y": 2.4656488549618323, "imu1/gyr_z": -2.0916030534351147, "imu2/acl_x": -0.1867477294921875, "imu2/acl_y": 0.040701428222656245, "imu2/acl_z": 9.64623848876953, "imu2/gyr_x": 1.984732824427481, "imu2/gyr_y": -1.213740458015267, "imu2/gyr_z": -0.8702290076335878, "milliseconds": 64347}