{"cam/image_array": "814_cam-image_array_.jpg", "user/angle": -1.0, "user/throttle": 0.34285714285714336, "user/mode": "user", "imu1/acl_x": 0.08379705810546874, "imu1/acl_y": -0.06943184814453125, "imu1/acl_z": 12.983755603027342, "imu1/gyr_x": -3.900763358778626, "imu1/gyr_y": 2.3206106870229006, "imu1/gyr_z": -1.6793893129770991, "imu2/acl_x": -0.08858546142578125, "imu2/acl_y": -0.13407529296874998, "imu2/acl_z": 9.651026892089844, "imu2/gyr_x": 5.847328244274809, "imu2/gyr_y": -1.282442748091603, "imu2/gyr_z": -0.8778625954198473, "milliseconds": 78744}