{"cam/image_array": "831_cam-image_array_.jpg", "user/angle": 0.0, "user/throttle": -0.21428571428571402, "user/mode": "user", "imu1/acl_x": 0.16759411621093748, "imu1/acl_y": -0.05985504150390625, "imu1/acl_z": 12.90235274658203, "imu1/gyr_x": -4.038167938931298, "imu1/gyr_y": 2.2748091603053435, "imu1/gyr_z": -1.7709923664122138, "imu2/acl_x": -0.0047884033203125, "imu2/acl_y": 0.0383072265625, "imu2/acl_z": 9.665392102050781, "imu2/gyr_x": 3.8244274809160306, "imu2/gyr_y": -1.2213740458015268, "imu2/gyr_z": -1.1068702290076335, "milliseconds": 79603}