{"cam/image_array": "235_cam-image_array_.jpg", "user/angle": 0.0, "user/throttle": -1.0, "user/mode": "user", "imu1/acl_x": 0.30406361083984373, "imu1/acl_y": -0.1149216796875, "imu1/acl_z": 12.907141149902342, "imu1/gyr_x": -3.984732824427481, "imu1/gyr_y": 2.2748091603053435, "imu1/gyr_z": -3.8091603053435112, "imu2/acl_x": -0.181959326171875, "imu2/acl_y": -0.011971008300781249, "imu2/acl_z": 9.634267480468749, "imu2/gyr_x": 3.687022900763359, "imu2/gyr_y": -1.1068702290076335, "imu2/gyr_z": -0.9770992366412213, "milliseconds": 41993}