{"cam/image_array": "654_cam-image_array_.jpg", "user/angle": 1.0, "user/throttle": 0.12710811854533324, "user/mode": "user", "imu1/acl_x": 0.09337386474609374, "imu1/acl_y": -0.08858546142578125, "imu1/acl_z": 12.983755603027342, "imu1/gyr_x": -3.954198473282443, "imu1/gyr_y": 2.312977099236641, "imu1/gyr_z": -0.015267175572519083, "imu2/acl_x": -0.07422025146484375, "imu2/acl_y": -0.0143652099609375, "imu2/acl_z": 9.682151513671874, "imu2/gyr_x": 3.8625954198473282, "imu2/gyr_y": -1.3206106870229009, "imu2/gyr_z": -0.7938931297709924, "milliseconds": 68153}