{"cam/image_array": "127_cam-image_array_.jpg", "user/angle": 0.0, "user/throttle": -0.5506521785866085, "user/mode": "user", "imu1/acl_x": 0.16280571289062498, "imu1/acl_y": -0.06464344482421874, "imu1/acl_z": 12.928688964843749, "imu1/gyr_x": -5.854961832061068, "imu1/gyr_y": 2.282442748091603, "imu1/gyr_z": -1.9236641221374047, "imu2/acl_x": -0.12689268798828124, "imu2/acl_y": -0.11013327636718749, "imu2/acl_z": 9.536105212402344, "imu2/gyr_x": 3.7938931297709924, "imu2/gyr_y": -1.2366412213740459, "imu2/gyr_z": -1.0534351145038168, "milliseconds": 34493}