{"cam/image_array": "397_cam-image_array_.jpg", "user/angle": -0.4428571428571429, "user/throttle": 0.6285714285714286, "user/mode": "user", "imu1/acl_x": 0.1484405029296875, "imu1/acl_y": -0.031124621582031248, "imu1/acl_z": 12.725181823730468, "imu1/gyr_x": -1.9694656488549618, "imu1/gyr_y": 2.5114503816793894, "imu1/gyr_z": -1.9236641221374047, "imu2/acl_x": -0.15083470458984374, "imu2/acl_y": 0.05985504150390625, "imu2/acl_z": 9.629479077148437, "imu2/gyr_x": 3.8702290076335877, "imu2/gyr_y": -1.1755725190839694, "imu2/gyr_z": -1.0687022900763359, "milliseconds": 52061}