{"cam/image_array": "21_cam-image_array_.jpg", "user/angle": -0.5053998113405996, "user/throttle": 1.0, "user/mode": "user", "imu1/acl_x": 0.09816226806640624, "imu1/acl_y": -0.0909796630859375, "imu1/acl_z": 12.856862915039061, "imu1/gyr_x": -3.854961832061069, "imu1/gyr_y": 2.2900763358778624, "imu1/gyr_z": -1.83206106870229, "imu2/acl_x": -0.16280571289062498, "imu2/acl_y": 0.0143652099609375, "imu2/acl_z": 9.658209497070311, "imu2/gyr_x": 3.7938931297709924, "imu2/gyr_y": -1.282442748091603, "imu2/gyr_z": -1.0, "milliseconds": 27248}