{"cam/image_array": "296_cam-image_array_.jpg", "user/angle": -0.15714285714285686, "user/throttle": 1.0, "user/mode": "user", "imu1/acl_x": 0.143652099609375, "imu1/acl_y": -0.07422025146484375, "imu1/acl_z": 12.945448376464842, "imu1/gyr_x": -3.854961832061069, "imu1/gyr_y": 2.4732824427480917, "imu1/gyr_z": -1.8396946564885497, "imu2/acl_x": -0.2609679809570312, "imu2/acl_y": 0.0718260498046875, "imu2/acl_z": 9.734823950195311, "imu2/gyr_x": 3.6564885496183206, "imu2/gyr_y": -1.2900763358778626, "imu2/gyr_z": -0.9312977099236641, "milliseconds": 45911}