{"cam/image_array": "762_cam-image_array_.jpg", "user/angle": 0.0, "user/throttle": -1.0, "user/mode": "user", "imu1/acl_x": 0.11013327636718749, "imu1/acl_y": -0.11013327636718749, "imu1/acl_z": 12.943054174804686, "imu1/gyr_x": -3.9083969465648853, "imu1/gyr_y": 2.2061068702290076, "imu1/gyr_z": -1.8702290076335877, "imu2/acl_x": -0.15322890625, "imu2/acl_y": 0.06703764648437499, "imu2/acl_z": 9.698910925292969, "imu2/gyr_x": 3.7404580152671754, "imu2/gyr_y": -1.1526717557251909, "imu2/gyr_z": -1.015267175572519, "milliseconds": 75505}