{"cam/image_array": "439_cam-image_array_.jpg", "user/angle": -0.5362837401730175, "user/throttle": 1.0, "user/mode": "user", "imu1/acl_x": 0.15562310791015624, "imu1/acl_y": -0.0909796630859375, "imu1/acl_z": 12.811373083496093, "imu1/gyr_x": -4.106870229007634, "imu1/gyr_y": 2.4885496183206106, "imu1/gyr_z": -2.053435114503817, "imu2/acl_x": -0.16041151123046873, "imu2/acl_y": 0.03591302490234375, "imu2/acl_z": 9.674968908691406, "imu2/gyr_x": 3.7938931297709924, "imu2/gyr_y": -1.3282442748091603, "imu2/gyr_z": -0.8702290076335878, "milliseconds": 54735}