{"cam/image_array": "940_cam-image_array_.jpg", "user/angle": 0.0, "user/throttle": -0.638044974845854, "user/mode": "user", "imu1/acl_x": 0.16041151123046873, "imu1/acl_y": -0.062249243164062495, "imu1/acl_z": 12.887987536621093, "imu1/gyr_x": -3.8702290076335877, "imu1/gyr_y": 2.3969465648854964, "imu1/gyr_z": -0.007633587786259542, "imu2/acl_x": -0.10295067138671875, "imu2/acl_y": 0.02633621826171875, "imu2/acl_z": 9.629479077148437, "imu2/gyr_x": 3.9160305343511452, "imu2/gyr_y": -1.1450381679389312, "imu2/gyr_z": -0.9694656488549618, "milliseconds": 87607}