{"cam/image_array": "900_cam-image_array_.jpg", "user/angle": -1.0, "user/throttle": 0.40000000000000013, "user/mode": "user", "imu1/acl_x": 0.24181436767578124, "imu1/acl_y": -0.0909796630859375, "imu1/acl_z": 12.935871569824219, "imu1/gyr_x": -3.9083969465648853, "imu1/gyr_y": 2.2442748091603053, "imu1/gyr_z": -1.786259541984733, "imu2/acl_x": -0.11013327636718749, "imu2/acl_y": 0.05746083984375, "imu2/acl_z": 9.53131680908203, "imu2/gyr_x": 3.954198473282443, "imu2/gyr_y": -1.2671755725190839, "imu2/gyr_z": -1.0687022900763359, "milliseconds": 85092}