{"cam/image_array": "139_cam-image_array_.jpg", "user/angle": 0.0, "user/throttle": -0.5285714285714286, "user/mode": "user", "imu1/acl_x": 0.12210428466796874, "imu1/acl_y": -0.07422025146484375, "imu1/acl_z": 12.725181823730468, "imu1/gyr_x": -3.854961832061069, "imu1/gyr_y": 2.3969465648854964, "imu1/gyr_z": -0.08396946564885496, "imu2/acl_x": -0.1484405029296875, "imu2/acl_y": -0.00718260498046875, "imu2/acl_z": 9.605537060546874, "imu2/gyr_x": 3.8473282442748094, "imu2/gyr_y": -1.1145038167938932, "imu2/gyr_z": -1.0, "milliseconds": 35097}