{"cam/image_array": "975_cam-image_array_.jpg", "user/angle": 0.0, "user/throttle": 0.0, "user/mode": "user", "imu1/acl_x": 0.10295067138671875, "imu1/acl_y": -0.06943184814453125, "imu1/acl_z": 12.878410729980468, "imu1/gyr_x": -3.801526717557252, "imu1/gyr_y": 2.381679389312977, "imu1/gyr_z": -1.8396946564885497, "imu2/acl_x": -0.1197100830078125, "imu2/acl_y": 0.009576806640625, "imu2/acl_z": 9.627084875488281, "imu2/gyr_x": 3.900763358778626, "imu2/gyr_y": -1.1526717557251909, "imu2/gyr_z": -1.0458015267175573, "milliseconds": 95343}