{"cam/image_array": "285_cam-image_array_.jpg", "user/angle": -1.0, "user/throttle": 0.05616559563017336, "user/mode": "user", "imu1/acl_x": 0.1292868896484375, "imu1/acl_y": -0.13168109130859373, "imu1/acl_z": 12.914323754882812, "imu1/gyr_x": -3.9618320610687023, "imu1/gyr_y": 2.381679389312977, "imu1/gyr_z": -1.9312977099236641, "imu2/acl_x": -0.28969840087890625, "imu2/acl_y": 0.0383072265625, "imu2/acl_z": 9.737218151855469, "imu2/gyr_x": 3.8091603053435112, "imu2/gyr_y": -1.099236641221374, "imu2/gyr_z": -1.0, "milliseconds": 45345}