{"cam/image_array": "737_cam-image_array_.jpg", "user/angle": 0.13250985973643162, "user/throttle": 1.0, "user/mode": "user", "imu1/acl_x": 0.1867477294921875, "imu1/acl_y": -0.0718260498046875, "imu1/acl_z": 12.950236779785156, "imu1/gyr_x": -4.0534351145038165, "imu1/gyr_y": 2.267175572519084, "imu1/gyr_z": -1.7709923664122138, "imu2/acl_x": -0.10295067138671875, "imu2/acl_y": 0.011971008300781249, "imu2/acl_z": 9.715670336914062, "imu2/gyr_x": 3.8625954198473282, "imu2/gyr_y": -1.099236641221374, "imu2/gyr_z": -1.0381679389312977, "milliseconds": 73504}