{"cam/image_array": "85_cam-image_array_.jpg", "user/angle": 0.0, "user/throttle": -0.5285714285714285, "user/mode": "user", "imu1/acl_x": 0.17956512451171874, "imu1/acl_y": -0.06943184814453125, "imu1/acl_z": 12.943054174804686, "imu1/gyr_x": -3.900763358778626, "imu1/gyr_y": 2.404580152671756, "imu1/gyr_z": -1.8854961832061068, "imu2/acl_x": -0.02633621826171875, "imu2/acl_y": 0.05027823486328125, "imu2/acl_z": 9.686939916992188, "imu2/gyr_x": 3.732824427480916, "imu2/gyr_y": -1.2366412213740459, "imu2/gyr_z": -0.9083969465648855, "milliseconds": 31454}