{"cam/image_array": "320_cam-image_array_.jpg", "user/angle": 0.0, "user/throttle": 0.0, "user/mode": "user", "imu1/acl_x": 0.0909796630859375, "imu1/acl_y": -0.06464344482421874, "imu1/acl_z": 12.899958544921875, "imu1/gyr_x": -3.854961832061069, "imu1/gyr_y": 2.2748091603053435, "imu1/gyr_z": -1.786259541984733, "imu2/acl_x": -0.09816226806640624, "imu2/acl_y": 0.040701428222656245, "imu2/acl_z": 9.665392102050781, "imu2/gyr_x": 3.801526717557252, "imu2/gyr_y": -1.1221374045801527, "imu2/gyr_z": -0.8931297709923665, "milliseconds": 47143}