{"cam/image_array": "52_cam-image_array_.jpg", "user/angle": 1.0, "user/throttle": 0.889988318979969, "user/mode": "user", "imu1/acl_x": 0.201112939453125, "imu1/acl_y": -0.0430956298828125, "imu1/acl_z": 12.876016528320312, "imu1/gyr_x": -3.7786259541984735, "imu1/gyr_y": 2.351145038167939, "imu1/gyr_z": -1.7938931297709924, "imu2/acl_x": -0.0047884033203125, "imu2/acl_y": -0.05746083984375, "imu2/acl_z": 9.53131680908203, "imu2/gyr_x": 5.809160305343512, "imu2/gyr_y": -1.251908396946565, "imu2/gyr_z": -1.0610687022900764, "milliseconds": 29347}