{"cam/image_array": "498_cam-image_array_.jpg", "user/angle": 0.0, "user/throttle": -0.5714285714285714, "user/mode": "user", "imu1/acl_x": 0.1005564697265625, "imu1/acl_y": -0.02154781494140625, "imu1/acl_z": 12.957419384765624, "imu1/gyr_x": -2.015267175572519, "imu1/gyr_y": 2.3206106870229006, "imu1/gyr_z": -1.9312977099236641, "imu2/acl_x": -0.09576806640624999, "imu2/acl_y": -0.016759411621093748, "imu2/acl_z": 9.694122521972655, "imu2/gyr_x": 3.6717557251908395, "imu2/gyr_y": -1.2671755725190839, "imu2/gyr_z": -1.0076335877862594, "milliseconds": 57787}