{"cam/image_array": "791_cam-image_array_.jpg", "user/angle": 0.0, "user/throttle": 0.0, "user/mode": "user", "imu1/acl_x": 0.12210428466796874, "imu1/acl_y": -0.09337386474609374, "imu1/acl_z": 12.995726611328124, "imu1/gyr_x": -4.00763358778626, "imu1/gyr_y": 2.381679389312977, "imu1/gyr_z": -1.8778625954198473, "imu2/acl_x": -0.08140285644531249, "imu2/acl_y": 0.04548983154296875, "imu2/acl_z": 9.627084875488281, "imu2/gyr_x": 3.8244274809160306, "imu2/gyr_y": -1.3129770992366412, "imu2/gyr_z": -1.0458015267175573, "milliseconds": 77561}