{"cam/image_array": "672_cam-image_array_.jpg", "user/angle": 0.0, "user/throttle": -1.0, "user/mode": "user", "imu1/acl_x": 0.13646949462890623, "imu1/acl_y": -0.1005564697265625, "imu1/acl_z": 12.926294763183593, "imu1/gyr_x": -3.8091603053435112, "imu1/gyr_y": 2.381679389312977, "imu1/gyr_z": -1.8702290076335877, "imu2/acl_x": -0.10773907470703124, "imu2/acl_y": 0.0526724365234375, "imu2/acl_z": 9.782707983398437, "imu2/gyr_x": 3.7709923664122136, "imu2/gyr_y": -1.2366412213740459, "imu2/gyr_z": -1.0381679389312977, "milliseconds": 69064}