{"cam/image_array": "427_cam-image_array_.jpg", "user/angle": 0.0, "user/throttle": -0.3859422006840238, "user/mode": "user", "imu1/acl_x": 0.105344873046875, "imu1/acl_y": -0.1292868896484375, "imu1/acl_z": 13.000515014648437, "imu1/gyr_x": -3.8702290076335877, "imu1/gyr_y": 2.3206106870229006, "imu1/gyr_z": -1.8015267175572518, "imu2/acl_x": -0.12449848632812499, "imu2/acl_y": 0.047884033203124995, "imu2/acl_z": 9.670180505371093, "imu2/gyr_x": 3.7022900763358777, "imu2/gyr_y": -1.1450381679389312, "imu2/gyr_z": -0.9083969465648855, "milliseconds": 54102}