{"cam/image_array": "906_cam-image_array_.jpg", "user/angle": 1.0, "user/throttle": 1.0, "user/mode": "user", "imu1/acl_x": 0.201112939453125, "imu1/acl_y": -0.06943184814453125, "imu1/acl_z": 12.887987536621093, "imu1/gyr_x": -5.847328244274809, "imu1/gyr_y": 2.236641221374046, "imu1/gyr_z": -1.9083969465648856, "imu2/acl_x": -0.10295067138671875, "imu2/acl_y": 0.12449848632812499, "imu2/acl_z": 9.686939916992188, "imu2/gyr_x": 3.9389312977099236, "imu2/gyr_y": -1.1984732824427482, "imu2/gyr_z": -1.0610687022900764, "milliseconds": 85401}