{"cam/image_array": "384_cam-image_array_.jpg", "user/angle": -0.08571428571428559, "user/throttle": 0.5428571428571428, "user/mode": "user", "imu1/acl_x": 0.16759411621093748, "imu1/acl_y": -0.105344873046875, "imu1/acl_z": 12.919112158203124, "imu1/gyr_x": -3.83206106870229, "imu1/gyr_y": 2.50381679389313, "imu1/gyr_z": -1.8473282442748091, "imu2/acl_x": -0.02633621826171875, "imu2/acl_y": 0.016759411621093748, "imu2/acl_z": 9.689334118652344, "imu2/gyr_x": 3.7251908396946565, "imu2/gyr_y": -1.3358778625954197, "imu2/gyr_z": -0.9618320610687023, "milliseconds": 50430}