{"cam/image_array": "389_cam-image_array_.jpg", "user/angle": -1.0, "user/throttle": 1.0, "user/mode": "user", "imu1/acl_x": 0.033518823242187495, "imu1/acl_y": -0.062249243164062495, "imu1/acl_z": 12.959813586425781, "imu1/gyr_x": -3.8396946564885495, "imu1/gyr_y": 2.3053435114503817, "imu1/gyr_z": -0.061068702290076333, "imu2/acl_x": -0.00239420166015625, "imu2/acl_y": -0.011971008300781249, "imu2/acl_z": 9.694122521972655, "imu2/gyr_x": 3.7251908396946565, "imu2/gyr_y": -1.2442748091603053, "imu2/gyr_z": -1.0305343511450382, "milliseconds": 51644}