{"cam/image_array": "288_cam-image_array_.jpg", "user/angle": -1.0, "user/throttle": 1.0, "user/mode": "user", "imu1/acl_x": 0.16041151123046873, "imu1/acl_y": -0.05027823486328125, "imu1/acl_z": 12.9861498046875, "imu1/gyr_x": -3.931297709923664, "imu1/gyr_y": 2.2519083969465647, "imu1/gyr_z": -1.9312977099236641, "imu2/acl_x": -0.06943184814453125, "imu2/acl_y": 0.13646949462890623, "imu2/acl_z": 9.6917283203125, "imu2/gyr_x": 3.877862595419847, "imu2/gyr_y": -1.3206106870229009, "imu2/gyr_z": -0.9847328244274809, "milliseconds": 45481}