{"cam/image_array": "449_cam-image_array_.jpg", "user/angle": 0.0, "user/throttle": 0.0, "user/mode": "user", "imu1/acl_x": 0.11252747802734374, "imu1/acl_y": -0.0718260498046875, "imu1/acl_z": 12.964601989746093, "imu1/gyr_x": -5.854961832061068, "imu1/gyr_y": 2.480916030534351, "imu1/gyr_z": -3.900763358778626, "imu2/acl_x": -0.296881005859375, "imu2/acl_y": 0.05985504150390625, "imu2/acl_z": 9.696516723632811, "imu2/gyr_x": 4.030534351145038, "imu2/gyr_y": -1.2595419847328244, "imu2/gyr_z": -0.8702290076335878, "milliseconds": 55247}