{"cam/image_array": "723_cam-image_array_.jpg", "user/angle": 0.0, "user/throttle": -0.9571428571428562, "user/mode": "user", "imu1/acl_x": 0.30406361083984373, "imu1/acl_y": -0.12449848632812499, "imu1/acl_z": 12.995726611328124, "imu1/gyr_x": -3.9618320610687023, "imu1/gyr_y": 2.2061068702290076, "imu1/gyr_z": -1.9465648854961832, "imu2/acl_x": -0.11013327636718749, "imu2/acl_y": 0.028730419921875, "imu2/acl_z": 9.70369932861328, "imu2/gyr_x": 5.8320610687022905, "imu2/gyr_y": -1.251908396946565, "imu2/gyr_z": -1.0916030534351144, "milliseconds": 72800}