{"cam/image_array": "144_cam-image_array_.jpg", "user/angle": 0.0, "user/throttle": -0.17142857142857126, "user/mode": "user", "imu1/acl_x": 0.29448680419921874, "imu1/acl_y": -0.08140285644531249, "imu1/acl_z": 12.873622326660156, "imu1/gyr_x": -3.8091603053435112, "imu1/gyr_y": 2.3740458015267176, "imu1/gyr_z": -2.068702290076336, "imu2/acl_x": -0.15083470458984374, "imu2/acl_y": 0.062249243164062495, "imu2/acl_z": 9.677363110351562, "imu2/gyr_x": 3.7557251908396947, "imu2/gyr_y": -1.1297709923664123, "imu2/gyr_z": -0.8473282442748091, "milliseconds": 35361}