{"cam/image_array": "97_cam-image_array_.jpg", "user/angle": 0.0, "user/throttle": -1.0, "user/mode": "user", "imu1/acl_x": 0.016759411621093748, "imu1/acl_y": -0.10773907470703124, "imu1/acl_z": 12.97896719970703, "imu1/gyr_x": -3.931297709923664, "imu1/gyr_y": 2.3206106870229006, "imu1/gyr_z": -1.9465648854961832, "imu2/acl_x": -0.12449848632812499, "imu2/acl_y": 0.07422025146484375, "imu2/acl_z": 9.60793126220703, "imu2/gyr_x": 3.732824427480916, "imu2/gyr_y": -1.183206106870229, "imu2/gyr_z": -1.0458015267175573, "milliseconds": 32098}