{"cam/image_array": "141_cam-image_array_.jpg", "user/angle": 0.05603972714970664, "user/throttle": 1.0, "user/mode": "user", "imu1/acl_x": 0.143652099609375, "imu1/acl_y": -0.10295067138671875, "imu1/acl_z": 12.859257116699219, "imu1/gyr_x": -3.9618320610687023, "imu1/gyr_y": 2.381679389312977, "imu1/gyr_z": -1.9618320610687023, "imu2/acl_x": -0.15322890625, "imu2/acl_y": 0.009576806640625, "imu2/acl_z": 9.698910925292969, "imu2/gyr_x": 3.6946564885496183, "imu2/gyr_y": -1.251908396946565, "imu2/gyr_z": -0.9236641221374046, "milliseconds": 35212}