{"cam/image_array": "342_cam-image_array_.jpg", "user/angle": -1.0, "user/throttle": 0.04285714285714277, "user/mode": "user", "imu1/acl_x": 0.0909796630859375, "imu1/acl_y": -0.0526724365234375, "imu1/acl_z": 12.892775939941405, "imu1/gyr_x": -5.8396946564885495, "imu1/gyr_y": 2.3053435114503817, "imu1/gyr_z": -1.8015267175572518, "imu2/acl_x": -0.09576806640624999, "imu2/acl_y": 0.011971008300781249, "imu2/acl_z": 9.696516723632811, "imu2/gyr_x": 3.946564885496183, "imu2/gyr_y": -1.4351145038167938, "imu2/gyr_z": -0.9923664122137404, "milliseconds": 48286}