{"cam/image_array": "196_cam-image_array_.jpg", "user/angle": 1.0, "user/throttle": 0.1428571428571425, "user/mode": "user", "imu1/acl_x": 0.2825157958984375, "imu1/acl_y": -0.06464344482421874, "imu1/acl_z": 12.976572998046874, "imu1/gyr_x": -3.687022900763359, "imu1/gyr_y": 2.33587786259542, "imu1/gyr_z": -2.015267175572519, "imu2/acl_x": -0.10773907470703124, "imu2/acl_y": 0.0383072265625, "imu2/acl_z": 9.6151138671875, "imu2/gyr_x": 3.816793893129771, "imu2/gyr_y": -1.3511450381679388, "imu2/gyr_z": -1.1145038167938932, "milliseconds": 38700}