{"cam/image_array": "637_cam-image_array_.jpg", "user/angle": 0.0, "user/throttle": -1.0, "user/mode": "user", "imu1/acl_x": 0.13168109130859373, "imu1/acl_y": -0.062249243164062495, "imu1/acl_z": 12.868833923339842, "imu1/gyr_x": -1.9618320610687023, "imu1/gyr_y": 2.381679389312977, "imu1/gyr_z": -1.83206106870229, "imu2/acl_x": -0.08140285644531249, "imu2/acl_y": -0.011971008300781249, "imu2/acl_z": 9.631873278808593, "imu2/gyr_x": 3.732824427480916, "imu2/gyr_y": -1.3511450381679388, "imu2/gyr_z": -1.015267175572519, "milliseconds": 66591}