{"cam/image_array": "306_cam-image_array_.jpg", "user/angle": 1.0, "user/throttle": 0.2857142857142852, "user/mode": "user", "imu1/acl_x": 0.12689268798828124, "imu1/acl_y": -0.05985504150390625, "imu1/acl_z": 12.931083166503905, "imu1/gyr_x": -4.022900763358779, "imu1/gyr_y": 2.3282442748091605, "imu1/gyr_z": -1.6946564885496183, "imu2/acl_x": -0.258573779296875, "imu2/acl_y": 0.0, "imu2/acl_z": 9.679757312011718, "imu2/gyr_x": 3.8473282442748094, "imu2/gyr_y": -1.1984732824427482, "imu2/gyr_z": -0.9694656488549618, "milliseconds": 46425}