{"cam/image_array": "635_cam-image_array_.jpg", "user/angle": 1.0, "user/throttle": 0.882749550131773, "user/mode": "user", "imu1/acl_x": 0.26815058593749996, "imu1/acl_y": -0.07900865478515624, "imu1/acl_z": 12.85207451171875, "imu1/gyr_x": -3.9236641221374047, "imu1/gyr_y": 2.480916030534351, "imu1/gyr_z": -1.916030534351145, "imu2/acl_x": -0.143652099609375, "imu2/acl_y": 0.028730419921875, "imu2/acl_z": 9.662997900390625, "imu2/gyr_x": 3.8473282442748094, "imu2/gyr_y": -1.3740458015267176, "imu2/gyr_z": -1.1068702290076335, "milliseconds": 66488}