{"cam/image_array": "760_cam-image_array_.jpg", "user/angle": 0.0, "user/throttle": 0.0, "user/mode": "user", "imu1/acl_x": 0.09576806640624999, "imu1/acl_y": -0.09576806640624999, "imu1/acl_z": 12.988544006347656, "imu1/gyr_x": -1.9923664122137406, "imu1/gyr_y": 2.4198473282442747, "imu1/gyr_z": -1.717557251908397, "imu2/acl_x": -0.15322890625, "imu2/acl_y": -0.028730419921875, "imu2/acl_z": 9.6917283203125, "imu2/gyr_x": 3.7557251908396947, "imu2/gyr_y": -1.2748091603053435, "imu2/gyr_z": -0.8931297709923665, "milliseconds": 75401}