{"cam/image_array": "78_cam-image_array_.jpg", "user/angle": 1.0, "user/throttle": 0.5428571428571428, "user/mode": "user", "imu1/acl_x": 0.15562310791015624, "imu1/acl_y": -0.05027823486328125, "imu1/acl_z": 12.928688964843749, "imu1/gyr_x": -3.7938931297709924, "imu1/gyr_y": 2.213740458015267, "imu1/gyr_z": -0.030534351145038167, "imu2/acl_x": -0.13646949462890623, "imu2/acl_y": 0.04548983154296875, "imu2/acl_z": 9.593566052246093, "imu2/gyr_x": 3.7480916030534353, "imu2/gyr_y": -1.251908396946565, "imu2/gyr_z": -1.1297709923664123, "milliseconds": 31108}