{"cam/image_array": "9_cam-image_array_.jpg", "user/angle": 0.0, "user/throttle": 0.0, "user/mode": "user", "imu1/acl_x": 0.105344873046875, "imu1/acl_y": -0.11252747802734374, "imu1/acl_z": 12.974178796386719, "imu1/gyr_x": -3.9160305343511452, "imu1/gyr_y": 2.3969465648854964, "imu1/gyr_z": -1.9083969465648856, "imu2/acl_x": -0.1388636962890625, "imu2/acl_y": -0.1484405029296875, "imu2/acl_z": 9.612719665527344, "imu2/gyr_x": 3.8702290076335877, "imu2/gyr_y": -1.1908396946564885, "imu2/gyr_z": -1.0, "milliseconds": 26624}