{"cam/image_array": "542_cam-image_array_.jpg", "user/angle": 0.0, "user/throttle": 0.0, "user/mode": "user", "imu1/acl_x": 0.14604630126953125, "imu1/acl_y": -0.11252747802734374, "imu1/acl_z": 12.97896719970703, "imu1/gyr_x": -3.854961832061069, "imu1/gyr_y": 2.2595419847328246, "imu1/gyr_z": -2.053435114503817, "imu2/acl_x": -0.12689268798828124, "imu2/acl_y": -0.15322890625, "imu2/acl_z": 9.787496386718749, "imu2/gyr_x": 3.7557251908396947, "imu2/gyr_y": -1.2595419847328244, "imu2/gyr_z": -0.916030534351145, "milliseconds": 60033}