{"cam/image_array": "736_cam-image_array_.jpg", "user/angle": 0.13250985973643162, "user/throttle": 1.0, "user/mode": "user", "imu1/acl_x": 0.1197100830078125, "imu1/acl_y": -0.09337386474609374, "imu1/acl_z": 13.002909216308593, "imu1/gyr_x": -4.015267175572519, "imu1/gyr_y": 2.4427480916030535, "imu1/gyr_z": -1.9389312977099236, "imu2/acl_x": -0.12689268798828124, "imu2/acl_y": 0.03591302490234375, "imu2/acl_z": 9.660603698730467, "imu2/gyr_x": 2.0, "imu2/gyr_y": -1.3206106870229009, "imu2/gyr_z": -1.099236641221374, "milliseconds": 73469}