{"cam/image_array": "881_cam-image_array_.jpg", "user/angle": 0.0, "user/throttle": -1.0, "user/mode": "user", "imu1/acl_x": 0.13168109130859373, "imu1/acl_y": -0.09816226806640624, "imu1/acl_z": 12.861651318359375, "imu1/gyr_x": -3.984732824427481, "imu1/gyr_y": 2.4427480916030535, "imu1/gyr_z": -2.0610687022900764, "imu2/acl_x": -0.13407529296874998, "imu2/acl_y": 0.01915361328125, "imu2/acl_z": 9.727641345214844, "imu2/gyr_x": 3.83206106870229, "imu2/gyr_y": -1.3435114503816794, "imu2/gyr_z": -1.0610687022900764, "milliseconds": 82795}