{"cam/image_array": "627_cam-image_array_.jpg", "user/angle": 1.0, "user/throttle": 1.0, "user/mode": "user", "imu1/acl_x": 0.10295067138671875, "imu1/acl_y": -0.05746083984375, "imu1/acl_z": 12.876016528320312, "imu1/gyr_x": -3.7938931297709924, "imu1/gyr_y": 2.404580152671756, "imu1/gyr_z": -3.8931297709923665, "imu2/acl_x": -0.15083470458984374, "imu2/acl_y": 0.009576806640625, "imu2/acl_z": 9.60793126220703, "imu2/gyr_x": 1.9541984732824427, "imu2/gyr_y": -1.099236641221374, "imu2/gyr_z": -0.9770992366412213, "milliseconds": 66092}