{"cam/image_array": "877_cam-image_array_.jpg", "user/angle": -0.9714285714285713, "user/throttle": 0.10000000000000003, "user/mode": "user", "imu1/acl_x": 0.11252747802734374, "imu1/acl_y": -0.13168109130859373, "imu1/acl_z": 12.935871569824219, "imu1/gyr_x": -3.8473282442748094, "imu1/gyr_y": 2.2595419847328246, "imu1/gyr_z": -0.04580152671755725, "imu2/acl_x": -0.07900865478515624, "imu2/acl_y": 0.047884033203124995, "imu2/acl_z": 9.655815295410155, "imu2/gyr_x": 3.801526717557252, "imu2/gyr_y": -1.2366412213740459, "imu2/gyr_z": -0.8931297709923665, "milliseconds": 82558}