{"cam/image_array": "1003_cam-image_array_.jpg", "user/angle": -0.804108905384182, "user/throttle": 1.0, "user/mode": "user", "imu1/acl_x": 0.13168109130859373, "imu1/acl_y": -0.10295067138671875, "imu1/acl_z": 12.962207788085937, "imu1/gyr_x": -3.8702290076335877, "imu1/gyr_y": 2.2595419847328246, "imu1/gyr_z": -3.877862595419847, "imu2/acl_x": -0.14604630126953125, "imu2/acl_y": 0.047884033203124995, "imu2/acl_z": 9.576806640625, "imu2/gyr_x": 3.717557251908397, "imu2/gyr_y": -1.3129770992366412, "imu2/gyr_z": -1.0610687022900764, "milliseconds": 96802}