{"cam/image_array": "55_cam-image_array_.jpg", "user/angle": 0.0, "user/throttle": 0.0, "user/mode": "user", "imu1/acl_x": 0.2059013427734375, "imu1/acl_y": -0.07422025146484375, "imu1/acl_z": 12.933477368164061, "imu1/gyr_x": -1.984732824427481, "imu1/gyr_y": 2.3587786259541983, "imu1/gyr_z": -1.83206106870229, "imu2/acl_x": -0.00239420166015625, "imu2/acl_y": 0.0430956298828125, "imu2/acl_z": 9.660603698730467, "imu2/gyr_x": 3.7404580152671754, "imu2/gyr_y": -1.2061068702290076, "imu2/gyr_z": -1.16793893129771, "milliseconds": 29500}