{"cam/image_array": "886_cam-image_array_.jpg", "user/angle": 0.6565015565957959, "user/throttle": 1.0, "user/mode": "user", "imu1/acl_x": 0.13646949462890623, "imu1/acl_y": -0.0383072265625, "imu1/acl_z": 13.010091821289063, "imu1/gyr_x": -3.969465648854962, "imu1/gyr_y": 2.3587786259541983, "imu1/gyr_z": -1.7709923664122138, "imu2/acl_x": -0.12210428466796874, "imu2/acl_y": 0.14604630126953125, "imu2/acl_z": 9.670180505371093, "imu2/gyr_x": 3.6259541984732824, "imu2/gyr_y": -1.3435114503816794, "imu2/gyr_z": -0.9694656488549618, "milliseconds": 83028}