{"cam/image_array": "821_cam-image_array_.jpg", "user/angle": 0.0, "user/throttle": -1.0, "user/mode": "user", "imu1/acl_x": 0.1388636962890625, "imu1/acl_y": -0.07900865478515624, "imu1/acl_z": 12.887987536621093, "imu1/gyr_x": -3.931297709923664, "imu1/gyr_y": 2.282442748091603, "imu1/gyr_z": -2.0839694656488548, "imu2/acl_x": -0.11252747802734374, "imu2/acl_y": -0.016759411621093748, "imu2/acl_z": 9.610325463867188, "imu2/gyr_x": 3.8091603053435112, "imu2/gyr_y": -1.1450381679389312, "imu2/gyr_z": -0.9923664122137404, "milliseconds": 79090}