{"cam/image_array": "844_cam-image_array_.jpg", "user/angle": 1.0, "user/throttle": 1.0, "user/mode": "user", "imu1/acl_x": 0.09576806640624999, "imu1/acl_y": -0.10295067138671875, "imu1/acl_z": 12.945448376464842, "imu1/gyr_x": -3.8473282442748094, "imu1/gyr_y": 2.2595419847328246, "imu1/gyr_z": -2.2595419847328246, "imu2/acl_x": -0.1149216796875, "imu2/acl_y": 0.0143652099609375, "imu2/acl_z": 9.641450085449218, "imu2/gyr_x": 3.83206106870229, "imu2/gyr_y": -1.213740458015267, "imu2/gyr_z": -1.0458015267175573, "milliseconds": 80272}