{"cam/image_array": "80_cam-image_array_.jpg", "user/angle": -1.0, "user/throttle": 0.5428571428571431, "user/mode": "user", "imu1/acl_x": 0.07900865478515624, "imu1/acl_y": -0.028730419921875, "imu1/acl_z": 12.952630981445312, "imu1/gyr_x": -2.015267175572519, "imu1/gyr_y": 2.4580152671755724, "imu1/gyr_z": -2.0839694656488548, "imu2/acl_x": -0.1292868896484375, "imu2/acl_y": 0.028730419921875, "imu2/acl_z": 9.667786303710937, "imu2/gyr_x": 3.83206106870229, "imu2/gyr_y": -1.3435114503816794, "imu2/gyr_z": -1.0, "milliseconds": 31209}