{"cam/image_array": "748_cam-image_array_.jpg", "user/angle": 0.0, "user/throttle": -1.0, "user/mode": "user", "imu1/acl_x": 0.1580173095703125, "imu1/acl_y": -0.08858546142578125, "imu1/acl_z": 12.840103503417968, "imu1/gyr_x": -4.00763358778626, "imu1/gyr_y": 2.33587786259542, "imu1/gyr_z": -1.8854961832061068, "imu2/acl_x": -0.09816226806640624, "imu2/acl_y": -0.009576806640625, "imu2/acl_z": 9.643844287109374, "imu2/gyr_x": 3.877862595419847, "imu2/gyr_y": -1.3053435114503817, "imu2/gyr_z": -1.0763358778625953, "milliseconds": 74794}