{"cam/image_array": "871_cam-image_array_.jpg", "user/angle": 0.0, "user/throttle": 0.0, "user/mode": "user", "imu1/acl_x": 0.14604630126953125, "imu1/acl_y": -0.10773907470703124, "imu1/acl_z": 12.959813586425781, "imu1/gyr_x": -4.0534351145038165, "imu1/gyr_y": 2.2442748091603053, "imu1/gyr_z": -1.8473282442748091, "imu2/acl_x": -0.12210428466796874, "imu2/acl_y": 0.03591302490234375, "imu2/acl_z": 9.579200842285156, "imu2/gyr_x": 3.732824427480916, "imu2/gyr_y": -1.3129770992366412, "imu2/gyr_z": -0.9312977099236641, "milliseconds": 82277}