{"cam/image_array": "692_cam-image_array_.jpg", "user/angle": 0.0, "user/throttle": -0.6857142857142857, "user/mode": "user", "imu1/acl_x": 0.12210428466796874, "imu1/acl_y": -0.12210428466796874, "imu1/acl_z": 12.85207451171875, "imu1/gyr_x": -3.8625954198473282, "imu1/gyr_y": 2.366412213740458, "imu1/gyr_z": -2.0381679389312977, "imu2/acl_x": -0.1005564697265625, "imu2/acl_y": -0.011971008300781249, "imu2/acl_z": 9.749189160156249, "imu2/gyr_x": 3.7251908396946565, "imu2/gyr_y": -1.16793893129771, "imu2/gyr_z": -1.0381679389312977, "milliseconds": 70097}