{"cam/image_array": "450_cam-image_array_.jpg", "user/angle": 0.0, "user/throttle": -1.0, "user/mode": "user", "imu1/acl_x": 0.0047884033203125, "imu1/acl_y": -0.09816226806640624, "imu1/acl_z": 12.938265771484375, "imu1/gyr_x": -1.9923664122137406, "imu1/gyr_y": 2.366412213740458, "imu1/gyr_z": -1.7557251908396947, "imu2/acl_x": -0.201112939453125, "imu2/acl_y": -0.143652099609375, "imu2/acl_z": 9.785102185058593, "imu2/gyr_x": 3.8091603053435112, "imu2/gyr_y": -1.2290076335877862, "imu2/gyr_z": -0.9389312977099237, "milliseconds": 55302}