{"cam/image_array": "958_cam-image_array_.jpg", "user/angle": 0.0, "user/throttle": -1.0, "user/mode": "user", "imu1/acl_x": 0.1005564697265625, "imu1/acl_y": -0.08140285644531249, "imu1/acl_z": 12.823344091796875, "imu1/gyr_x": -3.984732824427481, "imu1/gyr_y": 2.366412213740458, "imu1/gyr_z": -1.8702290076335877, "imu2/acl_x": -0.09816226806640624, "imu2/acl_y": -0.031124621582031248, "imu2/acl_z": 9.576806640625, "imu2/gyr_x": 3.854961832061069, "imu2/gyr_y": -1.1297709923664123, "imu2/gyr_z": -0.9694656488549618, "milliseconds": 93353}