{"cam/image_array": "74_cam-image_array_.jpg", "user/angle": -0.014285714285714287, "user/throttle": 0.014285714285714289, "user/mode": "user", "imu1/acl_x": 0.10295067138671875, "imu1/acl_y": -0.10295067138671875, "imu1/acl_z": 12.947842578125, "imu1/gyr_x": -4.030534351145038, "imu1/gyr_y": 2.198473282442748, "imu1/gyr_z": -2.114503816793893, "imu2/acl_x": -0.15562310791015624, "imu2/acl_y": -0.011971008300781249, "imu2/acl_z": 9.751583361816406, "imu2/gyr_x": 3.732824427480916, "imu2/gyr_y": -1.2900763358778626, "imu2/gyr_z": -0.9923664122137404, "milliseconds": 30903}