{"cam/image_array": "399_cam-image_array_.jpg", "user/angle": 1.0, "user/throttle": 0.7008154539365258, "user/mode": "user", "imu1/acl_x": 0.277727392578125, "imu1/acl_y": -0.1484405029296875, "imu1/acl_z": 12.880804931640624, "imu1/gyr_x": -3.946564885496183, "imu1/gyr_y": 2.267175572519084, "imu1/gyr_z": -1.8625954198473282, "imu2/acl_x": -0.1388636962890625, "imu2/acl_y": -0.1388636962890625, "imu2/acl_z": 9.617508068847656, "imu2/gyr_x": 3.6793893129770994, "imu2/gyr_y": -1.2442748091603053, "imu2/gyr_z": -0.9465648854961832, "milliseconds": 52156}