{"cam/image_array": "309_cam-image_array_.jpg", "user/angle": 0.0, "user/throttle": -0.5285714285714291, "user/mode": "user", "imu1/acl_x": 0.1388636962890625, "imu1/acl_y": -0.1005564697265625, "imu1/acl_z": 13.007697619628905, "imu1/gyr_x": -4.022900763358779, "imu1/gyr_y": 2.3053435114503817, "imu1/gyr_z": -1.816793893129771, "imu2/acl_x": -0.1484405029296875, "imu2/acl_y": 0.03591302490234375, "imu2/acl_z": 9.595960253906249, "imu2/gyr_x": 3.8244274809160306, "imu2/gyr_y": -1.3358778625954197, "imu2/gyr_z": -0.8854961832061069, "milliseconds": 46566}