{"cam/image_array": "653_cam-image_array_.jpg", "user/angle": 1.0, "user/throttle": 0.12710811854533324, "user/mode": "user", "imu1/acl_x": 0.201112939453125, "imu1/acl_y": -0.08379705810546874, "imu1/acl_z": 12.938265771484375, "imu1/gyr_x": -4.099236641221374, "imu1/gyr_y": 2.366412213740458, "imu1/gyr_z": -1.7404580152671756, "imu2/acl_x": -0.10773907470703124, "imu2/acl_y": 0.05746083984375, "imu2/acl_z": 9.629479077148437, "imu2/gyr_x": 3.854961832061069, "imu2/gyr_y": -1.3587786259541985, "imu2/gyr_z": -0.8549618320610687, "milliseconds": 68076}