{"cam/image_array": "340_cam-image_array_.jpg", "user/angle": -1.0, "user/throttle": 1.0, "user/mode": "user", "imu1/acl_x": 0.1388636962890625, "imu1/acl_y": -0.14604630126953125, "imu1/acl_z": 12.998120812988281, "imu1/gyr_x": -4.015267175572519, "imu1/gyr_y": 2.427480916030534, "imu1/gyr_z": -0.007633587786259542, "imu2/acl_x": -0.1197100830078125, "imu2/acl_y": 0.04548983154296875, "imu2/acl_z": 9.651026892089844, "imu2/gyr_x": 3.9160305343511452, "imu2/gyr_y": -1.0916030534351144, "imu2/gyr_z": -0.916030534351145, "milliseconds": 48172}