{"cam/image_array": "946_cam-image_array_.jpg", "user/angle": -1.0, "user/throttle": 0.06282931099859616, "user/mode": "user", "imu1/acl_x": 0.1197100830078125, "imu1/acl_y": -0.09337386474609374, "imu1/acl_z": 12.976572998046874, "imu1/gyr_x": -3.9236641221374047, "imu1/gyr_y": 2.435114503816794, "imu1/gyr_z": -0.1984732824427481, "imu2/acl_x": -0.1388636962890625, "imu2/acl_y": 0.08379705810546874, "imu2/acl_z": 9.665392102050781, "imu2/gyr_x": 3.8396946564885495, "imu2/gyr_y": -1.2900763358778626, "imu2/gyr_z": -0.9923664122137404, "milliseconds": 92725}