{"cam/image_array": "838_cam-image_array_.jpg", "user/angle": 0.0, "user/throttle": -0.3714285714285713, "user/mode": "user", "imu1/acl_x": 0.009576806640625, "imu1/acl_y": -0.09337386474609374, "imu1/acl_z": 12.919112158203124, "imu1/gyr_x": -3.8931297709923665, "imu1/gyr_y": 2.282442748091603, "imu1/gyr_z": -0.061068702290076333, "imu2/acl_x": -0.1388636962890625, "imu2/acl_y": 0.04548983154296875, "imu2/acl_z": 9.641450085449218, "imu2/gyr_x": 5.854961832061068, "imu2/gyr_y": -1.251908396946565, "imu2/gyr_z": -0.9007633587786259, "milliseconds": 79956}