{"cam/image_array": "131_cam-image_array_.jpg", "user/angle": 0.0, "user/throttle": -1.0, "user/mode": "user", "imu1/acl_x": 0.0143652099609375, "imu1/acl_y": -0.08858546142578125, "imu1/acl_z": 12.782642663574219, "imu1/gyr_x": -3.885496183206107, "imu1/gyr_y": 2.3740458015267176, "imu1/gyr_z": -1.9541984732824427, "imu2/acl_x": -0.13646949462890623, "imu2/acl_y": 0.04548983154296875, "imu2/acl_z": 9.629479077148437, "imu2/gyr_x": 3.8931297709923665, "imu2/gyr_y": -1.3129770992366412, "imu2/gyr_z": -0.9312977099236641, "milliseconds": 34703}