{"cam/image_array": "953_cam-image_array_.jpg", "user/angle": 0.0, "user/throttle": -1.0, "user/mode": "user", "imu1/acl_x": 0.09337386474609374, "imu1/acl_y": -0.09576806640624999, "imu1/acl_z": 12.859257116699219, "imu1/gyr_x": -3.9083969465648853, "imu1/gyr_y": 2.2595419847328246, "imu1/gyr_z": -2.0, "imu2/acl_x": -0.07900865478515624, "imu2/acl_y": 0.02154781494140625, "imu2/acl_z": 9.686939916992188, "imu2/gyr_x": 3.7938931297709924, "imu2/gyr_y": -1.4045801526717556, "imu2/gyr_z": -0.9465648854961832, "milliseconds": 93097}