{"cam/image_array": "767_cam-image_array_.jpg", "user/angle": 1.0, "user/throttle": 1.0, "user/mode": "user", "imu1/acl_x": 0.1292868896484375, "imu1/acl_y": -0.0909796630859375, "imu1/acl_z": 12.842497705078124, "imu1/gyr_x": -4.015267175572519, "imu1/gyr_y": 2.267175572519084, "imu1/gyr_z": -2.0, "imu2/acl_x": -0.14125789794921875, "imu2/acl_y": -0.009576806640625, "imu2/acl_z": 9.572018237304688, "imu2/gyr_x": 3.877862595419847, "imu2/gyr_y": -1.1755725190839694, "imu2/gyr_z": -1.0381679389312977, "milliseconds": 75756}