{"cam/image_array": "114_cam-image_array_.jpg", "user/angle": 0.32857142857142857, "user/throttle": 0.014285714285714245, "user/mode": "user", "imu1/acl_x": 0.16280571289062498, "imu1/acl_y": -0.06464344482421874, "imu1/acl_z": 12.976572998046874, "imu1/gyr_x": -3.9160305343511452, "imu1/gyr_y": 2.450381679389313, "imu1/gyr_z": -1.6106870229007633, "imu2/acl_x": -0.07422025146484375, "imu2/acl_y": 0.1388636962890625, "imu2/acl_z": 9.78031378173828, "imu2/gyr_x": 3.7786259541984735, "imu2/gyr_y": -1.3282442748091603, "imu2/gyr_z": -0.9618320610687023, "milliseconds": 33828}