{"cam/image_array": "580_cam-image_array_.jpg", "user/angle": 1.0, "user/throttle": 0.33826994758552187, "user/mode": "user", "imu1/acl_x": 0.1197100830078125, "imu1/acl_y": -0.06703764648437499, "imu1/acl_z": 12.945448376464842, "imu1/gyr_x": -3.9236641221374047, "imu1/gyr_y": 2.519083969465649, "imu1/gyr_z": -1.8473282442748091, "imu2/acl_x": -0.1388636962890625, "imu2/acl_y": 0.01915361328125, "imu2/acl_z": 9.713276135253906, "imu2/gyr_x": 3.717557251908397, "imu2/gyr_y": -1.16793893129771, "imu2/gyr_z": -0.9847328244274809, "milliseconds": 63058}