{"cam/image_array": "213_cam-image_array_.jpg", "user/angle": 0.0, "user/throttle": 0.0, "user/mode": "user", "imu1/acl_x": 0.1867477294921875, "imu1/acl_y": -0.07422025146484375, "imu1/acl_z": 12.938265771484375, "imu1/gyr_x": -3.900763358778626, "imu1/gyr_y": 2.068702290076336, "imu1/gyr_z": -1.7328244274809161, "imu2/acl_x": -0.14604630126953125, "imu2/acl_y": -0.028730419921875, "imu2/acl_z": 9.634267480468749, "imu2/gyr_x": 3.6946564885496183, "imu2/gyr_y": -1.3435114503816794, "imu2/gyr_z": -0.9923664122137404, "milliseconds": 40850}