{"cam/image_array": "267_cam-image_array_.jpg", "user/angle": -1.0, "user/throttle": 1.0, "user/mode": "user", "imu1/acl_x": 0.143652099609375, "imu1/acl_y": -0.09816226806640624, "imu1/acl_z": 12.914323754882812, "imu1/gyr_x": -5.8396946564885495, "imu1/gyr_y": 2.282442748091603, "imu1/gyr_z": -1.8625954198473282, "imu2/acl_x": -0.09337386474609374, "imu2/acl_y": 0.040701428222656245, "imu2/acl_z": 9.6917283203125, "imu2/gyr_x": 3.816793893129771, "imu2/gyr_y": -1.251908396946565, "imu2/gyr_z": -0.9770992366412213, "milliseconds": 43648}