{"cam/image_array": "1001_cam-image_array_.jpg", "user/angle": 0.0, "user/throttle": -1.0, "user/mode": "user", "imu1/acl_x": 0.10773907470703124, "imu1/acl_y": -0.0526724365234375, "imu1/acl_z": 12.94065997314453, "imu1/gyr_x": -4.0534351145038165, "imu1/gyr_y": 2.381679389312977, "imu1/gyr_z": -1.8854961832061068, "imu2/acl_x": -0.12210428466796874, "imu2/acl_y": 0.1388636962890625, "imu2/acl_z": 9.79946739501953, "imu2/gyr_x": 3.877862595419847, "imu2/gyr_y": -1.3435114503816794, "imu2/gyr_z": -0.9007633587786259, "milliseconds": 96699}