{"cam/image_array": "500_cam-image_array_.jpg", "user/angle": 0.20165292067048715, "user/throttle": 1.0, "user/mode": "user", "imu1/acl_x": 0.11013327636718749, "imu1/acl_y": -0.07422025146484375, "imu1/acl_z": 13.019668627929686, "imu1/gyr_x": -1.9694656488549618, "imu1/gyr_y": 2.4885496183206106, "imu1/gyr_z": -1.9236641221374047, "imu2/acl_x": -0.28490999755859375, "imu2/acl_y": 0.0430956298828125, "imu2/acl_z": 9.658209497070311, "imu2/gyr_x": 5.8320610687022905, "imu2/gyr_y": -1.282442748091603, "imu2/gyr_z": -1.0076335877862594, "milliseconds": 57880}