{"cam/image_array": "878_cam-image_array_.jpg", "user/angle": 0.0, "user/throttle": -0.5857142857142861, "user/mode": "user", "imu1/acl_x": 0.1484405029296875, "imu1/acl_y": -0.1197100830078125, "imu1/acl_z": 12.974178796386719, "imu1/gyr_x": -1.9923664122137406, "imu1/gyr_y": 2.4732824427480917, "imu1/gyr_z": -1.9389312977099236, "imu2/acl_x": -0.12449848632812499, "imu2/acl_y": -0.00718260498046875, "imu2/acl_z": 9.639055883789062, "imu2/gyr_x": 5.854961832061068, "imu2/gyr_y": -1.1374045801526718, "imu2/gyr_z": -1.0458015267175573, "milliseconds": 82626}