{"cam/image_array": "629_cam-image_array_.jpg", "user/angle": 1.0, "user/throttle": 0.4142857142857139, "user/mode": "user", "imu1/acl_x": 0.277727392578125, "imu1/acl_y": -0.028730419921875, "imu1/acl_z": 12.873622326660156, "imu1/gyr_x": -3.8702290076335877, "imu1/gyr_y": 2.2900763358778624, "imu1/gyr_z": -2.053435114503817, "imu2/acl_x": -0.13168109130859373, "imu2/acl_y": 0.009576806640625, "imu2/acl_z": 9.670180505371093, "imu2/gyr_x": 3.7557251908396947, "imu2/gyr_y": -1.3358778625954197, "imu2/gyr_z": -1.0534351145038168, "milliseconds": 66194}