{"cam/image_array": "843_cam-image_array_.jpg", "user/angle": 1.0, "user/throttle": 1.0, "user/mode": "user", "imu1/acl_x": 0.011971008300781249, "imu1/acl_y": -0.09576806640624999, "imu1/acl_z": 12.933477368164061, "imu1/gyr_x": -3.8473282442748094, "imu1/gyr_y": 2.3587786259541983, "imu1/gyr_z": -0.015267175572519083, "imu2/acl_x": -0.13646949462890623, "imu2/acl_y": 0.04548983154296875, "imu2/acl_z": 9.593566052246093, "imu2/gyr_x": 3.7938931297709924, "imu2/gyr_y": -1.1526717557251909, "imu2/gyr_z": -1.0610687022900764, "milliseconds": 80221}