{"cam/image_array": "889_cam-image_array_.jpg", "user/angle": 1.0, "user/throttle": 1.0, "user/mode": "user", "imu1/acl_x": 0.00239420166015625, "imu1/acl_y": -0.06464344482421874, "imu1/acl_z": 12.722787622070312, "imu1/gyr_x": -4.0, "imu1/gyr_y": 2.2900763358778624, "imu1/gyr_z": -1.8015267175572518, "imu2/acl_x": -0.055066638183593745, "imu2/acl_y": 0.01915361328125, "imu2/acl_z": 9.634267480468749, "imu2/gyr_x": 3.7099236641221376, "imu2/gyr_y": -1.3358778625954197, "imu2/gyr_z": -0.9847328244274809, "milliseconds": 83181}