{"cam/image_array": "164_cam-image_array_.jpg", "user/angle": 0.0, "user/throttle": -0.6529876181883932, "user/mode": "user", "imu1/acl_x": 0.16998831787109375, "imu1/acl_y": 0.1292868896484375, "imu1/acl_z": 12.878410729980468, "imu1/gyr_x": -3.900763358778626, "imu1/gyr_y": 2.2595419847328246, "imu1/gyr_z": -1.6946564885496183, "imu2/acl_x": -0.086191259765625, "imu2/acl_y": 0.0143652099609375, "imu2/acl_z": 9.706093530273437, "imu2/gyr_x": 3.8473282442748094, "imu2/gyr_y": -1.213740458015267, "imu2/gyr_z": -0.9770992366412213, "milliseconds": 37042}