{"cam/image_array": "465_cam-image_array_.jpg", "user/angle": 0.0, "user/throttle": -1.0, "user/mode": "user", "imu1/acl_x": 0.13646949462890623, "imu1/acl_y": -0.105344873046875, "imu1/acl_z": 12.935871569824219, "imu1/gyr_x": -3.8931297709923665, "imu1/gyr_y": 2.3435114503816794, "imu1/gyr_z": -1.7251908396946565, "imu2/acl_x": -0.14604630126953125, "imu2/acl_y": 0.05985504150390625, "imu2/acl_z": 9.710881933593749, "imu2/gyr_x": 3.83206106870229, "imu2/gyr_y": -1.1374045801526718, "imu2/gyr_z": -1.0076335877862594, "milliseconds": 56094}