{"cam/image_array": "257_cam-image_array_.jpg", "user/angle": -1.0, "user/throttle": 0.3007412204375325, "user/mode": "user", "imu1/acl_x": 0.07900865478515624, "imu1/acl_y": -0.0718260498046875, "imu1/acl_z": 12.969390393066405, "imu1/gyr_x": -3.9770992366412212, "imu1/gyr_y": 2.198473282442748, "imu1/gyr_z": -1.8091603053435115, "imu2/acl_x": -0.00718260498046875, "imu2/acl_y": 0.04548983154296875, "imu2/acl_z": 9.634267480468749, "imu2/gyr_x": 3.900763358778626, "imu2/gyr_y": -1.2061068702290076, "imu2/gyr_z": -0.9618320610687023, "milliseconds": 43138}