{"cam/image_array": "914_cam-image_array_.jpg", "user/angle": 0.0, "user/throttle": -1.0, "user/mode": "user", "imu1/acl_x": 0.13407529296874998, "imu1/acl_y": -0.09576806640624999, "imu1/acl_z": 12.856862915039061, "imu1/gyr_x": -2.0229007633587788, "imu1/gyr_y": 2.2595419847328246, "imu1/gyr_z": -1.6946564885496183, "imu2/acl_x": -0.13646949462890623, "imu2/acl_y": 0.0047884033203125, "imu2/acl_z": 9.639055883789062, "imu2/gyr_x": 3.732824427480916, "imu2/gyr_y": -1.282442748091603, "imu2/gyr_z": -0.9389312977099237, "milliseconds": 85801}