{"cam/image_array": "412_cam-image_array_.jpg", "user/angle": 0.0, "user/throttle": -1.0, "user/mode": "user", "imu1/acl_x": 0.143652099609375, "imu1/acl_y": -0.09576806640624999, "imu1/acl_z": 12.945448376464842, "imu1/gyr_x": -3.9083969465648853, "imu1/gyr_y": 2.33587786259542, "imu1/gyr_z": -1.7633587786259541, "imu2/acl_x": -0.1292868896484375, "imu2/acl_y": 0.13646949462890623, "imu2/acl_z": 9.706093530273437, "imu2/gyr_x": 3.6946564885496183, "imu2/gyr_y": -1.3435114503816794, "imu2/gyr_z": -0.9694656488549618, "milliseconds": 52822}