{"cam/image_array": "727_cam-image_array_.jpg", "user/angle": -1.0, "user/throttle": 1.0, "user/mode": "user", "imu1/acl_x": 0.1388636962890625, "imu1/acl_y": -0.07900865478515624, "imu1/acl_z": 12.861651318359375, "imu1/gyr_x": -3.900763358778626, "imu1/gyr_y": 2.2977099236641223, "imu1/gyr_z": -3.9083969465648853, "imu2/acl_x": -0.143652099609375, "imu2/acl_y": 0.0383072265625, "imu2/acl_z": 9.792284790039062, "imu2/gyr_x": 3.816793893129771, "imu2/gyr_y": -1.4809160305343512, "imu2/gyr_z": -1.083969465648855, "milliseconds": 73011}