{"cam/image_array": "236_cam-image_array_.jpg", "user/angle": 0.0, "user/throttle": 0.0, "user/mode": "user", "imu1/acl_x": 0.1388636962890625, "imu1/acl_y": -0.047884033203124995, "imu1/acl_z": 13.019668627929686, "imu1/gyr_x": -1.984732824427481, "imu1/gyr_y": 2.2519083969465647, "imu1/gyr_z": -1.717557251908397, "imu2/acl_x": -0.13646949462890623, "imu2/acl_y": 0.0383072265625, "imu2/acl_z": 9.696516723632811, "imu2/gyr_x": 3.7786259541984735, "imu2/gyr_y": -1.381679389312977, "imu2/gyr_z": -0.9618320610687023, "milliseconds": 42056}