{"cam/image_array": "203_cam-image_array_.jpg", "user/angle": 0.0, "user/throttle": -0.3285714285714286, "user/mode": "user", "imu1/acl_x": 0.28969840087890625, "imu1/acl_y": -0.086191259765625, "imu1/acl_z": 12.928688964843749, "imu1/gyr_x": -3.8931297709923665, "imu1/gyr_y": 2.099236641221374, "imu1/gyr_z": -1.916030534351145, "imu2/acl_x": -0.1005564697265625, "imu2/acl_y": 0.03591302490234375, "imu2/acl_z": 9.696516723632811, "imu2/gyr_x": 3.900763358778626, "imu2/gyr_y": -1.381679389312977, "imu2/gyr_z": -1.0, "milliseconds": 39075}