{"cam/image_array": "882_cam-image_array_.jpg", "user/angle": 0.0, "user/throttle": -1.0, "user/mode": "user", "imu1/acl_x": 0.0909796630859375, "imu1/acl_y": -0.09576806640624999, "imu1/acl_z": 12.943054174804686, "imu1/gyr_x": -3.9618320610687023, "imu1/gyr_y": 2.3893129770992365, "imu1/gyr_z": -1.8244274809160306, "imu2/acl_x": -0.11013327636718749, "imu2/acl_y": 0.055066638183593745, "imu2/acl_z": 9.627084875488281, "imu2/gyr_x": 3.6412213740458017, "imu2/gyr_y": -1.083969465648855, "imu2/gyr_z": -1.1374045801526718, "milliseconds": 82838}