{"cam/image_array": "379_cam-image_array_.jpg", "user/angle": -0.7376826659858242, "user/throttle": 1.0, "user/mode": "user", "imu1/acl_x": 0.1149216796875, "imu1/acl_y": -0.07422025146484375, "imu1/acl_z": 12.78743106689453, "imu1/gyr_x": -3.946564885496183, "imu1/gyr_y": 2.351145038167939, "imu1/gyr_z": -2.1374045801526718, "imu2/acl_x": -0.08858546142578125, "imu2/acl_y": -0.13407529296874998, "imu2/acl_z": 9.533711010742186, "imu2/gyr_x": 3.854961832061069, "imu2/gyr_y": -1.3206106870229009, "imu2/gyr_z": -0.9618320610687023, "milliseconds": 50171}