{"cam/image_array": "46_cam-image_array_.jpg", "user/angle": 0.0, "user/throttle": 1.7494954273533617e-17, "user/mode": "user", "imu1/acl_x": 0.16041151123046873, "imu1/acl_y": -0.11731588134765625, "imu1/acl_z": 12.720393420410156, "imu1/gyr_x": -4.015267175572519, "imu1/gyr_y": 2.267175572519084, "imu1/gyr_z": -1.9618320610687023, "imu2/acl_x": -0.1197100830078125, "imu2/acl_y": -0.13168109130859373, "imu2/acl_z": 9.514557397460937, "imu2/gyr_x": 3.7404580152671754, "imu2/gyr_y": -1.0916030534351144, "imu2/gyr_z": -0.9923664122137404, "milliseconds": 29040}