{"cam/image_array": "300_cam-image_array_.jpg", "user/angle": 0.0, "user/throttle": 0.0, "user/mode": "user", "imu1/acl_x": 0.1580173095703125, "imu1/acl_y": -0.062249243164062495, "imu1/acl_z": 12.887987536621093, "imu1/gyr_x": -3.9923664122137406, "imu1/gyr_y": 2.3053435114503817, "imu1/gyr_z": -1.6717557251908397, "imu2/acl_x": -0.086191259765625, "imu2/acl_y": 0.1484405029296875, "imu2/acl_z": 9.665392102050781, "imu2/gyr_x": 3.6793893129770994, "imu2/gyr_y": -1.1603053435114503, "imu2/gyr_z": -0.9694656488549618, "milliseconds": 46120}