{"cam/image_array": "6_cam-image_array_.jpg", "user/angle": 1.0, "user/throttle": 1.0, "user/mode": "user", "imu1/acl_x": 0.181959326171875, "imu1/acl_y": -0.05985504150390625, "imu1/acl_z": 12.983755603027342, "imu1/gyr_x": -4.022900763358779, "imu1/gyr_y": 2.435114503816794, "imu1/gyr_z": -1.9236641221374047, "imu2/acl_x": -0.1484405029296875, "imu2/acl_y": -0.1149216796875, "imu2/acl_z": 9.713276135253906, "imu2/gyr_x": 2.030534351145038, "imu2/gyr_y": -1.2442748091603053, "imu2/gyr_z": -1.083969465648855, "milliseconds": 26473}