{"cam/image_array": "326_cam-image_array_.jpg", "user/angle": 0.0, "user/throttle": -1.0, "user/mode": "user", "imu1/acl_x": 0.11731588134765625, "imu1/acl_y": -0.07900865478515624, "imu1/acl_z": 12.976572998046874, "imu1/gyr_x": -3.8473282442748094, "imu1/gyr_y": 2.267175572519084, "imu1/gyr_z": -1.8931297709923665, "imu2/acl_x": -0.11013327636718749, "imu2/acl_y": 0.055066638183593745, "imu2/acl_z": 9.612719665527344, "imu2/gyr_x": 1.9770992366412214, "imu2/gyr_y": -1.3893129770992367, "imu2/gyr_z": -0.9923664122137404, "milliseconds": 47454}