{"cam/image_array": "537_cam-image_array_.jpg", "user/angle": 0.0, "user/throttle": -0.15714285714285708, "user/mode": "user", "imu1/acl_x": 0.12210428466796874, "imu1/acl_y": -0.062249243164062495, "imu1/acl_z": 12.861651318359375, "imu1/gyr_x": -3.8702290076335877, "imu1/gyr_y": 2.312977099236641, "imu1/gyr_z": -1.7786259541984732, "imu2/acl_x": -0.11252747802734374, "imu2/acl_y": 0.0047884033203125, "imu2/acl_z": 9.718064538574218, "imu2/gyr_x": 3.786259541984733, "imu2/gyr_y": -1.3053435114503817, "imu2/gyr_z": -0.9770992366412213, "milliseconds": 59795}