{"cam/image_array": "971_cam-image_array_.jpg", "user/angle": 0.0, "user/throttle": -0.4575089461317868, "user/mode": "user", "imu1/acl_x": 0.12210428466796874, "imu1/acl_y": -0.09337386474609374, "imu1/acl_z": 12.897564343261719, "imu1/gyr_x": -3.8244274809160306, "imu1/gyr_y": 2.4885496183206106, "imu1/gyr_z": -2.068702290076336, "imu2/acl_x": -0.11013327636718749, "imu2/acl_y": -0.0526724365234375, "imu2/acl_z": 9.564835632324218, "imu2/gyr_x": 5.824427480916031, "imu2/gyr_y": -1.2595419847328244, "imu2/gyr_z": -0.8473282442748091, "milliseconds": 94473}