{"cam/image_array": "595_cam-image_array_.jpg", "user/angle": 0.0, "user/throttle": -0.028571428571428355, "user/mode": "user", "imu1/acl_x": 0.143652099609375, "imu1/acl_y": -0.076614453125, "imu1/acl_z": 12.866439721679686, "imu1/gyr_x": -4.061068702290076, "imu1/gyr_y": 2.2290076335877864, "imu1/gyr_z": -0.022900763358778626, "imu2/acl_x": -0.11731588134765625, "imu2/acl_y": 0.05985504150390625, "imu2/acl_z": 9.74200655517578, "imu2/gyr_x": 3.801526717557252, "imu2/gyr_y": -1.1221374045801527, "imu2/gyr_z": -0.9312977099236641, "milliseconds": 64446}