{"cam/image_array": "964_cam-image_array_.jpg", "user/angle": -1.0, "user/throttle": 0.04733999516638308, "user/mode": "user", "imu1/acl_x": 0.1197100830078125, "imu1/acl_y": -0.08858546142578125, "imu1/acl_z": 12.751518041992187, "imu1/gyr_x": -5.847328244274809, "imu1/gyr_y": 2.4122137404580153, "imu1/gyr_z": -1.717557251908397, "imu2/acl_x": -0.10295067138671875, "imu2/acl_y": 0.009576806640625, "imu2/acl_z": 9.548076220703125, "imu2/gyr_x": 3.6793893129770994, "imu2/gyr_y": -1.1603053435114503, "imu2/gyr_z": -0.8854961832061069, "milliseconds": 94105}