{"cam/image_array": "863_cam-image_array_.jpg", "user/angle": 0.0, "user/throttle": 1.7494954273533618e-18, "user/mode": "user", "imu1/acl_x": 0.19871873779296872, "imu1/acl_y": -0.10295067138671875, "imu1/acl_z": 12.84489190673828, "imu1/gyr_x": -3.9770992366412212, "imu1/gyr_y": 2.3893129770992365, "imu1/gyr_z": -1.83206106870229, "imu2/acl_x": -0.08140285644531249, "imu2/acl_y": 0.0047884033203125, "imu2/acl_z": 9.507374792480467, "imu2/gyr_x": 3.8473282442748094, "imu2/gyr_y": -1.251908396946565, "imu2/gyr_z": -1.015267175572519, "milliseconds": 81860}