{"cam/image_array": "415_cam-image_array_.jpg", "user/angle": 0.18317975537931294, "user/throttle": 1.0, "user/mode": "user", "imu1/acl_x": 0.1149216796875, "imu1/acl_y": -0.0909796630859375, "imu1/acl_z": 12.964601989746093, "imu1/gyr_x": -3.984732824427481, "imu1/gyr_y": 2.381679389312977, "imu1/gyr_z": -2.114503816793893, "imu2/acl_x": -0.13168109130859373, "imu2/acl_y": -0.13168109130859373, "imu2/acl_z": 9.677363110351562, "imu2/gyr_x": 3.7557251908396947, "imu2/gyr_y": -1.282442748091603, "imu2/gyr_z": -1.0076335877862594, "milliseconds": 53002}