{"cam/image_array": "18_cam-image_array_.jpg", "user/angle": 0.0, "user/throttle": -1.0, "user/mode": "user", "imu1/acl_x": 0.181959326171875, "imu1/acl_y": -0.11013327636718749, "imu1/acl_z": 12.94065997314453, "imu1/gyr_x": -4.0, "imu1/gyr_y": 2.3587786259541983, "imu1/gyr_z": -1.8625954198473282, "imu2/acl_x": -0.09576806640624999, "imu2/acl_y": 0.0, "imu2/acl_z": 9.753977563476562, "imu2/gyr_x": 3.6030534351145036, "imu2/gyr_y": -1.2748091603053435, "imu2/gyr_z": -0.8625954198473282, "milliseconds": 27102}