{"cam/image_array": "233_cam-image_array_.jpg", "user/angle": -0.028571428571428276, "user/throttle": 1.0, "user/mode": "user", "imu1/acl_x": 0.09337386474609374, "imu1/acl_y": -0.0909796630859375, "imu1/acl_z": 12.880804931640624, "imu1/gyr_x": -3.801526717557252, "imu1/gyr_y": 2.2977099236641223, "imu1/gyr_z": -1.9465648854961832, "imu2/acl_x": -0.10295067138671875, "imu2/acl_y": 0.031124621582031248, "imu2/acl_z": 9.6151138671875, "imu2/gyr_x": 3.7786259541984735, "imu2/gyr_y": -1.3053435114503817, "imu2/gyr_z": -0.9465648854961832, "milliseconds": 41875}