{"cam/image_array": "355_cam-image_array_.jpg", "user/angle": 0.0, "user/throttle": -1.0, "user/mode": "user", "imu1/acl_x": 0.143652099609375, "imu1/acl_y": -0.08140285644531249, "imu1/acl_z": 12.895170141601561, "imu1/gyr_x": -5.862595419847328, "imu1/gyr_y": 2.519083969465649, "imu1/gyr_z": -2.068702290076336, "imu2/acl_x": -0.09576806640624999, "imu2/acl_y": -0.00718260498046875, "imu2/acl_z": 9.60793126220703, "imu2/gyr_x": 3.877862595419847, "imu2/gyr_y": -1.2061068702290076, "imu2/gyr_z": -0.9694656488549618, "milliseconds": 48938}