{"cam/image_array": "636_cam-image_array_.jpg", "user/angle": 1.0, "user/throttle": 0.882749550131773, "user/mode": "user", "imu1/acl_x": 0.12210428466796874, "imu1/acl_y": -0.0718260498046875, "imu1/acl_z": 12.84489190673828, "imu1/gyr_x": -5.8396946564885495, "imu1/gyr_y": 2.2519083969465647, "imu1/gyr_z": -2.0229007633587788, "imu2/acl_x": -0.08858546142578125, "imu2/acl_y": -0.009576806640625, "imu2/acl_z": 9.715670336914062, "imu2/gyr_x": 3.7938931297709924, "imu2/gyr_y": -1.2900763358778626, "imu2/gyr_z": -1.0458015267175573, "milliseconds": 66556}