{"cam/image_array": "165_cam-image_array_.jpg", "user/angle": 0.0, "user/throttle": -0.4142857142857142, "user/mode": "user", "imu1/acl_x": 0.13646949462890623, "imu1/acl_y": -0.1197100830078125, "imu1/acl_z": 12.943054174804686, "imu1/gyr_x": -3.9389312977099236, "imu1/gyr_y": 2.366412213740458, "imu1/gyr_z": -1.816793893129771, "imu2/acl_x": -0.12689268798828124, "imu2/acl_y": 0.009576806640625, "imu2/acl_z": 9.509768994140625, "imu2/gyr_x": 3.763358778625954, "imu2/gyr_y": -1.1984732824427482, "imu2/gyr_z": -0.9923664122137404, "milliseconds": 37099}