{"cam/image_array": "816_cam-image_array_.jpg", "user/angle": 0.0, "user/throttle": -0.35772636211117464, "user/mode": "user", "imu1/acl_x": 0.09337386474609374, "imu1/acl_y": -0.06464344482421874, "imu1/acl_z": 12.876016528320312, "imu1/gyr_x": -3.984732824427481, "imu1/gyr_y": 2.3740458015267176, "imu1/gyr_z": -2.0610687022900764, "imu2/acl_x": -0.12210428466796874, "imu2/acl_y": 0.0383072265625, "imu2/acl_z": 9.631873278808593, "imu2/gyr_x": 1.984732824427481, "imu2/gyr_y": -1.2366412213740459, "imu2/gyr_z": -0.9923664122137404, "milliseconds": 78827}