{"cam/image_array": "840_cam-image_array_.jpg", "user/angle": 0.68907776887331, "user/throttle": 1.0, "user/mode": "user", "imu1/acl_x": 0.15322890625, "imu1/acl_y": -0.047884033203124995, "imu1/acl_z": 12.955025183105468, "imu1/gyr_x": -3.984732824427481, "imu1/gyr_y": 2.1603053435114505, "imu1/gyr_z": -2.1374045801526718, "imu2/acl_x": -0.15322890625, "imu2/acl_y": -0.1484405029296875, "imu2/acl_z": 9.562441430664062, "imu2/gyr_x": 3.8473282442748094, "imu2/gyr_y": -1.282442748091603, "imu2/gyr_z": -0.8244274809160306, "milliseconds": 80050}