{"cam/image_array": "282_cam-image_array_.jpg", "user/angle": 0.0, "user/throttle": -1.0, "user/mode": "user", "imu1/acl_x": 0.143652099609375, "imu1/acl_y": -0.076614453125, "imu1/acl_z": 13.014880224609374, "imu1/gyr_x": -3.9236641221374047, "imu1/gyr_y": 2.3282442748091605, "imu1/gyr_z": -2.0, "imu2/acl_x": -0.11252747802734374, "imu2/acl_y": 0.00718260498046875, "imu2/acl_z": 9.598354455566406, "imu2/gyr_x": 1.9541984732824427, "imu2/gyr_y": -1.083969465648855, "imu2/gyr_z": -0.916030534351145, "milliseconds": 45189}