{"cam/image_array": "937_cam-image_array_.jpg", "user/angle": 1.0, "user/throttle": 0.9285714285714287, "user/mode": "user", "imu1/acl_x": 0.028730419921875, "imu1/acl_y": 0.0047884033203125, "imu1/acl_z": 12.916717956542968, "imu1/gyr_x": -4.015267175572519, "imu1/gyr_y": 2.312977099236641, "imu1/gyr_z": -2.145038167938931, "imu2/acl_x": -0.12449848632812499, "imu2/acl_y": 0.00718260498046875, "imu2/acl_z": 9.624690673828125, "imu2/gyr_x": 3.7786259541984735, "imu2/gyr_y": -1.2442748091603053, "imu2/gyr_z": -0.9618320610687023, "milliseconds": 87453}