{"cam/image_array": "286_cam-image_array_.jpg", "user/angle": -1.0, "user/throttle": 0.05616559563017336, "user/mode": "user", "imu1/acl_x": 0.19871873779296872, "imu1/acl_y": -0.09337386474609374, "imu1/acl_z": 12.923900561523437, "imu1/gyr_x": -3.732824427480916, "imu1/gyr_y": 2.3587786259541983, "imu1/gyr_z": -1.8854961832061068, "imu2/acl_x": -0.11013327636718749, "imu2/acl_y": 0.00239420166015625, "imu2/acl_z": 9.593566052246093, "imu2/gyr_x": 3.633587786259542, "imu2/gyr_y": -1.1755725190839694, "imu2/gyr_z": -1.083969465648855, "milliseconds": 45382}