{"cam/image_array": "263_cam-image_array_.jpg", "user/angle": -1.0, "user/throttle": 1.0, "user/mode": "user", "imu1/acl_x": 0.10773907470703124, "imu1/acl_y": -0.10295067138671875, "imu1/acl_z": 12.842497705078124, "imu1/gyr_x": -5.862595419847328, "imu1/gyr_y": 2.2595419847328246, "imu1/gyr_z": -3.900763358778626, "imu2/acl_x": -0.08140285644531249, "imu2/acl_y": -0.009576806640625, "imu2/acl_z": 9.631873278808593, "imu2/gyr_x": 3.786259541984733, "imu2/gyr_y": -1.0916030534351144, "imu2/gyr_z": -1.0763358778625953, "milliseconds": 43452}