{"cam/image_array": "715_cam-image_array_.jpg", "user/angle": 0.0, "user/throttle": -1.0, "user/mode": "user", "imu1/acl_x": 0.047884033203124995, "imu1/acl_y": -0.0909796630859375, "imu1/acl_z": 12.9095353515625, "imu1/gyr_x": -3.854961832061069, "imu1/gyr_y": 2.427480916030534, "imu1/gyr_z": -1.816793893129771, "imu2/acl_x": -0.16759411621093748, "imu2/acl_y": 0.00718260498046875, "imu2/acl_z": 9.696516723632811, "imu2/gyr_x": 3.595419847328244, "imu2/gyr_y": -1.1908396946564885, "imu2/gyr_z": -0.9541984732824428, "milliseconds": 72387}