{"cam/image_array": "94_cam-image_array_.jpg", "user/angle": 0.0, "user/throttle": -1.0, "user/mode": "user", "imu1/acl_x": 0.11252747802734374, "imu1/acl_y": -0.055066638183593745, "imu1/acl_z": 12.871228125, "imu1/gyr_x": -4.00763358778626, "imu1/gyr_y": 2.33587786259542, "imu1/gyr_z": -1.786259541984733, "imu2/acl_x": -0.1771709228515625, "imu2/acl_y": -0.10773907470703124, "imu2/acl_z": 9.679757312011718, "imu2/gyr_x": 3.7557251908396947, "imu2/gyr_y": -1.213740458015267, "imu2/gyr_z": -0.9007633587786259, "milliseconds": 31943}