{"cam/image_array": "173_cam-image_array_.jpg", "user/angle": 0.13093891496174884, "user/throttle": 1.0, "user/mode": "user", "imu1/acl_x": 0.16041151123046873, "imu1/acl_y": -0.09337386474609374, "imu1/acl_z": 12.950236779785156, "imu1/gyr_x": -3.9618320610687023, "imu1/gyr_y": 2.1908396946564888, "imu1/gyr_z": -2.0839694656488548, "imu2/acl_x": -0.1197100830078125, "imu2/acl_y": -0.1292868896484375, "imu2/acl_z": 9.660603698730467, "imu2/gyr_x": 3.6030534351145036, "imu2/gyr_y": -1.1526717557251909, "imu2/gyr_z": -0.816793893129771, "milliseconds": 37506}