{"cam/image_array": "146_cam-image_array_.jpg", "user/angle": -1.0, "user/throttle": 1.0, "user/mode": "user", "imu1/acl_x": 0.07900865478515624, "imu1/acl_y": -0.0718260498046875, "imu1/acl_z": 12.964601989746093, "imu1/gyr_x": -3.969465648854962, "imu1/gyr_y": 2.2519083969465647, "imu1/gyr_z": -0.022900763358778626, "imu2/acl_x": -0.143652099609375, "imu2/acl_y": 0.016759411621093748, "imu2/acl_z": 9.624690673828125, "imu2/gyr_x": 3.7480916030534353, "imu2/gyr_y": -1.282442748091603, "imu2/gyr_z": -1.0, "milliseconds": 35468}