{"cam/image_array": "531_cam-image_array_.jpg", "user/angle": 0.0, "user/throttle": -0.457142857142857, "user/mode": "user", "imu1/acl_x": 0.17477672119140625, "imu1/acl_y": -0.08858546142578125, "imu1/acl_z": 12.969390393066405, "imu1/gyr_x": -4.030534351145038, "imu1/gyr_y": 2.381679389312977, "imu1/gyr_z": -1.9923664122137406, "imu2/acl_x": -0.10295067138671875, "imu2/acl_y": 0.07422025146484375, "imu2/acl_z": 9.526528405761718, "imu2/gyr_x": 3.717557251908397, "imu2/gyr_y": -1.2671755725190839, "imu2/gyr_z": -1.0076335877862594, "milliseconds": 59467}