{"cam/image_array": "610_cam-image_array_.jpg", "user/angle": 0.0, "user/throttle": -1.0, "user/mode": "user", "imu1/acl_x": 0.14125789794921875, "imu1/acl_y": -0.10773907470703124, "imu1/acl_z": 12.907141149902342, "imu1/gyr_x": -3.816793893129771, "imu1/gyr_y": 2.2442748091603053, "imu1/gyr_z": -1.8778625954198473, "imu2/acl_x": -0.086191259765625, "imu2/acl_y": -0.016759411621093748, "imu2/acl_z": 9.574412438964844, "imu2/gyr_x": 3.9389312977099236, "imu2/gyr_y": -1.2213740458015268, "imu2/gyr_z": -1.0305343511450382, "milliseconds": 65207}