{"cam/image_array": "669_cam-image_array_.jpg", "user/angle": 0.0, "user/throttle": 0.0, "user/mode": "user", "imu1/acl_x": 0.11731588134765625, "imu1/acl_y": -0.06464344482421874, "imu1/acl_z": 12.97178459472656, "imu1/gyr_x": -3.954198473282443, "imu1/gyr_y": 2.2977099236641223, "imu1/gyr_z": -2.1908396946564888, "imu2/acl_x": -0.30406361083984373, "imu2/acl_y": 0.00718260498046875, "imu2/acl_z": 9.507374792480467, "imu2/gyr_x": 3.763358778625954, "imu2/gyr_y": -1.2595419847328244, "imu2/gyr_z": -0.9847328244274809, "milliseconds": 68900}