{"cam/image_array": "486_cam-image_array_.jpg", "user/angle": -1.0, "user/throttle": 0.09925941998672891, "user/mode": "user", "imu1/acl_x": 0.02154781494140625, "imu1/acl_y": -0.13168109130859373, "imu1/acl_z": 12.914323754882812, "imu1/gyr_x": -3.969465648854962, "imu1/gyr_y": 2.366412213740458, "imu1/gyr_z": -1.8549618320610688, "imu2/acl_x": -0.2154781494140625, "imu2/acl_y": 0.0, "imu2/acl_z": 9.648632690429688, "imu2/gyr_x": 3.763358778625954, "imu2/gyr_y": -1.183206106870229, "imu2/gyr_z": -0.9541984732824428, "milliseconds": 57160}