{"cam/image_array": "89_cam-image_array_.jpg", "user/angle": 0.0, "user/throttle": -0.6428571428571429, "user/mode": "user", "imu1/acl_x": 0.1580173095703125, "imu1/acl_y": -0.11013327636718749, "imu1/acl_z": 12.947842578125, "imu1/gyr_x": -3.8625954198473282, "imu1/gyr_y": 2.1374045801526718, "imu1/gyr_z": -2.0839694656488548, "imu2/acl_x": -0.143652099609375, "imu2/acl_y": 0.011971008300781249, "imu2/acl_z": 9.727641345214844, "imu2/gyr_x": 3.732824427480916, "imu2/gyr_y": -1.297709923664122, "imu2/gyr_z": -0.9236641221374046, "milliseconds": 31649}