{"cam/image_array": "835_cam-image_array_.jpg", "user/angle": 0.9000000000000001, "user/throttle": 0.6428571428571428, "user/mode": "user", "imu1/acl_x": 0.0909796630859375, "imu1/acl_y": -0.13407529296874998, "imu1/acl_z": 13.069946862792968, "imu1/gyr_x": -3.9083969465648853, "imu1/gyr_y": 2.33587786259542, "imu1/gyr_z": -1.9618320610687023, "imu2/acl_x": -0.1197100830078125, "imu2/acl_y": -0.0143652099609375, "imu2/acl_z": 9.631873278808593, "imu2/gyr_x": 3.83206106870229, "imu2/gyr_y": -1.2366412213740459, "imu2/gyr_z": -1.0763358778625953, "milliseconds": 79803}