{"cam/image_array": "411_cam-image_array_.jpg", "user/angle": 0.0, "user/throttle": -1.0, "user/mode": "user", "imu1/acl_x": 0.14125789794921875, "imu1/acl_y": -0.08858546142578125, "imu1/acl_z": 12.921506359863281, "imu1/gyr_x": -4.0, "imu1/gyr_y": 2.351145038167939, "imu1/gyr_z": -1.8854961832061068, "imu2/acl_x": -0.11252747802734374, "imu2/acl_y": 0.04548983154296875, "imu2/acl_z": 9.629479077148437, "imu2/gyr_x": 3.7557251908396947, "imu2/gyr_y": -1.4427480916030535, "imu2/gyr_z": -1.0305343511450382, "milliseconds": 52785}