{"cam/image_array": "847_cam-image_array_.jpg", "user/angle": 0.0, "user/throttle": -0.2714285714285708, "user/mode": "user", "imu1/acl_x": 0.0, "imu1/acl_y": -0.09576806640624999, "imu1/acl_z": 12.887987536621093, "imu1/gyr_x": -5.778625954198473, "imu1/gyr_y": 2.2748091603053435, "imu1/gyr_z": -1.7328244274809161, "imu2/acl_x": -0.047884033203124995, "imu2/acl_y": 0.02154781494140625, "imu2/acl_z": 9.634267480468749, "imu2/gyr_x": 5.854961832061068, "imu2/gyr_y": -1.1984732824427482, "imu2/gyr_z": -1.0458015267175573, "milliseconds": 80442}