{"cam/image_array": "454_cam-image_array_.jpg", "user/angle": 0.30349401650117314, "user/throttle": 1.0, "user/mode": "user", "imu1/acl_x": 0.28012159423828126, "imu1/acl_y": -0.076614453125, "imu1/acl_z": 12.899958544921875, "imu1/gyr_x": -4.0534351145038165, "imu1/gyr_y": 2.435114503816794, "imu1/gyr_z": -1.900763358778626, "imu2/acl_x": -0.13407529296874998, "imu2/acl_y": 0.016759411621093748, "imu2/acl_z": 9.641450085449218, "imu2/gyr_x": 3.8396946564885495, "imu2/gyr_y": -1.16793893129771, "imu2/gyr_z": -0.9236641221374046, "milliseconds": 55505}