{"cam/image_array": "11_cam-image_array_.jpg", "user/angle": 0.0, "user/throttle": -1.0, "user/mode": "user", "imu1/acl_x": 0.16280571289062498, "imu1/acl_y": -0.05746083984375, "imu1/acl_z": 12.931083166503905, "imu1/gyr_x": -1.9770992366412214, "imu1/gyr_y": 2.2213740458015265, "imu1/gyr_z": -2.0, "imu2/acl_x": -0.08858546142578125, "imu2/acl_y": 0.04548983154296875, "imu2/acl_z": 9.617508068847656, "imu2/gyr_x": 3.7251908396946565, "imu2/gyr_y": -1.3053435114503817, "imu2/gyr_z": -1.0229007633587786, "milliseconds": 26729}