{"cam/image_array": "523_cam-image_array_.jpg", "user/angle": 0.0, "user/throttle": -0.5142857142857145, "user/mode": "user", "imu1/acl_x": 0.1388636962890625, "imu1/acl_y": -0.22026655273437498, "imu1/acl_z": 12.928688964843749, "imu1/gyr_x": -4.0, "imu1/gyr_y": 2.404580152671756, "imu1/gyr_z": -2.0, "imu2/acl_x": -0.1197100830078125, "imu2/acl_y": 0.0430956298828125, "imu2/acl_z": 9.765948571777344, "imu2/gyr_x": 3.7480916030534353, "imu2/gyr_y": -1.3129770992366412, "imu2/gyr_z": -0.9007633587786259, "milliseconds": 59067}