{"cam/image_array": "521_cam-image_array_.jpg", "user/angle": 0.008389214510659241, "user/throttle": 1.0, "user/mode": "user", "imu1/acl_x": 0.12689268798828124, "imu1/acl_y": -0.09337386474609374, "imu1/acl_z": 12.86404552001953, "imu1/gyr_x": -4.038167938931298, "imu1/gyr_y": 2.435114503816794, "imu1/gyr_z": -2.1603053435114505, "imu2/acl_x": -0.17477672119140625, "imu2/acl_y": -0.00239420166015625, "imu2/acl_z": 9.758765966796874, "imu2/gyr_x": 3.717557251908397, "imu2/gyr_y": -1.1908396946564885, "imu2/gyr_z": -1.0, "milliseconds": 58966}