{"cam/image_array": "159_cam-image_array_.jpg", "user/angle": 0.0, "user/throttle": -0.3032985749131363, "user/mode": "user", "imu1/acl_x": 0.229843359375, "imu1/acl_y": -0.09816226806640624, "imu1/acl_z": 12.89038173828125, "imu1/gyr_x": -4.015267175572519, "imu1/gyr_y": 2.366412213740458, "imu1/gyr_z": -1.9083969465648856, "imu2/acl_x": -0.009576806640625, "imu2/acl_y": 0.031124621582031248, "imu2/acl_z": 9.509768994140625, "imu2/gyr_x": 3.801526717557252, "imu2/gyr_y": -1.1908396946564885, "imu2/gyr_z": -0.9770992366412213, "milliseconds": 36795}