{"cam/image_array": "219_cam-image_array_.jpg", "user/angle": 1.0, "user/throttle": 0.385714285714285, "user/mode": "user", "imu1/acl_x": 0.1197100830078125, "imu1/acl_y": -0.08140285644531249, "imu1/acl_z": 12.818555688476561, "imu1/gyr_x": -4.022900763358779, "imu1/gyr_y": 2.183206106870229, "imu1/gyr_z": -3.8702290076335877, "imu2/acl_x": -0.11252747802734374, "imu2/acl_y": 0.028730419921875, "imu2/acl_z": 9.725247143554688, "imu2/gyr_x": 5.755725190839694, "imu2/gyr_y": -1.16793893129771, "imu2/gyr_z": -0.9083969465648855, "milliseconds": 41149}