{"cam/image_array": "832_cam-image_array_.jpg", "user/angle": 0.7315042412255287, "user/throttle": 1.0, "user/mode": "user", "imu1/acl_x": 0.1197100830078125, "imu1/acl_y": -0.10773907470703124, "imu1/acl_z": 12.85207451171875, "imu1/gyr_x": -3.8473282442748094, "imu1/gyr_y": 2.3740458015267176, "imu1/gyr_z": -1.9541984732824427, "imu2/acl_x": -0.062249243164062495, "imu2/acl_y": 0.0047884033203125, "imu2/acl_z": 9.6917283203125, "imu2/gyr_x": 3.7938931297709924, "imu2/gyr_y": -1.0687022900763359, "imu2/gyr_z": -1.099236641221374, "milliseconds": 79655}