{"cam/image_array": "687_cam-image_array_.jpg", "user/angle": 0.8239642182997219, "user/throttle": 1.0, "user/mode": "user", "imu1/acl_x": 0.040701428222656245, "imu1/acl_y": -0.06943184814453125, "imu1/acl_z": 12.933477368164061, "imu1/gyr_x": -1.9694656488549618, "imu1/gyr_y": 2.312977099236641, "imu1/gyr_z": -2.015267175572519, "imu2/acl_x": -0.13407529296874998, "imu2/acl_y": 0.04548983154296875, "imu2/acl_z": 9.674968908691406, "imu2/gyr_x": 3.7251908396946565, "imu2/gyr_y": -1.3740458015267176, "imu2/gyr_z": -0.9923664122137404, "milliseconds": 69856}