{"cam/image_array": "992_cam-image_array_.jpg", "user/angle": 0.0, "user/throttle": 0.0, "user/mode": "user", "imu1/acl_x": 0.15083470458984374, "imu1/acl_y": -0.09816226806640624, "imu1/acl_z": 12.89038173828125, "imu1/gyr_x": -3.8244274809160306, "imu1/gyr_y": 2.3435114503816794, "imu1/gyr_z": -1.8015267175572518, "imu2/acl_x": -0.16998831787109375, "imu2/acl_y": 0.0909796630859375, "imu2/acl_z": 9.696516723632811, "imu2/gyr_x": 3.8931297709923665, "imu2/gyr_y": -1.213740458015267, "imu2/gyr_z": -1.1908396946564885, "milliseconds": 96223}