{"cam/image_array": "909_cam-image_array_.jpg", "user/angle": 1.0, "user/throttle": 0.18571428571428555, "user/mode": "user", "imu1/acl_x": 0.14125789794921875, "imu1/acl_y": -0.0526724365234375, "imu1/acl_z": 12.89038173828125, "imu1/gyr_x": -3.83206106870229, "imu1/gyr_y": 2.351145038167939, "imu1/gyr_z": -1.8015267175572518, "imu2/acl_x": -0.08858546142578125, "imu2/acl_y": 0.02154781494140625, "imu2/acl_z": 9.605537060546874, "imu2/gyr_x": 3.8396946564885495, "imu2/gyr_y": -1.1068702290076335, "imu2/gyr_z": -0.916030534351145, "milliseconds": 85562}