{"cam/image_array": "922_cam-image_array_.jpg", "user/angle": 0.0, "user/throttle": -1.0, "user/mode": "user", "imu1/acl_x": 0.16759411621093748, "imu1/acl_y": -0.033518823242187495, "imu1/acl_z": 12.916717956542968, "imu1/gyr_x": -3.7557251908396947, "imu1/gyr_y": 2.2595419847328246, "imu1/gyr_z": -1.8625954198473282, "imu2/acl_x": -0.07422025146484375, "imu2/acl_y": -0.10773907470703124, "imu2/acl_z": 9.746794958496093, "imu2/gyr_x": 3.8244274809160306, "imu2/gyr_y": -1.1526717557251909, "imu2/gyr_z": -1.0076335877862594, "milliseconds": 86219}