{"cam/image_array": "919_cam-image_array_.jpg", "user/angle": 1.0, "user/throttle": 0.7857142857142858, "user/mode": "user", "imu1/acl_x": 0.1867477294921875, "imu1/acl_y": -0.08379705810546874, "imu1/acl_z": 12.966996191406249, "imu1/gyr_x": -3.8473282442748094, "imu1/gyr_y": 2.3206106870229006, "imu1/gyr_z": -0.13740458015267176, "imu2/acl_x": -0.08858546142578125, "imu2/acl_y": 0.00718260498046875, "imu2/acl_z": 9.706093530273437, "imu2/gyr_x": 3.8473282442748094, "imu2/gyr_y": -1.282442748091603, "imu2/gyr_z": -0.9770992366412213, "milliseconds": 86054}