{"cam/image_array": "137_cam-image_array_.jpg", "user/angle": 0.0, "user/throttle": 0.0, "user/mode": "user", "imu1/acl_x": 0.10773907470703124, "imu1/acl_y": -0.0526724365234375, "imu1/acl_z": 12.938265771484375, "imu1/gyr_x": -3.900763358778626, "imu1/gyr_y": 2.351145038167939, "imu1/gyr_z": -1.9618320610687023, "imu2/acl_x": -0.0909796630859375, "imu2/acl_y": 0.023942016601562498, "imu2/acl_z": 9.665392102050781, "imu2/gyr_x": 3.8091603053435112, "imu2/gyr_y": -1.16793893129771, "imu2/gyr_z": -1.0381679389312977, "milliseconds": 35005}