{"cam/image_array": "125_cam-image_array_.jpg", "user/angle": 0.0, "user/throttle": -0.9714285714285714, "user/mode": "user", "imu1/acl_x": 0.19871873779296872, "imu1/acl_y": -0.19153613281249998, "imu1/acl_z": 12.876016528320312, "imu1/gyr_x": -3.8931297709923665, "imu1/gyr_y": 2.3893129770992365, "imu1/gyr_z": -1.8396946564885497, "imu2/acl_x": -0.1388636962890625, "imu2/acl_y": 0.02633621826171875, "imu2/acl_z": 9.56962403564453, "imu2/gyr_x": 3.8396946564885495, "imu2/gyr_y": -1.2366412213740459, "imu2/gyr_z": -0.9923664122137404, "milliseconds": 34375}