{"cam/image_array": "797_cam-image_array_.jpg", "user/angle": 0.0, "user/throttle": 0.0, "user/mode": "user", "imu1/acl_x": 0.09816226806640624, "imu1/acl_y": -0.07900865478515624, "imu1/acl_z": 12.849680310058593, "imu1/gyr_x": -5.8396946564885495, "imu1/gyr_y": 2.3740458015267176, "imu1/gyr_z": -1.900763358778626, "imu2/acl_x": -0.11731588134765625, "imu2/acl_y": 0.00718260498046875, "imu2/acl_z": 9.512163195800781, "imu2/gyr_x": 3.7786259541984735, "imu2/gyr_y": -1.2900763358778626, "imu2/gyr_z": -0.8473282442748091, "milliseconds": 77866}