{"cam/image_array": "289_cam-image_array_.jpg", "user/angle": 0.9142857142857143, "user/throttle": 0.08571428571428544, "user/mode": "user", "imu1/acl_x": 0.105344873046875, "imu1/acl_y": -0.055066638183593745, "imu1/acl_z": 12.907141149902342, "imu1/gyr_x": -3.7938931297709924, "imu1/gyr_y": 2.3206106870229006, "imu1/gyr_z": -3.8473282442748094, "imu2/acl_x": -0.15562310791015624, "imu2/acl_y": 0.028730419921875, "imu2/acl_z": 9.583989245605467, "imu2/gyr_x": 3.816793893129771, "imu2/gyr_y": -1.2213740458015268, "imu2/gyr_z": -0.9236641221374046, "milliseconds": 45539}