{"cam/image_array": "544_cam-image_array_.jpg", "user/angle": 0.0, "user/throttle": -0.018314526847773953, "user/mode": "user", "imu1/acl_x": 0.11013327636718749, "imu1/acl_y": -0.0909796630859375, "imu1/acl_z": 12.966996191406249, "imu1/gyr_x": -5.809160305343512, "imu1/gyr_y": 2.3435114503816794, "imu1/gyr_z": -0.015267175572519083, "imu2/acl_x": -0.16519991455078123, "imu2/acl_y": 0.009576806640625, "imu2/acl_z": 9.674968908691406, "imu2/gyr_x": 3.8244274809160306, "imu2/gyr_y": -1.1145038167938932, "imu2/gyr_z": -0.9083969465648855, "milliseconds": 60142}