{"cam/image_array": "323_cam-image_array_.jpg", "user/angle": 0.014285714285714287, "user/throttle": 0.4142857142857143, "user/mode": "user", "imu1/acl_x": 0.15562310791015624, "imu1/acl_y": -0.08379705810546874, "imu1/acl_z": 12.871228125, "imu1/gyr_x": -3.9389312977099236, "imu1/gyr_y": 2.351145038167939, "imu1/gyr_z": -1.9541984732824427, "imu2/acl_x": -0.11731588134765625, "imu2/acl_y": 0.040701428222656245, "imu2/acl_z": 9.665392102050781, "imu2/gyr_x": 3.7022900763358777, "imu2/gyr_y": -1.1908396946564885, "imu2/gyr_z": -0.8778625954198473, "milliseconds": 47294}