{"cam/image_array": "764_cam-image_array_.jpg", "user/angle": 0.0, "user/throttle": -1.0, "user/mode": "user", "imu1/acl_x": 0.07900865478515624, "imu1/acl_y": -0.062249243164062495, "imu1/acl_z": 12.871228125, "imu1/gyr_x": -3.931297709923664, "imu1/gyr_y": 2.3969465648854964, "imu1/gyr_z": -0.04580152671755725, "imu2/acl_x": -0.07900865478515624, "imu2/acl_y": 0.06703764648437499, "imu2/acl_z": 9.694122521972655, "imu2/gyr_x": 3.8473282442748094, "imu2/gyr_y": -1.251908396946565, "imu2/gyr_z": -0.9465648854961832, "milliseconds": 75606}