{"cam/image_array": "79_cam-image_array_.jpg", "user/angle": -1.0, "user/throttle": 0.5428571428571431, "user/mode": "user", "imu1/acl_x": 0.08140285644531249, "imu1/acl_y": -0.07422025146484375, "imu1/acl_z": 12.981361401367186, "imu1/gyr_x": -3.854961832061069, "imu1/gyr_y": 2.4580152671755724, "imu1/gyr_z": -1.8854961832061068, "imu2/acl_x": -0.08140285644531249, "imu2/acl_y": 0.0430956298828125, "imu2/acl_z": 9.79946739501953, "imu2/gyr_x": 3.7709923664122136, "imu2/gyr_y": -1.297709923664122, "imu2/gyr_z": -1.0916030534351144, "milliseconds": 31155}