{"cam/image_array": "420_cam-image_array_.jpg", "user/angle": 0.0, "user/throttle": 3.061616997868383e-16, "user/mode": "user", "imu1/acl_x": 0.12210428466796874, "imu1/acl_y": -0.06464344482421874, "imu1/acl_z": 12.916717956542968, "imu1/gyr_x": -3.8625954198473282, "imu1/gyr_y": 2.282442748091603, "imu1/gyr_z": -3.8473282442748094, "imu2/acl_x": -0.16280571289062498, "imu2/acl_y": 0.0047884033203125, "imu2/acl_z": 9.639055883789062, "imu2/gyr_x": 3.900763358778626, "imu2/gyr_y": -1.3053435114503817, "imu2/gyr_z": -1.0687022900763359, "milliseconds": 53757}