{"cam/image_array": "331_cam-image_array_.jpg", "user/angle": 1.0, "user/throttle": 1.0, "user/mode": "user", "imu1/acl_x": 0.143652099609375, "imu1/acl_y": -0.08858546142578125, "imu1/acl_z": 12.981361401367186, "imu1/gyr_x": -3.7251908396946565, "imu1/gyr_y": 2.3587786259541983, "imu1/gyr_z": -1.984732824427481, "imu2/acl_x": -0.105344873046875, "imu2/acl_y": 0.016759411621093748, "imu2/acl_z": 9.725247143554688, "imu2/gyr_x": 1.9541984732824427, "imu2/gyr_y": -1.282442748091603, "imu2/gyr_z": -0.9770992366412213, "milliseconds": 47703}