{"cam/image_array": "59_cam-image_array_.jpg", "user/angle": 0.0, "user/throttle": -0.8483194881787379, "user/mode": "user", "imu1/acl_x": 0.12449848632812499, "imu1/acl_y": -0.062249243164062495, "imu1/acl_z": 12.931083166503905, "imu1/gyr_x": -4.00763358778626, "imu1/gyr_y": 2.16793893129771, "imu1/gyr_z": -1.8854961832061068, "imu2/acl_x": -0.15322890625, "imu2/acl_y": -0.02633621826171875, "imu2/acl_z": 9.682151513671874, "imu2/gyr_x": 3.816793893129771, "imu2/gyr_y": -1.4351145038167938, "imu2/gyr_z": -1.015267175572519, "milliseconds": 29712}