{"cam/image_array": "981_cam-image_array_.jpg", "user/angle": -1.0, "user/throttle": 1.0, "user/mode": "user", "imu1/acl_x": 0.14604630126953125, "imu1/acl_y": -0.10295067138671875, "imu1/acl_z": 12.97896719970703, "imu1/gyr_x": -4.068702290076335, "imu1/gyr_y": 2.33587786259542, "imu1/gyr_z": -1.816793893129771, "imu2/acl_x": -0.05746083984375, "imu2/acl_y": 0.05985504150390625, "imu2/acl_z": 9.619902270507811, "imu2/gyr_x": 3.732824427480916, "imu2/gyr_y": -1.0763358778625953, "imu2/gyr_z": -1.0305343511450382, "milliseconds": 95662}