{"cam/image_array": "255_cam-image_array_.jpg", "user/angle": -1.0, "user/throttle": 0.33208246541150876, "user/mode": "user", "imu1/acl_x": 0.19871873779296872, "imu1/acl_y": -0.08858546142578125, "imu1/acl_z": 13.01727442626953, "imu1/gyr_x": -1.9770992366412214, "imu1/gyr_y": 2.366412213740458, "imu1/gyr_z": -2.183206106870229, "imu2/acl_x": -0.08140285644531249, "imu2/acl_y": 0.040701428222656245, "imu2/acl_z": 9.694122521972655, "imu2/gyr_x": 1.9618320610687023, "imu2/gyr_y": -1.1450381679389312, "imu2/gyr_z": -1.0458015267175573, "milliseconds": 43034}