{"cam/image_array": "132_cam-image_array_.jpg", "user/angle": -0.8000000000000002, "user/throttle": 0.757142857142857, "user/mode": "user", "imu1/acl_x": 0.09816226806640624, "imu1/acl_y": -0.016759411621093748, "imu1/acl_z": 12.80658468017578, "imu1/gyr_x": -4.0534351145038165, "imu1/gyr_y": 2.3969465648854964, "imu1/gyr_z": -1.984732824427481, "imu2/acl_x": -0.12689268798828124, "imu2/acl_y": 0.0143652099609375, "imu2/acl_z": 9.655815295410155, "imu2/gyr_x": 3.8396946564885495, "imu2/gyr_y": -1.2366412213740459, "imu2/gyr_z": -0.9389312977099237, "milliseconds": 34738}