{"cam/image_array": "380_cam-image_array_.jpg", "user/angle": -0.26053262989648845, "user/throttle": 1.0, "user/mode": "user", "imu1/acl_x": 0.29927520751953124, "imu1/acl_y": -0.0526724365234375, "imu1/acl_z": 12.847286108398437, "imu1/gyr_x": -3.954198473282443, "imu1/gyr_y": 2.312977099236641, "imu1/gyr_z": -1.8473282442748091, "imu2/acl_x": -0.07422025146484375, "imu2/acl_y": -0.047884033203124995, "imu2/acl_z": 9.524134204101562, "imu2/gyr_x": 3.7786259541984735, "imu2/gyr_y": -1.1603053435114503, "imu2/gyr_z": -1.1297709923664123, "milliseconds": 50224}