{"cam/image_array": "392_cam-image_array_.jpg", "user/angle": 0.0, "user/throttle": -1.0, "user/mode": "user", "imu1/acl_x": 0.143652099609375, "imu1/acl_y": -0.09816226806640624, "imu1/acl_z": 12.90235274658203, "imu1/gyr_x": -4.0458015267175576, "imu1/gyr_y": 2.183206106870229, "imu1/gyr_z": -1.8625954198473282, "imu2/acl_x": -0.2154781494140625, "imu2/acl_y": 0.055066638183593745, "imu2/acl_z": 9.593566052246093, "imu2/gyr_x": 3.8625954198473282, "imu2/gyr_y": -1.213740458015267, "imu2/gyr_z": -1.0381679389312977, "milliseconds": 51800}