{"cam/image_array": "566_cam-image_array_.jpg", "user/angle": 0.0, "user/throttle": -0.12484404235973072, "user/mode": "user", "imu1/acl_x": 0.12210428466796874, "imu1/acl_y": -0.12689268798828124, "imu1/acl_z": 12.959813586425781, "imu1/gyr_x": -3.969465648854962, "imu1/gyr_y": 2.3587786259541983, "imu1/gyr_z": -1.984732824427481, "imu2/acl_x": -0.06943184814453125, "imu2/acl_y": 0.02633621826171875, "imu2/acl_z": 9.60793126220703, "imu2/gyr_x": 3.931297709923664, "imu2/gyr_y": -1.297709923664122, "imu2/gyr_z": -1.0076335877862594, "milliseconds": 61272}