{"cam/image_array": "789_cam-image_array_.jpg", "user/angle": 0.0, "user/throttle": -1.0, "user/mode": "user", "imu1/acl_x": 0.06943184814453125, "imu1/acl_y": -0.0909796630859375, "imu1/acl_z": 12.974178796386719, "imu1/gyr_x": -3.8244274809160306, "imu1/gyr_y": 2.2748091603053435, "imu1/gyr_z": -3.900763358778626, "imu2/acl_x": -0.29448680419921874, "imu2/acl_y": 0.04548983154296875, "imu2/acl_z": 9.514557397460937, "imu2/gyr_x": 3.969465648854962, "imu2/gyr_y": -1.183206106870229, "imu2/gyr_z": -0.8854961832061069, "milliseconds": 76917}