{"cam/image_array": "130_cam-image_array_.jpg", "user/angle": 0.0, "user/throttle": -1.0, "user/mode": "user", "imu1/acl_x": 0.2705447875976562, "imu1/acl_y": -0.1388636962890625, "imu1/acl_z": 13.010091821289063, "imu1/gyr_x": -3.984732824427481, "imu1/gyr_y": 2.3740458015267176, "imu1/gyr_z": -2.0381679389312977, "imu2/acl_x": -0.12689268798828124, "imu2/acl_y": -0.0047884033203125, "imu2/acl_z": 9.610325463867188, "imu2/gyr_x": 3.6564885496183206, "imu2/gyr_y": -1.213740458015267, "imu2/gyr_z": -0.9312977099236641, "milliseconds": 34645}