{"cam/image_array": "149_cam-image_array_.jpg", "user/angle": 1.0, "user/throttle": 0.11428571428571366, "user/mode": "user", "imu1/acl_x": 0.0718260498046875, "imu1/acl_y": -0.00239420166015625, "imu1/acl_z": 12.90235274658203, "imu1/gyr_x": -4.0534351145038165, "imu1/gyr_y": 2.2900763358778624, "imu1/gyr_z": -1.8625954198473282, "imu2/acl_x": -0.1149216796875, "imu2/acl_y": 0.02633621826171875, "imu2/acl_z": 9.739612353515625, "imu2/gyr_x": 3.7557251908396947, "imu2/gyr_y": -1.099236641221374, "imu2/gyr_z": -0.9312977099236641, "milliseconds": 35606}