{"cam/image_array": "489_cam-image_array_.jpg", "user/angle": 0.0, "user/throttle": -0.08571428571428624, "user/mode": "user", "imu1/acl_x": 0.13407529296874998, "imu1/acl_y": -0.06703764648437499, "imu1/acl_z": 12.926294763183593, "imu1/gyr_x": -3.969465648854962, "imu1/gyr_y": 2.2061068702290076, "imu1/gyr_z": -2.145038167938931, "imu2/acl_x": -0.1197100830078125, "imu2/acl_y": 0.01915361328125, "imu2/acl_z": 9.600748657226562, "imu2/gyr_x": 1.9770992366412214, "imu2/gyr_y": -1.213740458015267, "imu2/gyr_z": -0.9694656488549618, "milliseconds": 57315}