{"cam/image_array": "386_cam-image_array_.jpg", "user/angle": -0.7857142857142857, "user/throttle": 0.04285714285714283, "user/mode": "user", "imu1/acl_x": 0.1484405029296875, "imu1/acl_y": -0.11013327636718749, "imu1/acl_z": 12.751518041992187, "imu1/gyr_x": -3.931297709923664, "imu1/gyr_y": 2.3206106870229006, "imu1/gyr_z": -1.8473282442748091, "imu2/acl_x": -0.07422025146484375, "imu2/acl_y": -0.1292868896484375, "imu2/acl_z": 9.655815295410155, "imu2/gyr_x": 3.66412213740458, "imu2/gyr_y": -1.3053435114503817, "imu2/gyr_z": -0.9236641221374046, "milliseconds": 51500}