{"cam/image_array": "292_cam-image_array_.jpg", "user/angle": 0.0, "user/throttle": 0.0, "user/mode": "user", "imu1/acl_x": 0.11013327636718749, "imu1/acl_y": -0.12210428466796874, "imu1/acl_z": 12.895170141601561, "imu1/gyr_x": -3.786259541984733, "imu1/gyr_y": 2.2900763358778624, "imu1/gyr_z": -1.7557251908396947, "imu2/acl_x": -0.15322890625, "imu2/acl_y": 0.011971008300781249, "imu2/acl_z": 9.672574707031249, "imu2/gyr_x": 3.9389312977099236, "imu2/gyr_y": -1.2366412213740459, "imu2/gyr_z": -1.0229007633587786, "milliseconds": 45700}