{"cam/image_array": "880_cam-image_array_.jpg", "user/angle": 0.0, "user/throttle": -1.0, "user/mode": "user", "imu1/acl_x": 0.26336218261718747, "imu1/acl_y": -0.1292868896484375, "imu1/acl_z": 12.923900561523437, "imu1/gyr_x": -3.9389312977099236, "imu1/gyr_y": 2.2061068702290076, "imu1/gyr_z": -1.8396946564885497, "imu2/acl_x": -0.12689268798828124, "imu2/acl_y": -0.009576806640625, "imu2/acl_z": 9.679757312011718, "imu2/gyr_x": 3.7786259541984735, "imu2/gyr_y": -1.1297709923664123, "imu2/gyr_z": -0.9770992366412213, "milliseconds": 82733}