{"cam/image_array": "265_cam-image_array_.jpg", "user/angle": -1.0, "user/throttle": 0.24336420534909553, "user/mode": "user", "imu1/acl_x": 0.15562310791015624, "imu1/acl_y": -0.062249243164062495, "imu1/acl_z": 12.926294763183593, "imu1/gyr_x": -3.8625954198473282, "imu1/gyr_y": 2.381679389312977, "imu1/gyr_z": -2.1068702290076335, "imu2/acl_x": -0.13646949462890623, "imu2/acl_y": 0.09337386474609374, "imu2/acl_z": 9.674968908691406, "imu2/gyr_x": 3.8396946564885495, "imu2/gyr_y": -1.2366412213740459, "imu2/gyr_z": -1.0076335877862594, "milliseconds": 43552}