{"cam/image_array": "535_cam-image_array_.jpg", "user/angle": 0.0, "user/throttle": -0.15714285714285708, "user/mode": "user", "imu1/acl_x": 0.1149216796875, "imu1/acl_y": -0.07900865478515624, "imu1/acl_z": 12.988544006347656, "imu1/gyr_x": -4.0, "imu1/gyr_y": 2.282442748091603, "imu1/gyr_z": -1.916030534351145, "imu2/acl_x": -0.0047884033203125, "imu2/acl_y": 0.12210428466796874, "imu2/acl_z": 9.787496386718749, "imu2/gyr_x": 3.786259541984733, "imu2/gyr_y": -1.0610687022900764, "imu2/gyr_z": -1.0381679389312977, "milliseconds": 59670}