{"cam/image_array": "406_cam-image_array_.jpg", "user/angle": 1.0, "user/throttle": 1.0, "user/mode": "user", "imu1/acl_x": 0.13168109130859373, "imu1/acl_y": -0.11731588134765625, "imu1/acl_z": 12.89038173828125, "imu1/gyr_x": -3.984732824427481, "imu1/gyr_y": 2.3587786259541983, "imu1/gyr_z": -2.1068702290076335, "imu2/acl_x": -0.2920926025390625, "imu2/acl_y": 0.0383072265625, "imu2/acl_z": 9.672574707031249, "imu2/gyr_x": 3.8625954198473282, "imu2/gyr_y": -1.3511450381679388, "imu2/gyr_z": -0.9541984732824428, "milliseconds": 52525}