{"cam/image_array": "755_cam-image_array_.jpg", "user/angle": 1.0, "user/throttle": 1.0, "user/mode": "user", "imu1/acl_x": 0.11252747802734374, "imu1/acl_y": -0.07900865478515624, "imu1/acl_z": 12.950236779785156, "imu1/gyr_x": -4.038167938931298, "imu1/gyr_y": 2.267175572519084, "imu1/gyr_z": -3.900763358778626, "imu2/acl_x": -0.13646949462890623, "imu2/acl_y": -0.009576806640625, "imu2/acl_z": 9.576806640625, "imu2/gyr_x": 3.885496183206107, "imu2/gyr_y": -1.251908396946565, "imu2/gyr_z": -0.9389312977099237, "milliseconds": 75148}