{"cam/image_array": "559_cam-image_array_.jpg", "user/angle": -1.0, "user/throttle": 1.0, "user/mode": "user", "imu1/acl_x": 0.08379705810546874, "imu1/acl_y": -0.05746083984375, "imu1/acl_z": 12.801796276855468, "imu1/gyr_x": -3.8702290076335877, "imu1/gyr_y": 2.2900763358778624, "imu1/gyr_z": -1.7938931297709924, "imu2/acl_x": -0.16041151123046873, "imu2/acl_y": 0.02633621826171875, "imu2/acl_z": 9.588777648925781, "imu2/gyr_x": 2.0076335877862594, "imu2/gyr_y": -1.3282442748091603, "imu2/gyr_z": -0.9618320610687023, "milliseconds": 60912}