{"cam/image_array": "357_cam-image_array_.jpg", "user/angle": -1.0, "user/throttle": 0.5473646628401366, "user/mode": "user", "imu1/acl_x": 0.13407529296874998, "imu1/acl_y": -0.13168109130859373, "imu1/acl_z": 12.892775939941405, "imu1/gyr_x": -3.816793893129771, "imu1/gyr_y": 2.5419847328244276, "imu1/gyr_z": -2.0, "imu2/acl_x": -0.16519991455078123, "imu2/acl_y": 0.0383072265625, "imu2/acl_z": 9.64623848876953, "imu2/gyr_x": 3.8625954198473282, "imu2/gyr_y": -1.2213740458015268, "imu2/gyr_z": -1.0229007633587786, "milliseconds": 49051}