{"cam/image_array": "287_cam-image_array_.jpg", "user/angle": -1.0, "user/throttle": 1.0, "user/mode": "user", "imu1/acl_x": 0.1484405029296875, "imu1/acl_y": -0.07900865478515624, "imu1/acl_z": 12.895170141601561, "imu1/gyr_x": -3.9923664122137406, "imu1/gyr_y": 2.312977099236641, "imu1/gyr_z": -1.7099236641221374, "imu2/acl_x": -0.16759411621093748, "imu2/acl_y": -0.08140285644531249, "imu2/acl_z": 9.56962403564453, "imu2/gyr_x": 3.732824427480916, "imu2/gyr_y": -1.4198473282442747, "imu2/gyr_z": -0.9923664122137404, "milliseconds": 45433}