{"cam/image_array": "678_cam-image_array_.jpg", "user/angle": 0.0, "user/throttle": -0.6428571428571429, "user/mode": "user", "imu1/acl_x": 0.12210428466796874, "imu1/acl_y": -0.0718260498046875, "imu1/acl_z": 12.911929553222656, "imu1/gyr_x": -3.8244274809160306, "imu1/gyr_y": 2.4732824427480917, "imu1/gyr_z": -2.0229007633587788, "imu2/acl_x": -0.031124621582031248, "imu2/acl_y": 0.12449848632812499, "imu2/acl_z": 9.555258825683593, "imu2/gyr_x": 3.763358778625954, "imu2/gyr_y": -1.2290076335877862, "imu2/gyr_z": -0.9694656488549618, "milliseconds": 69372}