{"cam/image_array": "345_cam-image_array_.jpg", "user/angle": 0.0, "user/throttle": 0.0, "user/mode": "user", "imu1/acl_x": 0.16759411621093748, "imu1/acl_y": -0.07900865478515624, "imu1/acl_z": 12.837709301757812, "imu1/gyr_x": -3.969465648854962, "imu1/gyr_y": 2.2061068702290076, "imu1/gyr_z": -0.03816793893129771, "imu2/acl_x": -0.0047884033203125, "imu2/acl_y": -0.10295067138671875, "imu2/acl_z": 9.560047229003906, "imu2/gyr_x": 3.7251908396946565, "imu2/gyr_y": -1.099236641221374, "imu2/gyr_z": -1.0381679389312977, "milliseconds": 48420}