{"cam/image_array": "974_cam-image_array_.jpg", "user/angle": 0.0, "user/throttle": -0.914285714285714, "user/mode": "user", "imu1/acl_x": 0.15562310791015624, "imu1/acl_y": -0.08140285644531249, "imu1/acl_z": 12.935871569824219, "imu1/gyr_x": -3.9389312977099236, "imu1/gyr_y": 2.2519083969465647, "imu1/gyr_z": -1.7557251908396947, "imu2/acl_x": -0.15083470458984374, "imu2/acl_y": 0.01915361328125, "imu2/acl_z": 9.679757312011718, "imu2/gyr_x": 3.7022900763358777, "imu2/gyr_y": -1.2900763358778626, "imu2/gyr_z": -0.9389312977099237, "milliseconds": 95302}