{"cam/image_array": "893_cam-image_array_.jpg", "user/angle": -1.0, "user/throttle": 0.3822445483970901, "user/mode": "user", "imu1/acl_x": 0.15562310791015624, "imu1/acl_y": -0.1197100830078125, "imu1/acl_z": 12.861651318359375, "imu1/gyr_x": -3.7099236641221376, "imu1/gyr_y": 2.404580152671756, "imu1/gyr_z": -1.8015267175572518, "imu2/acl_x": -0.10295067138671875, "imu2/acl_y": 0.0430956298828125, "imu2/acl_z": 9.533711010742186, "imu2/gyr_x": 3.6717557251908395, "imu2/gyr_y": -1.3282442748091603, "imu2/gyr_z": -0.9465648854961832, "milliseconds": 84008}