{"cam/image_array": "808_cam-image_array_.jpg", "user/angle": 0.0, "user/throttle": -0.3596934091170981, "user/mode": "user", "imu1/acl_x": 0.12210428466796874, "imu1/acl_y": -0.05746083984375, "imu1/acl_z": 12.816161486816405, "imu1/gyr_x": -3.954198473282443, "imu1/gyr_y": 2.2442748091603053, "imu1/gyr_z": -1.786259541984733, "imu2/acl_x": -0.12210428466796874, "imu2/acl_y": 0.11013327636718749, "imu2/acl_z": 9.536105212402344, "imu2/gyr_x": 5.7251908396946565, "imu2/gyr_y": -1.2671755725190839, "imu2/gyr_z": -1.099236641221374, "milliseconds": 78426}