{"cam/image_array": "586_cam-image_array_.jpg", "user/angle": 0.8857142857142857, "user/throttle": 1.0, "user/mode": "user", "imu1/acl_x": 0.143652099609375, "imu1/acl_y": -0.06943184814453125, "imu1/acl_z": 12.923900561523437, "imu1/gyr_x": -3.9923664122137406, "imu1/gyr_y": 2.3435114503816794, "imu1/gyr_z": -1.9618320610687023, "imu2/acl_x": -0.29448680419921874, "imu2/acl_y": -0.016759411621093748, "imu2/acl_z": 9.552864624023437, "imu2/gyr_x": 3.8244274809160306, "imu2/gyr_y": -1.1984732824427482, "imu2/gyr_z": -1.0458015267175573, "milliseconds": 63356}