{"cam/image_array": "118_cam-image_array_.jpg", "user/angle": 0.0, "user/throttle": -0.11199507447534034, "user/mode": "user", "imu1/acl_x": 0.011971008300781249, "imu1/acl_y": -0.13646949462890623, "imu1/acl_z": 12.78743106689453, "imu1/gyr_x": -3.8091603053435112, "imu1/gyr_y": 2.3206106870229006, "imu1/gyr_z": -1.8778625954198473, "imu2/acl_x": -0.086191259765625, "imu2/acl_y": 0.00239420166015625, "imu2/acl_z": 9.595960253906249, "imu2/gyr_x": 3.66412213740458, "imu2/gyr_y": -1.450381679389313, "imu2/gyr_z": -1.0763358778625953, "milliseconds": 34021}