{"cam/image_array": "154_cam-image_array_.jpg", "user/angle": 0.0, "user/throttle": -0.10000000000000073, "user/mode": "user", "imu1/acl_x": 0.16998831787109375, "imu1/acl_y": -0.011971008300781249, "imu1/acl_z": 12.866439721679686, "imu1/gyr_x": -2.0229007633587788, "imu1/gyr_y": 2.404580152671756, "imu1/gyr_z": -3.8702290076335877, "imu2/acl_x": -0.11252747802734374, "imu2/acl_y": 0.0143652099609375, "imu2/acl_z": 9.655815295410155, "imu2/gyr_x": 3.9770992366412212, "imu2/gyr_y": -1.2748091603053435, "imu2/gyr_z": -0.8854961832061069, "milliseconds": 36527}