{"cam/image_array": "632_cam-image_array_.jpg", "user/angle": 0.0, "user/throttle": 0.0, "user/mode": "user", "imu1/acl_x": 0.033518823242187495, "imu1/acl_y": -0.09816226806640624, "imu1/acl_z": 12.919112158203124, "imu1/gyr_x": -3.8625954198473282, "imu1/gyr_y": 2.312977099236641, "imu1/gyr_z": -2.0381679389312977, "imu2/acl_x": -0.14604630126953125, "imu2/acl_y": -0.14125789794921875, "imu2/acl_z": 9.526528405761718, "imu2/gyr_x": 3.854961832061069, "imu2/gyr_y": -1.2671755725190839, "imu2/gyr_z": -1.0610687022900764, "milliseconds": 66349}