{"cam/image_array": "298_cam-image_array_.jpg", "user/angle": 1.0, "user/throttle": 1.0, "user/mode": "user", "imu1/acl_x": 0.0909796630859375, "imu1/acl_y": -0.086191259765625, "imu1/acl_z": 12.97178459472656, "imu1/gyr_x": -3.8396946564885495, "imu1/gyr_y": 2.183206106870229, "imu1/gyr_z": -0.03816793893129771, "imu2/acl_x": -0.09576806640624999, "imu2/acl_y": 0.033518823242187495, "imu2/acl_z": 9.749189160156249, "imu2/gyr_x": 3.7404580152671754, "imu2/gyr_y": -1.1755725190839694, "imu2/gyr_z": -1.0534351145038168, "milliseconds": 46010}