{"cam/image_array": "237_cam-image_array_.jpg", "user/angle": -1.0, "user/throttle": 0.2569171053579021, "user/mode": "user", "imu1/acl_x": 0.10773907470703124, "imu1/acl_y": -0.0718260498046875, "imu1/acl_z": 12.955025183105468, "imu1/gyr_x": -3.9923664122137406, "imu1/gyr_y": 2.595419847328244, "imu1/gyr_z": -0.022900763358778626, "imu2/acl_x": -0.15083470458984374, "imu2/acl_y": -0.02633621826171875, "imu2/acl_z": 9.536105212402344, "imu2/gyr_x": 3.618320610687023, "imu2/gyr_y": -1.2366412213740459, "imu2/gyr_z": -1.1145038167938932, "milliseconds": 42095}