{"cam/image_array": "613_cam-image_array_.jpg", "user/angle": 1.0, "user/throttle": 1.0, "user/mode": "user", "imu1/acl_x": 0.15083470458984374, "imu1/acl_y": -0.047884033203124995, "imu1/acl_z": 13.012486022949219, "imu1/gyr_x": -3.8931297709923665, "imu1/gyr_y": 2.267175572519084, "imu1/gyr_z": -1.8396946564885497, "imu2/acl_x": -0.296881005859375, "imu2/acl_y": -0.11013327636718749, "imu2/acl_z": 9.540893615722656, "imu2/gyr_x": 3.83206106870229, "imu2/gyr_y": -1.1221374045801527, "imu2/gyr_z": -1.1145038167938932, "milliseconds": 65350}