{"cam/image_array": "616_cam-image_array_.jpg", "user/angle": 0.0, "user/throttle": 0.0, "user/mode": "user", "imu1/acl_x": 0.13407529296874998, "imu1/acl_y": -0.08858546142578125, "imu1/acl_z": 12.943054174804686, "imu1/gyr_x": -4.015267175572519, "imu1/gyr_y": 2.267175572519084, "imu1/gyr_z": -0.06870229007633588, "imu2/acl_x": -0.07900865478515624, "imu2/acl_y": -0.031124621582031248, "imu2/acl_z": 9.74200655517578, "imu2/gyr_x": 3.6106870229007635, "imu2/gyr_y": -1.1603053435114503, "imu2/gyr_z": -0.8854961832061069, "milliseconds": 65502}