{"cam/image_array": "982_cam-image_array_.jpg", "user/angle": 1.0, "user/throttle": 1.0, "user/mode": "user", "imu1/acl_x": 0.22505495605468748, "imu1/acl_y": -0.04548983154296875, "imu1/acl_z": 12.878410729980468, "imu1/gyr_x": -3.954198473282443, "imu1/gyr_y": 2.2900763358778624, "imu1/gyr_z": -2.267175572519084, "imu2/acl_x": -0.10773907470703124, "imu2/acl_y": 0.009576806640625, "imu2/acl_z": 9.651026892089844, "imu2/gyr_x": 3.8625954198473282, "imu2/gyr_y": -1.3053435114503817, "imu2/gyr_z": -1.0381679389312977, "milliseconds": 95703}