{"cam/image_array": "101_cam-image_array_.jpg", "user/angle": 0.0, "user/throttle": 0.0, "user/mode": "user", "imu1/acl_x": 0.1292868896484375, "imu1/acl_y": -0.05985504150390625, "imu1/acl_z": 12.823344091796875, "imu1/gyr_x": -3.786259541984733, "imu1/gyr_y": 2.3282442748091605, "imu1/gyr_z": -1.9694656488549618, "imu2/acl_x": -0.0047884033203125, "imu2/acl_y": -0.12689268798828124, "imu2/acl_z": 9.679757312011718, "imu2/gyr_x": 3.7786259541984735, "imu2/gyr_y": -1.3282442748091603, "imu2/gyr_z": -1.0381679389312977, "milliseconds": 32303}