{"cam/image_array": "8_cam-image_array_.jpg", "user/angle": 0.0, "user/throttle": -0.13279100100991578, "user/mode": "user", "imu1/acl_x": 0.028730419921875, "imu1/acl_y": -0.2059013427734375, "imu1/acl_z": 12.871228125, "imu1/gyr_x": -5.8396946564885495, "imu1/gyr_y": 2.2900763358778624, "imu1/gyr_z": -1.9923664122137406, "imu2/acl_x": -0.11252747802734374, "imu2/acl_y": 0.009576806640625, "imu2/acl_z": 9.629479077148437, "imu2/gyr_x": 3.6259541984732824, "imu2/gyr_y": -1.2213740458015268, "imu2/gyr_z": -0.9770992366412213, "milliseconds": 26586}