{"cam/image_array": "735_cam-image_array_.jpg", "user/angle": -1.0, "user/throttle": 0.3637349762370783, "user/mode": "user", "imu1/acl_x": 0.09337386474609374, "imu1/acl_y": -0.1149216796875, "imu1/acl_z": 12.950236779785156, "imu1/gyr_x": -1.9694656488549618, "imu1/gyr_y": 2.2061068702290076, "imu1/gyr_z": -1.8473282442748091, "imu2/acl_x": -0.1005564697265625, "imu2/acl_y": 0.0143652099609375, "imu2/acl_z": 9.648632690429688, "imu2/gyr_x": 3.8702290076335877, "imu2/gyr_y": -1.0916030534351144, "imu2/gyr_z": -0.9618320610687023, "milliseconds": 73418}