{"cam/image_array": "907_cam-image_array_.jpg", "user/angle": 1.0, "user/throttle": 1.0, "user/mode": "user", "imu1/acl_x": 0.09576806640624999, "imu1/acl_y": -0.07900865478515624, "imu1/acl_z": 12.84489190673828, "imu1/gyr_x": -4.030534351145038, "imu1/gyr_y": 2.3969465648854964, "imu1/gyr_z": -1.748091603053435, "imu2/acl_x": -0.15322890625, "imu2/acl_y": 0.033518823242187495, "imu2/acl_z": 9.627084875488281, "imu2/gyr_x": 3.8396946564885495, "imu2/gyr_y": -1.1068702290076335, "imu2/gyr_z": -1.0610687022900764, "milliseconds": 85453}