{"cam/image_array": "128_cam-image_array_.jpg", "user/angle": 0.0, "user/throttle": -1.0, "user/mode": "user", "imu1/acl_x": 0.07900865478515624, "imu1/acl_y": -0.06464344482421874, "imu1/acl_z": 12.866439721679686, "imu1/gyr_x": -5.854961832061068, "imu1/gyr_y": 2.3969465648854964, "imu1/gyr_z": -2.2519083969465647, "imu2/acl_x": -0.105344873046875, "imu2/acl_y": 0.023942016601562498, "imu2/acl_z": 9.670180505371093, "imu2/gyr_x": 3.717557251908397, "imu2/gyr_y": -1.2595419847328244, "imu2/gyr_z": -0.8931297709923665, "milliseconds": 34531}