{"cam/image_array": "122_cam-image_array_.jpg", "user/angle": 0.0, "user/throttle": -0.18571428571428594, "user/mode": "user", "imu1/acl_x": 0.13168109130859373, "imu1/acl_y": -0.07422025146484375, "imu1/acl_z": 12.928688964843749, "imu1/gyr_x": -5.778625954198473, "imu1/gyr_y": 2.381679389312977, "imu1/gyr_z": -1.900763358778626, "imu2/acl_x": -0.1867477294921875, "imu2/acl_y": -0.047884033203124995, "imu2/acl_z": 9.605537060546874, "imu2/gyr_x": 3.786259541984733, "imu2/gyr_y": -1.4809160305343512, "imu2/gyr_z": -0.8931297709923665, "milliseconds": 34227}