{"cam/image_array": "594_cam-image_array_.jpg", "user/angle": 0.0, "user/throttle": 0.0, "user/mode": "user", "imu1/acl_x": 0.181959326171875, "imu1/acl_y": -0.08140285644531249, "imu1/acl_z": 12.876016528320312, "imu1/gyr_x": -3.9923664122137406, "imu1/gyr_y": 2.2748091603053435, "imu1/gyr_z": -2.1374045801526718, "imu2/acl_x": -0.11013327636718749, "imu2/acl_y": 0.0143652099609375, "imu2/acl_z": 9.579200842285156, "imu2/gyr_x": 3.7557251908396947, "imu2/gyr_y": -1.1603053435114503, "imu2/gyr_z": -0.9923664122137404, "milliseconds": 64399}