{"cam/image_array": "850_cam-image_array_.jpg", "user/angle": -0.414285714285714, "user/throttle": 0.7142857142857145, "user/mode": "user", "imu1/acl_x": 0.15322890625, "imu1/acl_y": -0.11013327636718749, "imu1/acl_z": 12.837709301757812, "imu1/gyr_x": -3.984732824427481, "imu1/gyr_y": 2.404580152671756, "imu1/gyr_z": -1.6259541984732824, "imu2/acl_x": -0.12449848632812499, "imu2/acl_y": 0.016759411621093748, "imu2/acl_z": 9.710881933593749, "imu2/gyr_x": 3.7709923664122136, "imu2/gyr_y": -1.4274809160305344, "imu2/gyr_z": -0.9312977099236641, "milliseconds": 80587}