{"cam/image_array": "943_cam-image_array_.jpg", "user/angle": 0.0, "user/throttle": -0.08571428571428641, "user/mode": "user", "imu1/acl_x": 0.10773907470703124, "imu1/acl_y": -0.08140285644531249, "imu1/acl_z": 12.90235274658203, "imu1/gyr_x": -3.83206106870229, "imu1/gyr_y": 2.2900763358778624, "imu1/gyr_z": -2.068702290076336, "imu2/acl_x": -0.143652099609375, "imu2/acl_y": 0.00239420166015625, "imu2/acl_z": 9.631873278808593, "imu2/gyr_x": 3.7099236641221376, "imu2/gyr_y": -1.213740458015267, "imu2/gyr_z": -1.1145038167938932, "milliseconds": 92569}