{"cam/image_array": "314_cam-image_array_.jpg", "user/angle": 0.0, "user/throttle": -0.3000000000000016, "user/mode": "user", "imu1/acl_x": 0.2753331909179687, "imu1/acl_y": -0.12689268798828124, "imu1/acl_z": 12.969390393066405, "imu1/gyr_x": -3.8931297709923665, "imu1/gyr_y": 2.2442748091603053, "imu1/gyr_z": -1.83206106870229, "imu2/acl_x": -0.11013327636718749, "imu2/acl_y": -0.04548983154296875, "imu2/acl_z": 9.641450085449218, "imu2/gyr_x": 3.786259541984733, "imu2/gyr_y": -1.3053435114503817, "imu2/gyr_z": -1.0305343511450382, "milliseconds": 46837}