{"cam/image_array": "190_cam-image_array_.jpg", "user/angle": 0.0, "user/throttle": 0.0, "user/mode": "user", "imu1/acl_x": 0.13646949462890623, "imu1/acl_y": -0.07422025146484375, "imu1/acl_z": 12.94065997314453, "imu1/gyr_x": -3.8244274809160306, "imu1/gyr_y": 2.33587786259542, "imu1/gyr_z": -1.8702290076335877, "imu2/acl_x": -0.1197100830078125, "imu2/acl_y": 0.02633621826171875, "imu2/acl_z": 9.694122521972655, "imu2/gyr_x": 3.6946564885496183, "imu2/gyr_y": -1.4122137404580153, "imu2/gyr_z": -1.1603053435114503, "milliseconds": 38373}