{"cam/image_array": "983_cam-image_array_.jpg", "user/angle": 1.0, "user/throttle": 1.0, "user/mode": "user", "imu1/acl_x": 0.08379705810546874, "imu1/acl_y": -0.1197100830078125, "imu1/acl_z": 12.861651318359375, "imu1/gyr_x": -3.9389312977099236, "imu1/gyr_y": 2.2977099236641223, "imu1/gyr_z": -0.015267175572519083, "imu2/acl_x": -0.14604630126953125, "imu2/acl_y": 0.0383072265625, "imu2/acl_z": 9.672574707031249, "imu2/gyr_x": 3.801526717557252, "imu2/gyr_y": -1.3206106870229009, "imu2/gyr_z": -1.083969465648855, "milliseconds": 95764}