{"cam/image_array": "949_cam-image_array_.jpg", "user/angle": 0.25714285714285706, "user/throttle": 1.0, "user/mode": "user", "imu1/acl_x": 0.1149216796875, "imu1/acl_y": -0.055066638183593745, "imu1/acl_z": 12.725181823730468, "imu1/gyr_x": -3.8396946564885495, "imu1/gyr_y": 2.4198473282442747, "imu1/gyr_z": -1.9923664122137406, "imu2/acl_x": -0.14604630126953125, "imu2/acl_y": -0.02154781494140625, "imu2/acl_z": 9.72285294189453, "imu2/gyr_x": 3.8473282442748094, "imu2/gyr_y": -1.3053435114503817, "imu2/gyr_z": -1.0, "milliseconds": 92894}