{"cam/image_array": "404_cam-image_array_.jpg", "user/angle": 0.0, "user/throttle": -1.0, "user/mode": "user", "imu1/acl_x": 0.143652099609375, "imu1/acl_y": -0.040701428222656245, "imu1/acl_z": 12.732364428710937, "imu1/gyr_x": -4.129770992366412, "imu1/gyr_y": 2.3282442748091605, "imu1/gyr_z": -1.702290076335878, "imu2/acl_x": -0.08858546142578125, "imu2/acl_y": 0.05746083984375, "imu2/acl_z": 9.634267480468749, "imu2/gyr_x": 3.7404580152671754, "imu2/gyr_y": -1.3740458015267176, "imu2/gyr_z": -1.0, "milliseconds": 52404}