{"cam/image_array": "894_cam-image_array_.jpg", "user/angle": -1.0, "user/throttle": 0.3822445483970901, "user/mode": "user", "imu1/acl_x": 0.13646949462890623, "imu1/acl_y": -0.031124621582031248, "imu1/acl_z": 12.945448376464842, "imu1/gyr_x": -5.793893129770993, "imu1/gyr_y": 2.312977099236641, "imu1/gyr_z": -2.099236641221374, "imu2/acl_x": -0.11252747802734374, "imu2/acl_y": 0.0143652099609375, "imu2/acl_z": 9.588777648925781, "imu2/gyr_x": 3.8244274809160306, "imu2/gyr_y": -1.5190839694656488, "imu2/gyr_z": -1.1526717557251909, "milliseconds": 84058}