{"cam/image_array": "278_cam-image_array_.jpg", "user/angle": 1.0, "user/throttle": 1.0, "user/mode": "user", "imu1/acl_x": 0.10773907470703124, "imu1/acl_y": -0.0718260498046875, "imu1/acl_z": 13.010091821289063, "imu1/gyr_x": -3.763358778625954, "imu1/gyr_y": 2.2977099236641223, "imu1/gyr_z": -3.854961832061069, "imu2/acl_x": -0.24899697265624998, "imu2/acl_y": 0.14125789794921875, "imu2/acl_z": 9.710881933593749, "imu2/gyr_x": 3.9236641221374047, "imu2/gyr_y": -1.2442748091603053, "imu2/gyr_z": -1.1221374045801527, "milliseconds": 44955}