{"cam/image_array": "956_cam-image_array_.jpg", "user/angle": 1.0, "user/throttle": 0.5428571428571428, "user/mode": "user", "imu1/acl_x": 0.1484405029296875, "imu1/acl_y": -0.09337386474609374, "imu1/acl_z": 12.921506359863281, "imu1/gyr_x": -3.8244274809160306, "imu1/gyr_y": 2.3206106870229006, "imu1/gyr_z": -3.8473282442748094, "imu2/acl_x": -0.13168109130859373, "imu2/acl_y": 0.03591302490234375, "imu2/acl_z": 9.591171850585937, "imu2/gyr_x": 3.877862595419847, "imu2/gyr_y": -1.1221374045801527, "imu2/gyr_z": -0.9923664122137404, "milliseconds": 93250}