{"cam/image_array": "927_cam-image_array_.jpg", "user/angle": 1.0, "user/throttle": 1.0, "user/mode": "user", "imu1/acl_x": 0.13407529296874998, "imu1/acl_y": -0.04548983154296875, "imu1/acl_z": 13.077129467773437, "imu1/gyr_x": -4.068702290076335, "imu1/gyr_y": 2.2519083969465647, "imu1/gyr_z": -1.8396946564885497, "imu2/acl_x": -0.14125789794921875, "imu2/acl_y": 0.04548983154296875, "imu2/acl_z": 9.631873278808593, "imu2/gyr_x": 3.7786259541984735, "imu2/gyr_y": -1.2900763358778626, "imu2/gyr_z": -1.1068702290076335, "milliseconds": 86953}