{"cam/image_array": "575_cam-image_array_.jpg", "user/angle": 0.0, "user/throttle": -1.0, "user/mode": "user", "imu1/acl_x": 0.0, "imu1/acl_y": -0.06703764648437499, "imu1/acl_z": 12.840103503417968, "imu1/gyr_x": -3.83206106870229, "imu1/gyr_y": 2.2519083969465647, "imu1/gyr_z": -1.8931297709923665, "imu2/acl_x": -0.10295067138671875, "imu2/acl_y": -0.02633621826171875, "imu2/acl_z": 9.701305126953125, "imu2/gyr_x": 3.7786259541984735, "imu2/gyr_y": -1.16793893129771, "imu2/gyr_z": -0.9389312977099237, "milliseconds": 62816}