{"cam/image_array": "447_cam-image_array_.jpg", "user/angle": -0.01428548105527432, "user/throttle": 1.0, "user/mode": "user", "imu1/acl_x": 0.11013327636718749, "imu1/acl_y": -0.086191259765625, "imu1/acl_z": 12.945448376464842, "imu1/gyr_x": -3.8396946564885495, "imu1/gyr_y": 2.267175572519084, "imu1/gyr_z": -1.8778625954198473, "imu2/acl_x": -0.13646949462890623, "imu2/acl_y": -0.12689268798828124, "imu2/acl_z": 9.622296472167967, "imu2/gyr_x": 3.6030534351145036, "imu2/gyr_y": -1.2900763358778626, "imu2/gyr_z": -0.8931297709923665, "milliseconds": 55130}