{"cam/image_array": "891_cam-image_array_.jpg", "user/angle": 1.0, "user/throttle": 0.09999999999999984, "user/mode": "user", "imu1/acl_x": 0.30406361083984373, "imu1/acl_y": -0.011971008300781249, "imu1/acl_z": 12.923900561523437, "imu1/gyr_x": -3.801526717557252, "imu1/gyr_y": 2.3206106870229006, "imu1/gyr_z": -2.053435114503817, "imu2/acl_x": -0.15562310791015624, "imu2/acl_y": 0.011971008300781249, "imu2/acl_z": 9.689334118652344, "imu2/gyr_x": 3.6946564885496183, "imu2/gyr_y": -1.1908396946564885, "imu2/gyr_z": -0.9923664122137404, "milliseconds": 83308}