{"cam/image_array": "182_cam-image_array_.jpg", "user/angle": 1.0, "user/throttle": 1.0, "user/mode": "user", "imu1/acl_x": 0.09816226806640624, "imu1/acl_y": -0.0383072265625, "imu1/acl_z": 12.97896719970703, "imu1/gyr_x": -3.8625954198473282, "imu1/gyr_y": 2.2442748091603053, "imu1/gyr_z": -2.0610687022900764, "imu2/acl_x": -0.0047884033203125, "imu2/acl_y": -0.016759411621093748, "imu2/acl_z": 9.516951599121093, "imu2/gyr_x": 1.984732824427481, "imu2/gyr_y": -1.3282442748091603, "imu2/gyr_z": -1.099236641221374, "milliseconds": 37981}