{"cam/image_array": "819_cam-image_array_.jpg", "user/angle": 0.0, "user/throttle": -1.0, "user/mode": "user", "imu1/acl_x": 0.1388636962890625, "imu1/acl_y": -0.05985504150390625, "imu1/acl_z": 12.94065997314453, "imu1/gyr_x": -4.0, "imu1/gyr_y": 2.2290076335877864, "imu1/gyr_z": -1.816793893129771, "imu2/acl_x": -0.11252747802734374, "imu2/acl_y": 0.02633621826171875, "imu2/acl_z": 9.564835632324218, "imu2/gyr_x": 1.9618320610687023, "imu2/gyr_y": -1.2671755725190839, "imu2/gyr_z": -1.099236641221374, "milliseconds": 78987}