{"cam/image_array": "665_cam-image_array_.jpg", "user/angle": -0.19999999999999962, "user/throttle": 1.0, "user/mode": "user", "imu1/acl_x": 0.13168109130859373, "imu1/acl_y": -0.055066638183593745, "imu1/acl_z": 12.955025183105468, "imu1/gyr_x": -4.038167938931298, "imu1/gyr_y": 2.381679389312977, "imu1/gyr_z": -1.900763358778626, "imu2/acl_x": -0.1149216796875, "imu2/acl_y": 0.0143652099609375, "imu2/acl_z": 9.753977563476562, "imu2/gyr_x": 3.8702290076335877, "imu2/gyr_y": -1.3053435114503817, "imu2/gyr_z": -0.9923664122137404, "milliseconds": 68695}