{"cam/image_array": "666_cam-image_array_.jpg", "user/angle": 0.25758588396337495, "user/throttle": 1.0, "user/mode": "user", "imu1/acl_x": 0.11731588134765625, "imu1/acl_y": -0.0143652099609375, "imu1/acl_z": 12.921506359863281, "imu1/gyr_x": -3.946564885496183, "imu1/gyr_y": 2.2977099236641223, "imu1/gyr_z": -1.9618320610687023, "imu2/acl_x": -0.28490999755859375, "imu2/acl_y": 0.01915361328125, "imu2/acl_z": 9.801861596679688, "imu2/gyr_x": 3.66412213740458, "imu2/gyr_y": -1.2213740458015268, "imu2/gyr_z": -0.9618320610687023, "milliseconds": 68746}