{"cam/image_array": "325_cam-image_array_.jpg", "user/angle": 0.0, "user/throttle": 0.0, "user/mode": "user", "imu1/acl_x": 0.19393033447265623, "imu1/acl_y": -0.11252747802734374, "imu1/acl_z": 12.923900561523437, "imu1/gyr_x": -1.9694656488549618, "imu1/gyr_y": 2.3740458015267176, "imu1/gyr_z": -1.9083969465648856, "imu2/acl_x": -0.15562310791015624, "imu2/acl_y": 0.040701428222656245, "imu2/acl_z": 9.674968908691406, "imu2/gyr_x": 3.7938931297709924, "imu2/gyr_y": -1.183206106870229, "imu2/gyr_z": -0.9923664122137404, "milliseconds": 47399}