{"cam/image_array": "985_cam-image_array_.jpg", "user/angle": 0.0, "user/throttle": 0.0, "user/mode": "user", "imu1/acl_x": 0.10773907470703124, "imu1/acl_y": -0.08379705810546874, "imu1/acl_z": 12.86404552001953, "imu1/gyr_x": -4.083969465648855, "imu1/gyr_y": 2.4580152671755724, "imu1/gyr_z": -1.8778625954198473, "imu2/acl_x": -0.1197100830078125, "imu2/acl_y": 0.00239420166015625, "imu2/acl_z": 9.794678991699218, "imu2/gyr_x": 3.9389312977099236, "imu2/gyr_y": -1.213740458015267, "imu2/gyr_z": -1.0687022900763359, "milliseconds": 95874}