{"cam/image_array": "826_cam-image_array_.jpg", "user/angle": 0.0, "user/throttle": -1.0, "user/mode": "user", "imu1/acl_x": 0.13407529296874998, "imu1/acl_y": -0.0718260498046875, "imu1/acl_z": 13.13219610595703, "imu1/gyr_x": -4.0, "imu1/gyr_y": 2.435114503816794, "imu1/gyr_z": -1.8015267175572518, "imu2/acl_x": -0.2346317626953125, "imu2/acl_y": 0.0383072265625, "imu2/acl_z": 9.79946739501953, "imu2/gyr_x": 3.885496183206107, "imu2/gyr_y": -1.3511450381679388, "imu2/gyr_z": -1.083969465648855, "milliseconds": 79350}