{"cam/image_array": "722_cam-image_array_.jpg", "user/angle": 1.0, "user/throttle": 1.0, "user/mode": "user", "imu1/acl_x": 0.12210428466796874, "imu1/acl_y": -0.05746083984375, "imu1/acl_z": 12.981361401367186, "imu1/gyr_x": -2.015267175572519, "imu1/gyr_y": 2.3282442748091605, "imu1/gyr_z": -0.015267175572519083, "imu2/acl_x": -0.09576806640624999, "imu2/acl_y": 0.1388636962890625, "imu2/acl_z": 9.679757312011718, "imu2/gyr_x": 3.786259541984733, "imu2/gyr_y": -1.381679389312977, "imu2/gyr_z": -0.9389312977099237, "milliseconds": 72759}