{"cam/image_array": "772_cam-image_array_.jpg", "user/angle": 0.0, "user/throttle": -1.0, "user/mode": "user", "imu1/acl_x": 0.143652099609375, "imu1/acl_y": -0.11731588134765625, "imu1/acl_z": 12.931083166503905, "imu1/gyr_x": -3.8931297709923665, "imu1/gyr_y": 2.404580152671756, "imu1/gyr_z": -1.9694656488549618, "imu2/acl_x": -0.09816226806640624, "imu2/acl_y": 0.076614453125, "imu2/acl_z": 9.753977563476562, "imu2/gyr_x": 3.7709923664122136, "imu2/gyr_y": -1.1068702290076335, "imu2/gyr_z": -0.9923664122137404, "milliseconds": 76023}