{"cam/image_array": "634_cam-image_array_.jpg", "user/angle": 1.0, "user/throttle": 1.0, "user/mode": "user", "imu1/acl_x": 0.21068974609375, "imu1/acl_y": -0.07422025146484375, "imu1/acl_z": 13.005303417968749, "imu1/gyr_x": -4.030534351145038, "imu1/gyr_y": 2.351145038167939, "imu1/gyr_z": -1.900763358778626, "imu2/acl_x": -0.1005564697265625, "imu2/acl_y": 0.0047884033203125, "imu2/acl_z": 9.660603698730467, "imu2/gyr_x": 3.7251908396946565, "imu2/gyr_y": -1.2061068702290076, "imu2/gyr_z": -0.9694656488549618, "milliseconds": 66452}