{"cam/image_array": "950_cam-image_array_.jpg", "user/angle": 0.0, "user/throttle": -0.11428571428571457, "user/mode": "user", "imu1/acl_x": 0.10295067138671875, "imu1/acl_y": -0.1388636962890625, "imu1/acl_z": 12.914323754882812, "imu1/gyr_x": -1.9618320610687023, "imu1/gyr_y": 2.3740458015267176, "imu1/gyr_z": -1.9312977099236641, "imu2/acl_x": -0.18435352783203124, "imu2/acl_y": 0.01915361328125, "imu2/acl_z": 9.53131680908203, "imu2/gyr_x": 3.801526717557252, "imu2/gyr_y": -1.2061068702290076, "imu2/gyr_z": -0.8549618320610687, "milliseconds": 92933}