{"cam/image_array": "60_cam-image_array_.jpg", "user/angle": 0.0, "user/throttle": -1.0, "user/mode": "user", "imu1/acl_x": 0.15562310791015624, "imu1/acl_y": -0.086191259765625, "imu1/acl_z": 12.835315100097656, "imu1/gyr_x": -3.8625954198473282, "imu1/gyr_y": 2.2442748091603053, "imu1/gyr_z": -1.786259541984733, "imu2/acl_x": -0.13646949462890623, "imu2/acl_y": 0.062249243164062495, "imu2/acl_z": 9.64623848876953, "imu2/gyr_x": 3.8396946564885495, "imu2/gyr_y": -1.2748091603053435, "imu2/gyr_z": -1.015267175572519, "milliseconds": 29753}