{"cam/image_array": "532_cam-image_array_.jpg", "user/angle": 0.0, "user/throttle": -0.457142857142857, "user/mode": "user", "imu1/acl_x": 0.1484405029296875, "imu1/acl_y": -0.08858546142578125, "imu1/acl_z": 12.916717956542968, "imu1/gyr_x": -3.8244274809160306, "imu1/gyr_y": 2.33587786259542, "imu1/gyr_z": -1.8625954198473282, "imu2/acl_x": -0.15083470458984374, "imu2/acl_y": 0.0, "imu2/acl_z": 9.660603698730467, "imu2/gyr_x": 3.7480916030534353, "imu2/gyr_y": -1.1603053435114503, "imu2/gyr_z": -1.099236641221374, "milliseconds": 59517}