{"cam/image_array": "180_cam-image_array_.jpg", "user/angle": -1.0, "user/throttle": 0.6063390625908329, "user/mode": "user", "imu1/acl_x": 0.10773907470703124, "imu1/acl_y": -0.086191259765625, "imu1/acl_z": 12.943054174804686, "imu1/gyr_x": -3.8931297709923665, "imu1/gyr_y": 2.4885496183206106, "imu1/gyr_z": -2.030534351145038, "imu2/acl_x": -0.11731588134765625, "imu2/acl_y": 0.05027823486328125, "imu2/acl_z": 9.686939916992188, "imu2/gyr_x": 3.7022900763358777, "imu2/gyr_y": -1.3053435114503817, "imu2/gyr_z": -0.9083969465648855, "milliseconds": 37868}