{"cam/image_array": "135_cam-image_array_.jpg", "user/angle": 0.8428571428571432, "user/throttle": 1.0, "user/mode": "user", "imu1/acl_x": 0.105344873046875, "imu1/acl_y": -0.07422025146484375, "imu1/acl_z": 12.923900561523437, "imu1/gyr_x": -3.8091603053435112, "imu1/gyr_y": 2.2290076335877864, "imu1/gyr_z": -1.900763358778626, "imu2/acl_x": -0.1388636962890625, "imu2/acl_y": 0.016759411621093748, "imu2/acl_z": 9.794678991699218, "imu2/gyr_x": 3.763358778625954, "imu2/gyr_y": -1.1908396946564885, "imu2/gyr_z": -0.9389312977099237, "milliseconds": 34889}