{"cam/image_array": "822_cam-image_array_.jpg", "user/angle": 0.0, "user/throttle": -1.0, "user/mode": "user", "imu1/acl_x": 0.1484405029296875, "imu1/acl_y": -0.09816226806640624, "imu1/acl_z": 12.943054174804686, "imu1/gyr_x": -3.8625954198473282, "imu1/gyr_y": 2.3893129770992365, "imu1/gyr_z": -1.748091603053435, "imu2/acl_x": -0.11731588134765625, "imu2/acl_y": 0.11731588134765625, "imu2/acl_z": 9.804255798339844, "imu2/gyr_x": 2.1068702290076335, "imu2/gyr_y": -1.3282442748091603, "imu2/gyr_z": -0.8702290076335878, "milliseconds": 79153}