{"cam/image_array": "708_cam-image_array_.jpg", "user/angle": 0.0, "user/throttle": -0.15714285714285725, "user/mode": "user", "imu1/acl_x": 0.13646949462890623, "imu1/acl_y": -0.08379705810546874, "imu1/acl_z": 12.966996191406249, "imu1/gyr_x": -3.969465648854962, "imu1/gyr_y": 2.2595419847328246, "imu1/gyr_z": -1.7786259541984732, "imu2/acl_x": -0.1197100830078125, "imu2/acl_y": 0.0430956298828125, "imu2/acl_z": 9.634267480468749, "imu2/gyr_x": 3.763358778625954, "imu2/gyr_y": -1.1603053435114503, "imu2/gyr_z": -1.0076335877862594, "milliseconds": 72027}