{"cam/image_array": "683_cam-image_array_.jpg", "user/angle": 0.5359098009967032, "user/throttle": 1.0, "user/mode": "user", "imu1/acl_x": 0.0718260498046875, "imu1/acl_y": -0.105344873046875, "imu1/acl_z": 12.923900561523437, "imu1/gyr_x": -3.7938931297709924, "imu1/gyr_y": 2.2061068702290076, "imu1/gyr_z": -1.8473282442748091, "imu2/acl_x": -0.11252747802734374, "imu2/acl_y": 0.0383072265625, "imu2/acl_z": 9.622296472167967, "imu2/gyr_x": 3.9160305343511452, "imu2/gyr_y": -1.2671755725190839, "imu2/gyr_z": -1.0076335877862594, "milliseconds": 69654}