{"cam/image_array": "248_cam-image_array_.jpg", "user/angle": 0.3100868364730208, "user/throttle": 1.0, "user/mode": "user", "imu1/acl_x": 0.011971008300781249, "imu1/acl_y": -0.00239420166015625, "imu1/acl_z": 13.014880224609374, "imu1/gyr_x": -3.8702290076335877, "imu1/gyr_y": 2.4580152671755724, "imu1/gyr_z": -2.015267175572519, "imu2/acl_x": -0.1292868896484375, "imu2/acl_y": 0.086191259765625, "imu2/acl_z": 9.744400756835937, "imu2/gyr_x": 5.854961832061068, "imu2/gyr_y": -1.2748091603053435, "imu2/gyr_z": -1.083969465648855, "milliseconds": 42660}