{"cam/image_array": "815_cam-image_array_.jpg", "user/angle": -1.0, "user/throttle": 0.34285714285714336, "user/mode": "user", "imu1/acl_x": 0.1005564697265625, "imu1/acl_y": -0.0718260498046875, "imu1/acl_z": 12.897564343261719, "imu1/gyr_x": -3.946564885496183, "imu1/gyr_y": 2.2595419847328246, "imu1/gyr_z": -1.7709923664122138, "imu2/acl_x": -0.1005564697265625, "imu2/acl_y": 0.009576806640625, "imu2/acl_z": 9.586383447265625, "imu2/gyr_x": 3.7938931297709924, "imu2/gyr_y": -1.3053435114503817, "imu2/gyr_z": -1.0458015267175573, "milliseconds": 78784}