{"cam/image_array": "694_cam-image_array_.jpg", "user/angle": 0.0, "user/throttle": -0.8142857142857143, "user/mode": "user", "imu1/acl_x": 0.12210428466796874, "imu1/acl_y": -0.06464344482421874, "imu1/acl_z": 12.993332409667968, "imu1/gyr_x": -5.8396946564885495, "imu1/gyr_y": 2.2748091603053435, "imu1/gyr_z": -2.0916030534351147, "imu2/acl_x": -0.12689268798828124, "imu2/acl_y": -0.009576806640625, "imu2/acl_z": 9.674968908691406, "imu2/gyr_x": 3.786259541984733, "imu2/gyr_y": -1.2061068702290076, "imu2/gyr_z": -1.0763358778625953, "milliseconds": 70202}