{"cam/image_array": "806_cam-image_array_.jpg", "user/angle": 0.0, "user/throttle": -0.18571428571428567, "user/mode": "user", "imu1/acl_x": 0.12210428466796874, "imu1/acl_y": -0.0718260498046875, "imu1/acl_z": 12.842497705078124, "imu1/gyr_x": -3.8396946564885495, "imu1/gyr_y": 2.312977099236641, "imu1/gyr_z": -0.007633587786259542, "imu2/acl_x": -0.009576806640625, "imu2/acl_y": 0.031124621582031248, "imu2/acl_z": 9.643844287109374, "imu2/gyr_x": 3.6717557251908395, "imu2/gyr_y": -1.3206106870229009, "imu2/gyr_z": -1.1068702290076335, "milliseconds": 78322}