{"cam/image_array": "43_cam-image_array_.jpg", "user/angle": -0.2000000000000001, "user/throttle": 1.0, "user/mode": "user", "imu1/acl_x": 0.0909796630859375, "imu1/acl_y": -0.09337386474609374, "imu1/acl_z": 13.007697619628905, "imu1/gyr_x": -4.030534351145038, "imu1/gyr_y": 2.2442748091603053, "imu1/gyr_z": -2.045801526717557, "imu2/acl_x": -0.023942016601562498, "imu2/acl_y": -0.016759411621093748, "imu2/acl_z": 9.502586389160156, "imu2/gyr_x": 3.8625954198473282, "imu2/gyr_y": -1.282442748091603, "imu2/gyr_z": -0.8931297709923665, "milliseconds": 28364}