{"cam/image_array": "42_cam-image_array_.jpg", "user/angle": -0.2000000000000001, "user/throttle": 1.0, "user/mode": "user", "imu1/acl_x": 0.16041151123046873, "imu1/acl_y": -0.1484405029296875, "imu1/acl_z": 13.014880224609374, "imu1/gyr_x": -4.0, "imu1/gyr_y": 2.312977099236641, "imu1/gyr_z": -1.8625954198473282, "imu2/acl_x": -0.1292868896484375, "imu2/acl_y": 0.01915361328125, "imu2/acl_z": 9.718064538574218, "imu2/gyr_x": 3.7404580152671754, "imu2/gyr_y": -1.2748091603053435, "imu2/gyr_z": -1.0, "milliseconds": 28327}