{"cam/image_array": "598_cam-image_array_.jpg", "user/angle": 1.0, "user/throttle": 0.25925808360826846, "user/mode": "user", "imu1/acl_x": 0.0909796630859375, "imu1/acl_y": -0.1292868896484375, "imu1/acl_z": 12.938265771484375, "imu1/gyr_x": -3.9236641221374047, "imu1/gyr_y": 2.2213740458015265, "imu1/gyr_z": -3.8702290076335877, "imu2/acl_x": -0.11013327636718749, "imu2/acl_y": -0.11731588134765625, "imu2/acl_z": 9.595960253906249, "imu2/gyr_x": 1.9770992366412214, "imu2/gyr_y": -1.3358778625954197, "imu2/gyr_z": -0.9618320610687023, "milliseconds": 64601}