{"cam/image_array": "400_cam-image_array_.jpg", "user/angle": 0.0, "user/throttle": -0.6868028197434479, "user/mode": "user", "imu1/acl_x": 0.09816226806640624, "imu1/acl_y": -0.105344873046875, "imu1/acl_z": 12.974178796386719, "imu1/gyr_x": -4.0, "imu1/gyr_y": 2.4656488549618323, "imu1/gyr_z": -1.816793893129771, "imu2/acl_x": -0.14125789794921875, "imu2/acl_y": 0.0143652099609375, "imu2/acl_z": 9.624690673828125, "imu2/gyr_x": 3.877862595419847, "imu2/gyr_y": -1.282442748091603, "imu2/gyr_z": -0.9389312977099237, "milliseconds": 52210}