{"cam/image_array": "341_cam-image_array_.jpg", "user/angle": -1.0, "user/throttle": 1.0, "user/mode": "user", "imu1/acl_x": 0.13646949462890623, "imu1/acl_y": -0.10295067138671875, "imu1/acl_z": 12.847286108398437, "imu1/gyr_x": -3.83206106870229, "imu1/gyr_y": 2.3282442748091605, "imu1/gyr_z": -0.015267175572519083, "imu2/acl_x": -0.09337386474609374, "imu2/acl_y": 0.016759411621093748, "imu2/acl_z": 9.696516723632811, "imu2/gyr_x": 3.732824427480916, "imu2/gyr_y": -1.2671755725190839, "imu2/gyr_z": -0.9541984732824428, "milliseconds": 48225}