{"cam/image_array": "185_cam-image_array_.jpg", "user/angle": 0.0, "user/throttle": -1.0, "user/mode": "user", "imu1/acl_x": 0.16280571289062498, "imu1/acl_y": -0.08140285644531249, "imu1/acl_z": 12.919112158203124, "imu1/gyr_x": -1.9923664122137406, "imu1/gyr_y": 2.213740458015267, "imu1/gyr_z": -1.9618320610687023, "imu2/acl_x": -0.1197100830078125, "imu2/acl_y": 0.0430956298828125, "imu2/acl_z": 9.507374792480467, "imu2/gyr_x": 3.854961832061069, "imu2/gyr_y": -1.2061068702290076, "imu2/gyr_z": -0.9923664122137404, "milliseconds": 38139}