{"cam/image_array": "928_cam-image_array_.jpg", "user/angle": 1.0, "user/throttle": 1.0, "user/mode": "user", "imu1/acl_x": 0.0047884033203125, "imu1/acl_y": -0.10773907470703124, "imu1/acl_z": 12.921506359863281, "imu1/gyr_x": -4.0534351145038165, "imu1/gyr_y": 2.2519083969465647, "imu1/gyr_z": -2.0763358778625953, "imu2/acl_x": -0.11013327636718749, "imu2/acl_y": 0.13407529296874998, "imu2/acl_z": 9.665392102050781, "imu2/gyr_x": 3.83206106870229, "imu2/gyr_y": -1.213740458015267, "imu2/gyr_z": -1.0610687022900764, "milliseconds": 87002}