{"cam/image_array": "794_cam-image_array_.jpg", "user/angle": 0.0, "user/throttle": 3.061616997868383e-16, "user/mode": "user", "imu1/acl_x": 0.14125789794921875, "imu1/acl_y": -0.10295067138671875, "imu1/acl_z": 12.878410729980468, "imu1/gyr_x": -4.076335877862595, "imu1/gyr_y": 2.4656488549618323, "imu1/gyr_z": -0.007633587786259542, "imu2/acl_x": -0.13168109130859373, "imu2/acl_y": 0.1292868896484375, "imu2/acl_z": 9.641450085449218, "imu2/gyr_x": 1.9923664122137406, "imu2/gyr_y": -1.2366412213740459, "imu2/gyr_z": -0.9923664122137404, "milliseconds": 77719}