{"cam/image_array": "503_cam-image_array_.jpg", "user/angle": 0.0, "user/throttle": -0.8000000000000002, "user/mode": "user", "imu1/acl_x": 0.13168109130859373, "imu1/acl_y": -0.1149216796875, "imu1/acl_z": 12.983755603027342, "imu1/gyr_x": -1.9770992366412214, "imu1/gyr_y": 2.3893129770992365, "imu1/gyr_z": -0.015267175572519083, "imu2/acl_x": -0.19632453613281248, "imu2/acl_y": 0.0383072265625, "imu2/acl_z": 9.706093530273437, "imu2/gyr_x": 3.732824427480916, "imu2/gyr_y": -1.4122137404580153, "imu2/gyr_z": -0.8015267175572519, "milliseconds": 58046}