{"cam/image_array": "210_cam-image_array_.jpg", "user/angle": 1.0, "user/throttle": 0.6428571428571423, "user/mode": "user", "imu1/acl_x": 0.05746083984375, "imu1/acl_y": -0.06703764648437499, "imu1/acl_z": 12.9095353515625, "imu1/gyr_x": -4.00763358778626, "imu1/gyr_y": 2.2061068702290076, "imu1/gyr_z": -2.0763358778625953, "imu2/acl_x": -0.07422025146484375, "imu2/acl_y": 0.02633621826171875, "imu2/acl_z": 9.639055883789062, "imu2/gyr_x": 3.7786259541984735, "imu2/gyr_y": -1.3358778625954197, "imu2/gyr_z": -1.1221374045801527, "milliseconds": 39452}