{"cam/image_array": "393_cam-image_array_.jpg", "user/angle": 0.0, "user/throttle": 0.0, "user/mode": "user", "imu1/acl_x": 0.181959326171875, "imu1/acl_y": -0.12449848632812499, "imu1/acl_z": 12.89038173828125, "imu1/gyr_x": -3.8625954198473282, "imu1/gyr_y": 2.366412213740458, "imu1/gyr_z": -0.05343511450381679, "imu2/acl_x": -0.201112939453125, "imu2/acl_y": 0.047884033203124995, "imu2/acl_z": 9.72285294189453, "imu2/gyr_x": 3.717557251908397, "imu2/gyr_y": -1.3511450381679388, "imu2/gyr_z": -0.8549618320610687, "milliseconds": 51860}