{"cam/image_array": "358_cam-image_array_.jpg", "user/angle": 1.0, "user/throttle": 1.0, "user/mode": "user", "imu1/acl_x": 0.12210428466796874, "imu1/acl_y": -0.07900865478515624, "imu1/acl_z": 12.933477368164061, "imu1/gyr_x": -5.8320610687022905, "imu1/gyr_y": 2.3893129770992365, "imu1/gyr_z": -2.099236641221374, "imu2/acl_x": -0.2705447875976562, "imu2/acl_y": 0.1292868896484375, "imu2/acl_z": 9.648632690429688, "imu2/gyr_x": 3.8473282442748094, "imu2/gyr_y": -1.1984732824427482, "imu2/gyr_z": -0.9541984732824428, "milliseconds": 49095}