{"cam/image_array": "2_cam-image_array_.jpg", "user/angle": 0.0, "user/throttle": 0.0, "user/mode": "user", "imu1/acl_x": 0.11731588134765625, "imu1/acl_y": -0.0383072265625, "imu1/acl_z": 12.983755603027342, "imu1/gyr_x": -3.786259541984733, "imu1/gyr_y": 2.3893129770992365, "imu1/gyr_z": -1.8244274809160306, "imu2/acl_x": -0.14604630126953125, "imu2/acl_y": 0.02154781494140625, "imu2/acl_z": 9.627084875488281, "imu2/gyr_x": 3.6946564885496183, "imu2/gyr_y": -1.3435114503816794, "imu2/gyr_z": -1.0458015267175573, "milliseconds": 26253}