{"cam/image_array": "232_cam-image_array_.jpg", "user/angle": -1.0, "user/throttle": 1.0, "user/mode": "user", "imu1/acl_x": 0.09576806640624999, "imu1/acl_y": -0.10773907470703124, "imu1/acl_z": 12.935871569824219, "imu1/gyr_x": -4.0, "imu1/gyr_y": 2.450381679389313, "imu1/gyr_z": -3.816793893129771, "imu2/acl_x": -0.105344873046875, "imu2/acl_y": 0.00718260498046875, "imu2/acl_z": 9.718064538574218, "imu2/gyr_x": 3.7480916030534353, "imu2/gyr_y": -1.3053435114503817, "imu2/gyr_z": -0.9923664122137404, "milliseconds": 41824}