{"cam/image_array": "470_cam-image_array_.jpg", "user/angle": 0.0, "user/throttle": -0.8857142857142862, "user/mode": "user", "imu1/acl_x": 0.12210428466796874, "imu1/acl_y": -0.0430956298828125, "imu1/acl_z": 12.966996191406249, "imu1/gyr_x": -1.984732824427481, "imu1/gyr_y": 2.366412213740458, "imu1/gyr_z": -1.9236641221374047, "imu2/acl_x": -0.09816226806640624, "imu2/acl_y": 0.01915361328125, "imu2/acl_z": 9.725247143554688, "imu2/gyr_x": 3.732824427480916, "imu2/gyr_y": -1.1908396946564885, "imu2/gyr_z": -1.0687022900763359, "milliseconds": 56331}