{"cam/image_array": "801_cam-image_array_.jpg", "user/angle": 0.0, "user/throttle": -0.20165292067048762, "user/mode": "user", "imu1/acl_x": 0.1005564697265625, "imu1/acl_y": -0.12689268798828124, "imu1/acl_z": 12.964601989746093, "imu1/gyr_x": -3.984732824427481, "imu1/gyr_y": 2.3435114503816794, "imu1/gyr_z": -1.748091603053435, "imu2/acl_x": -0.10773907470703124, "imu2/acl_y": -0.011971008300781249, "imu2/acl_z": 9.698910925292969, "imu2/gyr_x": 3.7938931297709924, "imu2/gyr_y": -1.4122137404580153, "imu2/gyr_z": -1.015267175572519, "milliseconds": 78056}