{"cam/image_array": "377_cam-image_array_.jpg", "user/angle": 0.0, "user/throttle": -1.0, "user/mode": "user", "imu1/acl_x": 0.14604630126953125, "imu1/acl_y": -0.1149216796875, "imu1/acl_z": 12.849680310058593, "imu1/gyr_x": -3.7480916030534353, "imu1/gyr_y": 2.282442748091603, "imu1/gyr_z": -1.8778625954198473, "imu2/acl_x": -0.09337386474609374, "imu2/acl_y": -0.009576806640625, "imu2/acl_z": 9.555258825683593, "imu2/gyr_x": 3.7938931297709924, "imu2/gyr_y": -1.2290076335877862, "imu2/gyr_z": -0.9847328244274809, "milliseconds": 50062}