{"cam/image_array": "930_cam-image_array_.jpg", "user/angle": 0.0, "user/throttle": -1.0, "user/mode": "user", "imu1/acl_x": 0.1771709228515625, "imu1/acl_y": -0.07900865478515624, "imu1/acl_z": 12.969390393066405, "imu1/gyr_x": -3.954198473282443, "imu1/gyr_y": 2.50381679389313, "imu1/gyr_z": -2.0076335877862594, "imu2/acl_x": -0.07900865478515624, "imu2/acl_y": -0.009576806640625, "imu2/acl_z": 9.593566052246093, "imu2/gyr_x": 3.7404580152671754, "imu2/gyr_y": -1.183206106870229, "imu2/gyr_z": -0.916030534351145, "milliseconds": 87105}