{"cam/image_array": "757_cam-image_array_.jpg", "user/angle": 1.0, "user/throttle": 1.0, "user/mode": "user", "imu1/acl_x": 0.14125789794921875, "imu1/acl_y": -0.086191259765625, "imu1/acl_z": 12.990938208007812, "imu1/gyr_x": -4.038167938931298, "imu1/gyr_y": 2.3893129770992365, "imu1/gyr_z": -1.8625954198473282, "imu2/acl_x": -0.12210428466796874, "imu2/acl_y": -0.00239420166015625, "imu2/acl_z": 9.706093530273437, "imu2/gyr_x": 3.7786259541984735, "imu2/gyr_y": -1.2748091603053435, "imu2/gyr_z": -1.1221374045801527, "milliseconds": 75260}