{"cam/image_array": "741_cam-image_array_.jpg", "user/angle": 0.0, "user/throttle": -0.02857142857142857, "user/mode": "user", "imu1/acl_x": 0.11013327636718749, "imu1/acl_y": -0.10295067138671875, "imu1/acl_z": 12.935871569824219, "imu1/gyr_x": -1.9770992366412214, "imu1/gyr_y": 2.3969465648854964, "imu1/gyr_z": -2.0839694656488548, "imu2/acl_x": -0.1388636962890625, "imu2/acl_y": 0.028730419921875, "imu2/acl_z": 9.641450085449218, "imu2/gyr_x": 3.9618320610687023, "imu2/gyr_y": -1.2748091603053435, "imu2/gyr_z": -1.0076335877862594, "milliseconds": 74424}