{"cam/image_array": "916_cam-image_array_.jpg", "user/angle": -1.0, "user/throttle": 1.0, "user/mode": "user", "imu1/acl_x": 0.3016694091796875, "imu1/acl_y": -0.05746083984375, "imu1/acl_z": 12.976572998046874, "imu1/gyr_x": -4.076335877862595, "imu1/gyr_y": 2.3282442748091605, "imu1/gyr_z": -1.8473282442748091, "imu2/acl_x": -0.19153613281249998, "imu2/acl_y": 0.01915361328125, "imu2/acl_z": 9.564835632324218, "imu2/gyr_x": 3.816793893129771, "imu2/gyr_y": -1.297709923664122, "imu2/gyr_z": -0.916030534351145, "milliseconds": 85902}