{"cam/image_array": "502_cam-image_array_.jpg", "user/angle": 0.0, "user/throttle": 0.0, "user/mode": "user", "imu1/acl_x": 0.08379705810546874, "imu1/acl_y": -0.08858546142578125, "imu1/acl_z": 12.9095353515625, "imu1/gyr_x": -4.038167938931298, "imu1/gyr_y": 2.2213740458015265, "imu1/gyr_z": -1.83206106870229, "imu2/acl_x": -0.09576806640624999, "imu2/acl_y": 0.01915361328125, "imu2/acl_z": 9.581595043945311, "imu2/gyr_x": 3.7709923664122136, "imu2/gyr_y": -1.2061068702290076, "imu2/gyr_z": -1.083969465648855, "milliseconds": 57981}