{"cam/image_array": "609_cam-image_array_.jpg", "user/angle": 0.0, "user/throttle": -1.0, "user/mode": "user", "imu1/acl_x": 0.12210428466796874, "imu1/acl_y": -0.0718260498046875, "imu1/acl_z": 12.725181823730468, "imu1/gyr_x": -5.824427480916031, "imu1/gyr_y": 2.3740458015267176, "imu1/gyr_z": -1.9694656488549618, "imu2/acl_x": -0.13168109130859373, "imu2/acl_y": 0.0, "imu2/acl_z": 9.665392102050781, "imu2/gyr_x": 3.7099236641221376, "imu2/gyr_y": -1.251908396946565, "imu2/gyr_z": -1.1297709923664123, "milliseconds": 65155}