{"cam/image_array": "934_cam-image_array_.jpg", "user/angle": 0.0, "user/throttle": -1.0, "user/mode": "user", "imu1/acl_x": 0.1867477294921875, "imu1/acl_y": -0.0526724365234375, "imu1/acl_z": 12.883199133300781, "imu1/gyr_x": -3.8396946564885495, "imu1/gyr_y": 2.2977099236641223, "imu1/gyr_z": -2.030534351145038, "imu2/acl_x": -0.12449848632812499, "imu2/acl_y": 0.05985504150390625, "imu2/acl_z": 9.629479077148437, "imu2/gyr_x": 3.816793893129771, "imu2/gyr_y": -1.1755725190839694, "imu2/gyr_z": -0.916030534351145, "milliseconds": 87319}