{"cam/image_array": "615_cam-image_array_.jpg", "user/angle": 0.0, "user/throttle": -0.1386750490563091, "user/mode": "user", "imu1/acl_x": 0.00239420166015625, "imu1/acl_y": -0.05746083984375, "imu1/acl_z": 12.964601989746093, "imu1/gyr_x": -1.9770992366412214, "imu1/gyr_y": 2.282442748091603, "imu1/gyr_z": -1.6793893129770991, "imu2/acl_x": -0.09337386474609374, "imu2/acl_y": 0.0718260498046875, "imu2/acl_z": 9.6917283203125, "imu2/gyr_x": 3.8473282442748094, "imu2/gyr_y": -1.1908396946564885, "imu2/gyr_z": -1.0, "milliseconds": 65452}