{"cam/image_array": "618_cam-image_array_.jpg", "user/angle": 0.0, "user/throttle": -1.0, "user/mode": "user", "imu1/acl_x": 0.29448680419921874, "imu1/acl_y": -0.09337386474609374, "imu1/acl_z": 12.9095353515625, "imu1/gyr_x": -3.9618320610687023, "imu1/gyr_y": 2.427480916030534, "imu1/gyr_z": -1.9770992366412214, "imu2/acl_x": -0.28969840087890625, "imu2/acl_y": 0.0047884033203125, "imu2/acl_z": 9.53131680908203, "imu2/gyr_x": 3.7480916030534353, "imu2/gyr_y": -1.213740458015267, "imu2/gyr_z": -0.9923664122137404, "milliseconds": 65616}