{"cam/image_array": "707_cam-image_array_.jpg", "user/angle": 0.0, "user/throttle": -0.15714285714285725, "user/mode": "user", "imu1/acl_x": 0.143652099609375, "imu1/acl_y": -0.02154781494140625, "imu1/acl_z": 12.988544006347656, "imu1/gyr_x": -1.9694656488549618, "imu1/gyr_y": 2.3053435114503817, "imu1/gyr_z": -3.7786259541984735, "imu2/acl_x": -0.11731588134765625, "imu2/acl_y": 0.02633621826171875, "imu2/acl_z": 9.655815295410155, "imu2/gyr_x": 3.8473282442748094, "imu2/gyr_y": -1.4198473282442747, "imu2/gyr_z": -0.9923664122137404, "milliseconds": 71974}