{"cam/image_array": "374_cam-image_array_.jpg", "user/angle": 0.0, "user/throttle": -1.0, "user/mode": "user", "imu1/acl_x": 0.14125789794921875, "imu1/acl_y": -0.10295067138671875, "imu1/acl_z": 12.8329208984375, "imu1/gyr_x": -5.8396946564885495, "imu1/gyr_y": 2.3282442748091605, "imu1/gyr_z": -1.8473282442748091, "imu2/acl_x": -0.16998831787109375, "imu2/acl_y": 0.011971008300781249, "imu2/acl_z": 9.739612353515625, "imu2/gyr_x": 3.6717557251908395, "imu2/gyr_y": -1.2061068702290076, "imu2/gyr_z": -0.916030534351145, "milliseconds": 49926}