{"cam/image_array": "784_cam-image_array_.jpg", "user/angle": 1.0, "user/throttle": 0.6409216121964872, "user/mode": "user", "imu1/acl_x": 0.2537853759765625, "imu1/acl_y": -0.05746083984375, "imu1/acl_z": 12.887987536621093, "imu1/gyr_x": -3.9618320610687023, "imu1/gyr_y": 2.267175572519084, "imu1/gyr_z": -1.8625954198473282, "imu2/acl_x": -0.16041151123046873, "imu2/acl_y": -0.009576806640625, "imu2/acl_z": 9.631873278808593, "imu2/gyr_x": 3.8702290076335877, "imu2/gyr_y": -1.2442748091603053, "imu2/gyr_z": -1.0, "milliseconds": 76630}