{"cam/image_array": "413_cam-image_array_.jpg", "user/angle": 0.0, "user/throttle": -1.0, "user/mode": "user", "imu1/acl_x": 0.15083470458984374, "imu1/acl_y": -0.08379705810546874, "imu1/acl_z": 13.000515014648437, "imu1/gyr_x": -3.900763358778626, "imu1/gyr_y": 2.3053435114503817, "imu1/gyr_z": -1.900763358778626, "imu2/acl_x": -0.29927520751953124, "imu2/acl_y": -0.016759411621093748, "imu2/acl_z": 9.713276135253906, "imu2/gyr_x": 3.8396946564885495, "imu2/gyr_y": -1.183206106870229, "imu2/gyr_z": -1.0458015267175573, "milliseconds": 52887}