{"cam/image_array": "207_cam-image_array_.jpg", "user/angle": -1.0, "user/throttle": 1.0, "user/mode": "user", "imu1/acl_x": 0.10295067138671875, "imu1/acl_y": -0.05746083984375, "imu1/acl_z": 12.907141149902342, "imu1/gyr_x": -3.946564885496183, "imu1/gyr_y": 2.183206106870229, "imu1/gyr_z": -2.068702290076336, "imu2/acl_x": -0.00718260498046875, "imu2/acl_y": 0.1484405029296875, "imu2/acl_z": 9.662997900390625, "imu2/gyr_x": 3.8625954198473282, "imu2/gyr_y": -1.2366412213740459, "imu2/gyr_z": -1.0076335877862594, "milliseconds": 39282}