{"cam/image_array": "32_cam-image_array_.jpg", "user/angle": 0.0, "user/throttle": -0.946929948969658, "user/mode": "user", "imu1/acl_x": 0.2657563842773437, "imu1/acl_y": -0.07900865478515624, "imu1/acl_z": 12.969390393066405, "imu1/gyr_x": -3.9618320610687023, "imu1/gyr_y": 2.450381679389313, "imu1/gyr_z": -1.702290076335878, "imu2/acl_x": -0.06943184814453125, "imu2/acl_y": 0.10773907470703124, "imu2/acl_z": 9.562441430664062, "imu2/gyr_x": 3.763358778625954, "imu2/gyr_y": -1.2213740458015268, "imu2/gyr_z": -1.0229007633587786, "milliseconds": 27802}