{"cam/image_array": "818_cam-image_array_.jpg", "user/angle": 0.0, "user/throttle": -1.0, "user/mode": "user", "imu1/acl_x": 0.2920926025390625, "imu1/acl_y": -0.06943184814453125, "imu1/acl_z": 12.928688964843749, "imu1/gyr_x": -3.9389312977099236, "imu1/gyr_y": 2.3206106870229006, "imu1/gyr_z": -2.045801526717557, "imu2/acl_x": -0.14125789794921875, "imu2/acl_y": 0.0383072265625, "imu2/acl_z": 9.612719665527344, "imu2/gyr_x": 3.9618320610687023, "imu2/gyr_y": -1.4122137404580153, "imu2/gyr_z": -0.9694656488549618, "milliseconds": 78944}