{"cam/image_array": "91_cam-image_array_.jpg", "user/angle": 0.0, "user/throttle": -0.757142857142857, "user/mode": "user", "imu1/acl_x": 0.11731588134765625, "imu1/acl_y": -0.06464344482421874, "imu1/acl_z": 13.005303417968749, "imu1/gyr_x": -3.7404580152671754, "imu1/gyr_y": 2.3282442748091605, "imu1/gyr_z": -2.068702290076336, "imu2/acl_x": -0.06464344482421874, "imu2/acl_y": -0.0143652099609375, "imu2/acl_z": 9.677363110351562, "imu2/gyr_x": 3.8244274809160306, "imu2/gyr_y": -1.2366412213740459, "imu2/gyr_z": -0.9389312977099237, "milliseconds": 31771}