{"cam/image_array": "229_cam-image_array_.jpg", "user/angle": 0.0, "user/throttle": -1.0, "user/mode": "user", "imu1/acl_x": 0.15322890625, "imu1/acl_y": -0.13168109130859373, "imu1/acl_z": 12.792219470214842, "imu1/gyr_x": -1.9694656488549618, "imu1/gyr_y": 2.3206106870229006, "imu1/gyr_z": -2.0763358778625953, "imu2/acl_x": -0.12689268798828124, "imu2/acl_y": -0.12449848632812499, "imu2/acl_z": 9.674968908691406, "imu2/gyr_x": 3.9236641221374047, "imu2/gyr_y": -1.2748091603053435, "imu2/gyr_z": -0.9465648854961832, "milliseconds": 41681}