{"cam/image_array": "471_cam-image_array_.jpg", "user/angle": 0.0, "user/throttle": -0.8857142857142862, "user/mode": "user", "imu1/acl_x": 0.11731588134765625, "imu1/acl_y": -0.0909796630859375, "imu1/acl_z": 12.849680310058593, "imu1/gyr_x": -5.847328244274809, "imu1/gyr_y": 2.2748091603053435, "imu1/gyr_z": -1.8396946564885497, "imu2/acl_x": -0.1149216796875, "imu2/acl_y": 0.02154781494140625, "imu2/acl_z": 9.698910925292969, "imu2/gyr_x": 3.9236641221374047, "imu2/gyr_y": -1.2900763358778626, "imu2/gyr_z": -1.015267175572519, "milliseconds": 56405}