{"cam/image_array": "571_cam-image_array_.jpg", "user/angle": 0.7428571428571429, "user/throttle": 0.3999999999999999, "user/mode": "user", "imu1/acl_x": 0.15562310791015624, "imu1/acl_y": -0.07900865478515624, "imu1/acl_z": 13.053187451171874, "imu1/gyr_x": -5.793893129770993, "imu1/gyr_y": 2.5343511450381677, "imu1/gyr_z": -1.9389312977099236, "imu2/acl_x": -0.1484405029296875, "imu2/acl_y": -0.15083470458984374, "imu2/acl_z": 9.595960253906249, "imu2/gyr_x": 1.984732824427481, "imu2/gyr_y": -1.213740458015267, "imu2/gyr_z": -1.0381679389312977, "milliseconds": 62614}