{"cam/image_array": "119_cam-image_array_.jpg", "user/angle": 0.0, "user/throttle": 0.0, "user/mode": "user", "imu1/acl_x": 0.1484405029296875, "imu1/acl_y": -0.086191259765625, "imu1/acl_z": 12.835315100097656, "imu1/gyr_x": -3.9923664122137406, "imu1/gyr_y": 2.4198473282442747, "imu1/gyr_z": -1.8091603053435115, "imu2/acl_x": -0.12210428466796874, "imu2/acl_y": 0.028730419921875, "imu2/acl_z": 9.550470422363281, "imu2/gyr_x": 3.618320610687023, "imu2/gyr_y": -1.0610687022900764, "imu2/gyr_z": -1.0381679389312977, "milliseconds": 34072}