{"cam/image_array": "775_cam-image_array_.jpg", "user/angle": 1.0, "user/throttle": 1.0, "user/mode": "user", "imu1/acl_x": 0.011971008300781249, "imu1/acl_y": -0.12449848632812499, "imu1/acl_z": 12.8329208984375, "imu1/gyr_x": -3.877862595419847, "imu1/gyr_y": 2.183206106870229, "imu1/gyr_z": -0.183206106870229, "imu2/acl_x": -0.07900865478515624, "imu2/acl_y": -0.009576806640625, "imu2/acl_z": 9.634267480468749, "imu2/gyr_x": 3.8625954198473282, "imu2/gyr_y": -1.2671755725190839, "imu2/gyr_z": -1.0458015267175573, "milliseconds": 76176}