{"cam/image_array": "659_cam-image_array_.jpg", "user/angle": -0.07142857142857141, "user/throttle": 0.1, "user/mode": "user", "imu1/acl_x": 0.19393033447265623, "imu1/acl_y": -0.13168109130859373, "imu1/acl_z": 12.926294763183593, "imu1/gyr_x": -3.877862595419847, "imu1/gyr_y": 2.435114503816794, "imu1/gyr_z": -1.9389312977099236, "imu2/acl_x": -0.0718260498046875, "imu2/acl_y": 0.033518823242187495, "imu2/acl_z": 9.677363110351562, "imu2/gyr_x": 3.7404580152671754, "imu2/gyr_y": -1.2900763358778626, "imu2/gyr_z": -1.0, "milliseconds": 68400}