{"cam/image_array": "712_cam-image_array_.jpg", "user/angle": 1.0, "user/throttle": 0.25714285714285695, "user/mode": "user", "imu1/acl_x": 0.1005564697265625, "imu1/acl_y": -0.13407529296874998, "imu1/acl_z": 12.923900561523437, "imu1/gyr_x": -4.030534351145038, "imu1/gyr_y": 2.4122137404580153, "imu1/gyr_z": -1.8396946564885497, "imu2/acl_x": -0.1292868896484375, "imu2/acl_y": 0.12449848632812499, "imu2/acl_z": 9.586383447265625, "imu2/gyr_x": 3.7938931297709924, "imu2/gyr_y": -1.3587786259541985, "imu2/gyr_z": -0.9465648854961832, "milliseconds": 72243}