{"cam/image_array": "649_cam-image_array_.jpg", "user/angle": 0.0, "user/throttle": 0.0, "user/mode": "user", "imu1/acl_x": 0.2753331909179687, "imu1/acl_y": -0.02633621826171875, "imu1/acl_z": 12.97896719970703, "imu1/gyr_x": -3.8702290076335877, "imu1/gyr_y": 2.3893129770992365, "imu1/gyr_z": -2.0610687022900764, "imu2/acl_x": -0.016759411621093748, "imu2/acl_y": 0.14125789794921875, "imu2/acl_z": 9.665392102050781, "imu2/gyr_x": 5.854961832061068, "imu2/gyr_y": -1.366412213740458, "imu2/gyr_z": -1.0305343511450382, "milliseconds": 67894}