{"cam/image_array": "536_cam-image_array_.jpg", "user/angle": 0.0, "user/throttle": 0.0, "user/mode": "user", "imu1/acl_x": 0.105344873046875, "imu1/acl_y": -0.11731588134765625, "imu1/acl_z": 12.935871569824219, "imu1/gyr_x": -4.091603053435114, "imu1/gyr_y": 2.2900763358778624, "imu1/gyr_z": -2.0381679389312977, "imu2/acl_x": -0.07422025146484375, "imu2/acl_y": -0.03591302490234375, "imu2/acl_z": 9.631873278808593, "imu2/gyr_x": 3.9770992366412212, "imu2/gyr_y": -1.3435114503816794, "imu2/gyr_z": -0.9770992366412213, "milliseconds": 59720}