{"cam/image_array": "390_cam-image_array_.jpg", "user/angle": 1.0, "user/throttle": 0.8543576577167606, "user/mode": "user", "imu1/acl_x": 0.13168109130859373, "imu1/acl_y": -0.011971008300781249, "imu1/acl_z": 12.97178459472656, "imu1/gyr_x": -5.862595419847328, "imu1/gyr_y": 2.366412213740458, "imu1/gyr_z": -0.05343511450381679, "imu2/acl_x": -0.1005564697265625, "imu2/acl_y": 0.028730419921875, "imu2/acl_z": 9.627084875488281, "imu2/gyr_x": 3.946564885496183, "imu2/gyr_y": -1.282442748091603, "imu2/gyr_z": -1.183206106870229, "milliseconds": 51685}