{"cam/image_array": "699_cam-image_array_.jpg", "user/angle": 0.0, "user/throttle": -0.024037350370062254, "user/mode": "user", "imu1/acl_x": 0.1005564697265625, "imu1/acl_y": -0.09816226806640624, "imu1/acl_z": 12.885593334960937, "imu1/gyr_x": -3.9389312977099236, "imu1/gyr_y": 2.2442748091603053, "imu1/gyr_z": -1.8549618320610688, "imu2/acl_x": -0.13407529296874998, "imu2/acl_y": 0.033518823242187495, "imu2/acl_z": 9.53131680908203, "imu2/gyr_x": 3.6717557251908395, "imu2/gyr_y": -1.2595419847328244, "imu2/gyr_z": -0.9389312977099237, "milliseconds": 71571}