{"cam/image_array": "963_cam-image_array_.jpg", "user/angle": 0.0, "user/throttle": 3.061616997868383e-16, "user/mode": "user", "imu1/acl_x": 0.14125789794921875, "imu1/acl_y": -0.13168109130859373, "imu1/acl_z": 12.90235274658203, "imu1/gyr_x": -3.83206106870229, "imu1/gyr_y": 2.404580152671756, "imu1/gyr_z": -1.7251908396946565, "imu2/acl_x": -0.1388636962890625, "imu2/acl_y": 0.0383072265625, "imu2/acl_z": 9.694122521972655, "imu2/gyr_x": 3.9618320610687023, "imu2/gyr_y": -1.0305343511450382, "imu2/gyr_z": -1.0229007633587786, "milliseconds": 94073}