{"cam/image_array": "242_cam-image_array_.jpg", "user/angle": 0.6000000000000002, "user/throttle": 1.0, "user/mode": "user", "imu1/acl_x": 0.062249243164062495, "imu1/acl_y": -0.06943184814453125, "imu1/acl_z": 12.919112158203124, "imu1/gyr_x": -3.877862595419847, "imu1/gyr_y": 2.312977099236641, "imu1/gyr_z": -1.9389312977099236, "imu2/acl_x": -0.023942016601562498, "imu2/acl_y": 0.076614453125, "imu2/acl_z": 9.765948571777344, "imu2/gyr_x": 5.8396946564885495, "imu2/gyr_y": -1.2595419847328244, "imu2/gyr_z": -0.8931297709923665, "milliseconds": 42343}