{"cam/image_array": "671_cam-image_array_.jpg", "user/angle": 0.0, "user/throttle": -1.0, "user/mode": "user", "imu1/acl_x": 0.13168109130859373, "imu1/acl_y": -0.13168109130859373, "imu1/acl_z": 12.945448376464842, "imu1/gyr_x": -3.854961832061069, "imu1/gyr_y": 2.2748091603053435, "imu1/gyr_z": -1.9083969465648856, "imu2/acl_x": -0.2154781494140625, "imu2/acl_y": 0.0, "imu2/acl_z": 9.708487731933593, "imu2/gyr_x": 3.8473282442748094, "imu2/gyr_y": -1.3893129770992367, "imu2/gyr_z": -0.9083969465648855, "milliseconds": 69015}