{"cam/image_array": "82_cam-image_array_.jpg", "user/angle": -1.0, "user/throttle": 0.23363012920317966, "user/mode": "user", "imu1/acl_x": 0.30406361083984373, "imu1/acl_y": -0.02154781494140625, "imu1/acl_z": 12.9095353515625, "imu1/gyr_x": -3.9389312977099236, "imu1/gyr_y": 2.4580152671755724, "imu1/gyr_z": -1.8015267175572518, "imu2/acl_x": -0.08379705810546874, "imu2/acl_y": -0.0143652099609375, "imu2/acl_z": 9.706093530273437, "imu2/gyr_x": 3.8396946564885495, "imu2/gyr_y": -1.3358778625954197, "imu2/gyr_z": -0.8549618320610687, "milliseconds": 31313}