{"cam/image_array": "667_cam-image_array_.jpg", "user/angle": 0.25758588396337495, "user/throttle": 1.0, "user/mode": "user", "imu1/acl_x": 0.19632453613281248, "imu1/acl_y": -0.076614453125, "imu1/acl_z": 12.962207788085937, "imu1/gyr_x": -5.770992366412214, "imu1/gyr_y": 2.1755725190839694, "imu1/gyr_z": -1.8091603053435115, "imu2/acl_x": -0.08858546142578125, "imu2/acl_y": 0.02633621826171875, "imu2/acl_z": 9.555258825683593, "imu2/gyr_x": 3.786259541984733, "imu2/gyr_y": -1.450381679389313, "imu2/gyr_z": -1.0381679389312977, "milliseconds": 68797}