{"cam/image_array": "690_cam-image_array_.jpg", "user/angle": 0.0, "user/throttle": -0.6571428571428574, "user/mode": "user", "imu1/acl_x": 0.28969840087890625, "imu1/acl_y": -0.1197100830078125, "imu1/acl_z": 12.746729638671875, "imu1/gyr_x": -4.076335877862595, "imu1/gyr_y": 2.183206106870229, "imu1/gyr_z": -2.1068702290076335, "imu2/acl_x": -0.2920926025390625, "imu2/acl_y": 0.07900865478515624, "imu2/acl_z": 9.576806640625, "imu2/gyr_x": 3.786259541984733, "imu2/gyr_y": -1.366412213740458, "imu2/gyr_z": -1.0, "milliseconds": 69997}