{"cam/image_array": "522_cam-image_array_.jpg", "user/angle": 0.008389214510659241, "user/throttle": 1.0, "user/mode": "user", "imu1/acl_x": 0.01915361328125, "imu1/acl_y": -0.1197100830078125, "imu1/acl_z": 12.923900561523437, "imu1/gyr_x": -3.786259541984733, "imu1/gyr_y": 2.2061068702290076, "imu1/gyr_z": -1.984732824427481, "imu2/acl_x": -0.12210428466796874, "imu2/acl_y": 0.1484405029296875, "imu2/acl_z": 9.643844287109374, "imu2/gyr_x": 5.854961832061068, "imu2/gyr_y": -1.2366412213740459, "imu2/gyr_z": -1.0076335877862594, "milliseconds": 59016}