{"cam/image_array": "951_cam-image_array_.jpg", "user/angle": 0.0, "user/throttle": 0.0, "user/mode": "user", "imu1/acl_x": 0.1580173095703125, "imu1/acl_y": -0.07900865478515624, "imu1/acl_z": 12.97896719970703, "imu1/gyr_x": -3.786259541984733, "imu1/gyr_y": 2.4122137404580153, "imu1/gyr_z": -1.9770992366412214, "imu2/acl_x": -0.09816226806640624, "imu2/acl_y": 0.1484405029296875, "imu2/acl_z": 9.619902270507811, "imu2/gyr_x": 3.5877862595419847, "imu2/gyr_y": -1.3587786259541985, "imu2/gyr_z": -1.099236641221374, "milliseconds": 92984}