{"cam/image_array": "799_cam-image_array_.jpg", "user/angle": 0.0, "user/throttle": -0.19505575056621266, "user/mode": "user", "imu1/acl_x": 0.12210428466796874, "imu1/acl_y": -0.06943184814453125, "imu1/acl_z": 12.895170141601561, "imu1/gyr_x": -3.9923664122137406, "imu1/gyr_y": 2.2519083969465647, "imu1/gyr_z": -0.03816793893129771, "imu2/acl_x": -0.105344873046875, "imu2/acl_y": 0.02154781494140625, "imu2/acl_z": 9.801861596679688, "imu2/gyr_x": 3.6946564885496183, "imu2/gyr_y": -1.1984732824427482, "imu2/gyr_z": -0.9923664122137404, "milliseconds": 77954}