{"cam/image_array": "360_cam-image_array_.jpg", "user/angle": 1.0, "user/throttle": 0.9395105842262649, "user/mode": "user", "imu1/acl_x": 0.28490999755859375, "imu1/acl_y": -0.12210428466796874, "imu1/acl_z": 12.732364428710937, "imu1/gyr_x": -5.824427480916031, "imu1/gyr_y": 2.3435114503816794, "imu1/gyr_z": -1.7786259541984732, "imu2/acl_x": -0.11252747802734374, "imu2/acl_y": -0.15322890625, "imu2/acl_z": 9.5384994140625, "imu2/gyr_x": 3.83206106870229, "imu2/gyr_y": -1.3053435114503817, "imu2/gyr_z": -0.9847328244274809, "milliseconds": 49200}