{"cam/image_array": "321_cam-image_array_.jpg", "user/angle": 0.0, "user/throttle": -1.0, "user/mode": "user", "imu1/acl_x": 0.08379705810546874, "imu1/acl_y": -0.1292868896484375, "imu1/acl_z": 12.933477368164061, "imu1/gyr_x": -3.9160305343511452, "imu1/gyr_y": 2.2290076335877864, "imu1/gyr_z": -1.816793893129771, "imu2/acl_x": -0.16280571289062498, "imu2/acl_y": 0.0047884033203125, "imu2/acl_z": 9.641450085449218, "imu2/gyr_x": 1.9541984732824427, "imu2/gyr_y": -1.381679389312977, "imu2/gyr_z": -1.0305343511450382, "milliseconds": 47188}