{"cam/image_array": "204_cam-image_array_.jpg", "user/angle": 0.0, "user/throttle": 0.0, "user/mode": "user", "imu1/acl_x": 0.16041151123046873, "imu1/acl_y": -0.08858546142578125, "imu1/acl_z": 12.988544006347656, "imu1/gyr_x": -4.015267175572519, "imu1/gyr_y": 2.3435114503816794, "imu1/gyr_z": -1.8854961832061068, "imu2/acl_x": -0.0430956298828125, "imu2/acl_y": -0.02154781494140625, "imu2/acl_z": 9.667786303710937, "imu2/gyr_x": 3.732824427480916, "imu2/gyr_y": -1.2442748091603053, "imu2/gyr_z": -1.015267175572519, "milliseconds": 39113}