{"cam/image_array": "697_cam-image_array_.jpg", "user/angle": 0.0, "user/throttle": 0.0, "user/mode": "user", "imu1/acl_x": 0.1292868896484375, "imu1/acl_y": -0.10295067138671875, "imu1/acl_z": 12.950236779785156, "imu1/gyr_x": -3.9389312977099236, "imu1/gyr_y": 2.1755725190839694, "imu1/gyr_z": -1.702290076335878, "imu2/acl_x": -0.10295067138671875, "imu2/acl_y": 0.023942016601562498, "imu2/acl_z": 9.727641345214844, "imu2/gyr_x": 3.763358778625954, "imu2/gyr_y": -1.4045801526717556, "imu2/gyr_z": -0.9007633587786259, "milliseconds": 71479}