{"cam/image_array": "431_cam-image_array_.jpg", "user/angle": 0.0, "user/throttle": -0.476862836234508, "user/mode": "user", "imu1/acl_x": 0.07422025146484375, "imu1/acl_y": -0.12449848632812499, "imu1/acl_z": 12.993332409667968, "imu1/gyr_x": -1.9618320610687023, "imu1/gyr_y": 2.4732824427480917, "imu1/gyr_z": -2.015267175572519, "imu2/acl_x": -0.14604630126953125, "imu2/acl_y": 0.033518823242187495, "imu2/acl_z": 9.715670336914062, "imu2/gyr_x": 3.816793893129771, "imu2/gyr_y": -1.1297709923664123, "imu2/gyr_z": -0.9694656488549618, "milliseconds": 54314}