{"cam/image_array": "409_cam-image_array_.jpg", "user/angle": 0.0, "user/throttle": -1.0, "user/mode": "user", "imu1/acl_x": 0.13646949462890623, "imu1/acl_y": -0.062249243164062495, "imu1/acl_z": 12.995726611328124, "imu1/gyr_x": -5.809160305343512, "imu1/gyr_y": 2.198473282442748, "imu1/gyr_z": -1.9236641221374047, "imu2/acl_x": -0.14125789794921875, "imu2/acl_y": 0.05027823486328125, "imu2/acl_z": 9.672574707031249, "imu2/gyr_x": 3.7557251908396947, "imu2/gyr_y": -1.1145038167938932, "imu2/gyr_z": -0.8702290076335878, "milliseconds": 52683}