{"cam/image_array": "713_cam-image_array_.jpg", "user/angle": 0.0, "user/throttle": -0.4428571428571416, "user/mode": "user", "imu1/acl_x": 0.09816226806640624, "imu1/acl_y": -0.06943184814453125, "imu1/acl_z": 12.94065997314453, "imu1/gyr_x": -3.885496183206107, "imu1/gyr_y": 2.351145038167939, "imu1/gyr_z": -1.8931297709923665, "imu2/acl_x": -0.06464344482421874, "imu2/acl_y": -0.011971008300781249, "imu2/acl_z": 9.631873278808593, "imu2/gyr_x": 3.763358778625954, "imu2/gyr_y": -1.1450381679389312, "imu2/gyr_z": -1.0687022900763359, "milliseconds": 72285}