{"cam/image_array": "206_cam-image_array_.jpg", "user/angle": -1.0, "user/throttle": 0.18180898274329582, "user/mode": "user", "imu1/acl_x": 0.12210428466796874, "imu1/acl_y": -0.0909796630859375, "imu1/acl_z": 12.911929553222656, "imu1/gyr_x": -1.9923664122137406, "imu1/gyr_y": 2.2213740458015265, "imu1/gyr_z": -3.786259541984733, "imu2/acl_x": -0.10773907470703124, "imu2/acl_y": 0.08858546142578125, "imu2/acl_z": 9.715670336914062, "imu2/gyr_x": 3.7709923664122136, "imu2/gyr_y": -1.16793893129771, "imu2/gyr_z": -1.0229007633587786, "milliseconds": 39219}