{"cam/image_array": "224_cam-image_array_.jpg", "user/angle": 0.0, "user/throttle": 0.0, "user/mode": "user", "imu1/acl_x": 0.086191259765625, "imu1/acl_y": -0.11252747802734374, "imu1/acl_z": 12.916717956542968, "imu1/gyr_x": -3.877862595419847, "imu1/gyr_y": 2.312977099236641, "imu1/gyr_z": -2.0916030534351147, "imu2/acl_x": -0.0909796630859375, "imu2/acl_y": 0.02633621826171875, "imu2/acl_z": 9.7683427734375, "imu2/gyr_x": 3.9389312977099236, "imu2/gyr_y": -1.3206106870229009, "imu2/gyr_z": -0.9465648854961832, "milliseconds": 41437}