{"cam/image_array": "567_cam-image_array_.jpg", "user/angle": 0.0, "user/throttle": 0.0, "user/mode": "user", "imu1/acl_x": 0.2561795776367187, "imu1/acl_y": -0.09576806640624999, "imu1/acl_z": 12.9095353515625, "imu1/gyr_x": -2.015267175572519, "imu1/gyr_y": 2.3435114503816794, "imu1/gyr_z": -1.8396946564885497, "imu2/acl_x": -0.13168109130859373, "imu2/acl_y": -0.011971008300781249, "imu2/acl_z": 9.794678991699218, "imu2/gyr_x": 3.816793893129771, "imu2/gyr_y": -1.4274809160305344, "imu2/gyr_z": -0.8396946564885496, "milliseconds": 61327}