{"cam/image_array": "883_cam-image_array_.jpg", "user/angle": 0.0, "user/throttle": -1.0, "user/mode": "user", "imu1/acl_x": 0.01915361328125, "imu1/acl_y": -0.13168109130859373, "imu1/acl_z": 13.019668627929686, "imu1/gyr_x": -3.9923664122137406, "imu1/gyr_y": 2.3282442748091605, "imu1/gyr_z": -0.007633587786259542, "imu2/acl_x": -0.1292868896484375, "imu2/acl_y": 0.00718260498046875, "imu2/acl_z": 9.708487731933593, "imu2/gyr_x": 3.6946564885496183, "imu2/gyr_y": -1.2290076335877862, "imu2/gyr_z": -1.0458015267175573, "milliseconds": 82887}