{"cam/image_array": "541_cam-image_array_.jpg", "user/angle": 0.0, "user/throttle": -0.3571428571428567, "user/mode": "user", "imu1/acl_x": 0.09337386474609374, "imu1/acl_y": -0.040701428222656245, "imu1/acl_z": 12.952630981445312, "imu1/gyr_x": -5.862595419847328, "imu1/gyr_y": 2.213740458015267, "imu1/gyr_z": -2.099236641221374, "imu2/acl_x": -0.24660277099609373, "imu2/acl_y": -0.15322890625, "imu2/acl_z": 9.662997900390625, "imu2/gyr_x": 3.6793893129770994, "imu2/gyr_y": -1.2366412213740459, "imu2/gyr_z": -1.0534351145038168, "milliseconds": 59982}