{"cam/image_array": "861_cam-image_array_.jpg", "user/angle": 0.0, "user/throttle": -0.3406588027785051, "user/mode": "user", "imu1/acl_x": 0.12689268798828124, "imu1/acl_y": -0.12449848632812499, "imu1/acl_z": 12.943054174804686, "imu1/gyr_x": -4.068702290076335, "imu1/gyr_y": 2.3282442748091605, "imu1/gyr_z": -2.030534351145038, "imu2/acl_x": -0.10295067138671875, "imu2/acl_y": 0.0526724365234375, "imu2/acl_z": 9.782707983398437, "imu2/gyr_x": 3.763358778625954, "imu2/gyr_y": -1.251908396946565, "imu2/gyr_z": -1.0458015267175573, "milliseconds": 81158}