{"cam/image_array": "612_cam-image_array_.jpg", "user/angle": -1.0, "user/throttle": 1.0, "user/mode": "user", "imu1/acl_x": 0.1292868896484375, "imu1/acl_y": -0.08379705810546874, "imu1/acl_z": 12.911929553222656, "imu1/gyr_x": -4.0458015267175576, "imu1/gyr_y": 2.450381679389313, "imu1/gyr_z": -0.06870229007633588, "imu2/acl_x": -0.2154781494140625, "imu2/acl_y": -0.047884033203124995, "imu2/acl_z": 9.648632690429688, "imu2/gyr_x": 3.7557251908396947, "imu2/gyr_y": -1.2366412213740459, "imu2/gyr_z": -0.9083969465648855, "milliseconds": 65300}