{"cam/image_array": "644_cam-image_array_.jpg", "user/angle": 0.0, "user/throttle": -1.0, "user/mode": "user", "imu1/acl_x": 0.13407529296874998, "imu1/acl_y": -0.1005564697265625, "imu1/acl_z": 12.914323754882812, "imu1/gyr_x": -3.9389312977099236, "imu1/gyr_y": 2.3893129770992365, "imu1/gyr_z": -1.8244274809160306, "imu2/acl_x": -0.1292868896484375, "imu2/acl_y": 0.0, "imu2/acl_z": 9.648632690429688, "imu2/gyr_x": 3.7709923664122136, "imu2/gyr_y": -1.3969465648854962, "imu2/gyr_z": -1.0076335877862594, "milliseconds": 66970}