{"cam/image_array": "703_cam-image_array_.jpg", "user/angle": 1.0, "user/throttle": 0.08571428571428515, "user/mode": "user", "imu1/acl_x": 0.28969840087890625, "imu1/acl_y": -0.023942016601562498, "imu1/acl_z": 12.876016528320312, "imu1/gyr_x": -4.00763358778626, "imu1/gyr_y": 2.404580152671756, "imu1/gyr_z": -2.198473282442748, "imu2/acl_x": -0.15562310791015624, "imu2/acl_y": -0.031124621582031248, "imu2/acl_z": 9.655815295410155, "imu2/gyr_x": 3.801526717557252, "imu2/gyr_y": -1.1984732824427482, "imu2/gyr_z": -1.0076335877862594, "milliseconds": 71774}