{"cam/image_array": "54_cam-image_array_.jpg", "user/angle": 0.0, "user/throttle": -0.3, "user/mode": "user", "imu1/acl_x": 0.11013327636718749, "imu1/acl_y": -0.0526724365234375, "imu1/acl_z": 12.955025183105468, "imu1/gyr_x": -3.900763358778626, "imu1/gyr_y": 2.33587786259542, "imu1/gyr_z": -1.916030534351145, "imu2/acl_x": -0.028730419921875, "imu2/acl_y": 0.02154781494140625, "imu2/acl_z": 9.662997900390625, "imu2/gyr_x": 3.816793893129771, "imu2/gyr_y": -1.2748091603053435, "imu2/gyr_z": -1.0305343511450382, "milliseconds": 29449}