{"cam/image_array": "251_cam-image_array_.jpg", "user/angle": -1.0, "user/throttle": 1.0, "user/mode": "user", "imu1/acl_x": 0.15322890625, "imu1/acl_y": -0.1149216796875, "imu1/acl_z": 12.854468713378905, "imu1/gyr_x": -5.8320610687022905, "imu1/gyr_y": 2.3053435114503817, "imu1/gyr_z": -1.916030534351145, "imu2/acl_x": -0.277727392578125, "imu2/acl_y": 0.13168109130859373, "imu2/acl_z": 9.56962403564453, "imu2/gyr_x": 3.7480916030534353, "imu2/gyr_y": -1.2290076335877862, "imu2/gyr_z": -0.9007633587786259, "milliseconds": 42811}