{"cam/image_array": "371_cam-image_array_.jpg", "user/angle": -1.0, "user/throttle": 0.13827198720476752, "user/mode": "user", "imu1/acl_x": 0.143652099609375, "imu1/acl_y": -0.13646949462890623, "imu1/acl_z": 12.923900561523437, "imu1/gyr_x": -3.969465648854962, "imu1/gyr_y": 2.267175572519084, "imu1/gyr_z": -2.045801526717557, "imu2/acl_x": -0.076614453125, "imu2/acl_y": -0.11013327636718749, "imu2/acl_z": 9.528922607421874, "imu2/gyr_x": 3.786259541984733, "imu2/gyr_y": -1.1374045801526718, "imu2/gyr_z": -0.9007633587786259, "milliseconds": 49750}