{"cam/image_array": "652_cam-image_array_.jpg", "user/angle": 1.0, "user/throttle": 0.12710811854533324, "user/mode": "user", "imu1/acl_x": 0.15083470458984374, "imu1/acl_y": -0.1005564697265625, "imu1/acl_z": 12.837709301757812, "imu1/gyr_x": -5.847328244274809, "imu1/gyr_y": 2.267175572519084, "imu1/gyr_z": -0.022900763358778626, "imu2/acl_x": -0.14604630126953125, "imu2/acl_y": 0.011971008300781249, "imu2/acl_z": 9.674968908691406, "imu2/gyr_x": 3.854961832061069, "imu2/gyr_y": -1.0534351145038168, "imu2/gyr_z": -1.0458015267175573, "milliseconds": 68022}