{"cam/image_array": "753_cam-image_array_.jpg", "user/angle": 0.0, "user/throttle": -0.778396573397715, "user/mode": "user", "imu1/acl_x": 0.12210428466796874, "imu1/acl_y": -0.09576806640624999, "imu1/acl_z": 12.945448376464842, "imu1/gyr_x": -3.9160305343511452, "imu1/gyr_y": 2.213740458015267, "imu1/gyr_z": -2.1374045801526718, "imu2/acl_x": -0.00239420166015625, "imu2/acl_y": 0.009576806640625, "imu2/acl_z": 9.662997900390625, "imu2/gyr_x": 3.816793893129771, "imu2/gyr_y": -1.282442748091603, "imu2/gyr_z": -0.9236641221374046, "milliseconds": 75044}