{"cam/image_array": "926_cam-image_array_.jpg", "user/angle": 1.0, "user/throttle": 1.0, "user/mode": "user", "imu1/acl_x": 0.181959326171875, "imu1/acl_y": -0.06943184814453125, "imu1/acl_z": 13.000515014648437, "imu1/gyr_x": -3.9160305343511452, "imu1/gyr_y": 2.2977099236641223, "imu1/gyr_z": -1.816793893129771, "imu2/acl_x": -0.16041151123046873, "imu2/acl_y": 0.011971008300781249, "imu2/acl_z": 9.655815295410155, "imu2/gyr_x": 3.8473282442748094, "imu2/gyr_y": -1.3969465648854962, "imu2/gyr_z": -1.0305343511450382, "milliseconds": 86905}