{"cam/image_array": "944_cam-image_array_.jpg", "user/angle": 0.0, "user/throttle": -0.08571428571428641, "user/mode": "user", "imu1/acl_x": 0.11252747802734374, "imu1/acl_y": -0.08140285644531249, "imu1/acl_z": 13.000515014648437, "imu1/gyr_x": -4.0, "imu1/gyr_y": 2.3740458015267176, "imu1/gyr_z": -1.9389312977099236, "imu2/acl_x": -0.16759411621093748, "imu2/acl_y": -0.09337386474609374, "imu2/acl_z": 9.581595043945311, "imu2/gyr_x": 3.877862595419847, "imu2/gyr_y": -1.2671755725190839, "imu2/gyr_z": -0.9465648854961832, "milliseconds": 92633}