{"cam/image_array": "798_cam-image_array_.jpg", "user/angle": 0.0, "user/throttle": -0.19505575056621266, "user/mode": "user", "imu1/acl_x": 0.181959326171875, "imu1/acl_y": -0.10295067138671875, "imu1/acl_z": 12.876016528320312, "imu1/gyr_x": -3.9923664122137406, "imu1/gyr_y": 2.381679389312977, "imu1/gyr_z": -2.1068702290076335, "imu2/acl_x": -0.1197100830078125, "imu2/acl_y": -0.009576806640625, "imu2/acl_z": 9.674968908691406, "imu2/gyr_x": 3.6717557251908395, "imu2/gyr_y": -1.251908396946565, "imu2/gyr_z": -1.0, "milliseconds": 77912}