{"cam/image_array": "446_cam-image_array_.jpg", "user/angle": -0.01428548105527432, "user/throttle": 1.0, "user/mode": "user", "imu1/acl_x": 0.15083470458984374, "imu1/acl_y": -0.06943184814453125, "imu1/acl_z": 12.988544006347656, "imu1/gyr_x": -5.847328244274809, "imu1/gyr_y": 2.1755725190839694, "imu1/gyr_z": -1.9618320610687023, "imu2/acl_x": -0.2920926025390625, "imu2/acl_y": 0.0430956298828125, "imu2/acl_z": 9.665392102050781, "imu2/gyr_x": 3.572519083969466, "imu2/gyr_y": -1.3511450381679388, "imu2/gyr_z": -0.8549618320610687, "milliseconds": 55079}