{"cam/image_array": "416_cam-image_array_.jpg", "user/angle": 1.0, "user/throttle": 1.0, "user/mode": "user", "imu1/acl_x": 0.10295067138671875, "imu1/acl_y": -0.10773907470703124, "imu1/acl_z": 12.919112158203124, "imu1/gyr_x": -3.7480916030534353, "imu1/gyr_y": 2.3587786259541983, "imu1/gyr_z": -3.8473282442748094, "imu2/acl_x": -0.17238251953125, "imu2/acl_y": 0.14125789794921875, "imu2/acl_z": 9.572018237304688, "imu2/gyr_x": 3.6717557251908395, "imu2/gyr_y": -1.2900763358778626, "imu2/gyr_z": -0.9923664122137404, "milliseconds": 53037}