{"cam/image_array": "812_cam-image_array_.jpg", "user/angle": 0.0, "user/throttle": -0.33390844795202834, "user/mode": "user", "imu1/acl_x": 0.031124621582031248, "imu1/acl_y": -0.09816226806640624, "imu1/acl_z": 12.861651318359375, "imu1/gyr_x": -3.9083969465648853, "imu1/gyr_y": 2.3893129770992365, "imu1/gyr_z": -1.900763358778626, "imu2/acl_x": -0.1292868896484375, "imu2/acl_y": -0.07900865478515624, "imu2/acl_z": 9.720458740234374, "imu2/gyr_x": 3.7709923664122136, "imu2/gyr_y": -1.0076335877862594, "imu2/gyr_z": -1.015267175572519, "milliseconds": 78627}