{"cam/image_array": "548_cam-image_array_.jpg", "user/angle": 0.0, "user/throttle": -0.04285714285714296, "user/mode": "user", "imu1/acl_x": 0.00718260498046875, "imu1/acl_y": -0.105344873046875, "imu1/acl_z": 12.835315100097656, "imu1/gyr_x": -1.9694656488549618, "imu1/gyr_y": 2.312977099236641, "imu1/gyr_z": -1.8473282442748091, "imu2/acl_x": -0.10295067138671875, "imu2/acl_y": 0.05985504150390625, "imu2/acl_z": 9.739612353515625, "imu2/gyr_x": 3.6793893129770994, "imu2/gyr_y": -1.213740458015267, "imu2/gyr_z": -1.0610687022900764, "milliseconds": 60349}