{"cam/image_array": "376_cam-image_array_.jpg", "user/angle": 0.0, "user/throttle": -1.0, "user/mode": "user", "imu1/acl_x": 0.2825157958984375, "imu1/acl_y": -0.06943184814453125, "imu1/acl_z": 13.010091821289063, "imu1/gyr_x": -4.0, "imu1/gyr_y": 2.381679389312977, "imu1/gyr_z": -2.1068702290076335, "imu2/acl_x": -0.13407529296874998, "imu2/acl_y": -0.11013327636718749, "imu2/acl_z": 9.674968908691406, "imu2/gyr_x": 1.9541984732824427, "imu2/gyr_y": -1.16793893129771, "imu2/gyr_z": -0.916030534351145, "milliseconds": 50017}