{"cam/image_array": "732_cam-image_array_.jpg", "user/angle": 1.0, "user/throttle": 1.0, "user/mode": "user", "imu1/acl_x": 0.1292868896484375, "imu1/acl_y": -0.08858546142578125, "imu1/acl_z": 12.919112158203124, "imu1/gyr_x": -3.9389312977099236, "imu1/gyr_y": 2.2595419847328246, "imu1/gyr_z": -1.8549618320610688, "imu2/acl_x": -0.1005564697265625, "imu2/acl_y": -0.01915361328125, "imu2/acl_z": 9.744400756835937, "imu2/gyr_x": 3.83206106870229, "imu2/gyr_y": -1.3206106870229009, "imu2/gyr_z": -1.0687022900763359, "milliseconds": 73270}