{"cam/image_array": "142_cam-image_array_.jpg", "user/angle": 1.0, "user/throttle": 0.9356957856131596, "user/mode": "user", "imu1/acl_x": 0.143652099609375, "imu1/acl_y": -0.09576806640624999, "imu1/acl_z": 12.983755603027342, "imu1/gyr_x": -4.0458015267175576, "imu1/gyr_y": 2.427480916030534, "imu1/gyr_z": -0.11450381679389313, "imu2/acl_x": -0.00718260498046875, "imu2/acl_y": 0.0430956298828125, "imu2/acl_z": 9.713276135253906, "imu2/gyr_x": 3.8625954198473282, "imu2/gyr_y": -1.1145038167938932, "imu2/gyr_z": -1.0687022900763359, "milliseconds": 35254}