{"cam/image_array": "530_cam-image_array_.jpg", "user/angle": 0.0, "user/throttle": -0.5555227075021951, "user/mode": "user", "imu1/acl_x": 0.1292868896484375, "imu1/acl_y": -0.10773907470703124, "imu1/acl_z": 12.785036865234375, "imu1/gyr_x": -3.984732824427481, "imu1/gyr_y": 2.3740458015267176, "imu1/gyr_z": -1.7557251908396947, "imu2/acl_x": -0.105344873046875, "imu2/acl_y": 0.055066638183593745, "imu2/acl_z": 9.715670336914062, "imu2/gyr_x": 3.648854961832061, "imu2/gyr_y": -1.183206106870229, "imu2/gyr_z": -1.0076335877862594, "milliseconds": 59435}