{"cam/image_array": "294_cam-image_array_.jpg", "user/angle": 0.0, "user/throttle": -0.8999999999999999, "user/mode": "user", "imu1/acl_x": 0.08379705810546874, "imu1/acl_y": -0.105344873046875, "imu1/acl_z": 12.928688964843749, "imu1/gyr_x": -5.847328244274809, "imu1/gyr_y": 2.404580152671756, "imu1/gyr_z": -1.9236641221374047, "imu2/acl_x": -0.11013327636718749, "imu2/acl_y": 0.033518823242187495, "imu2/acl_z": 9.639055883789062, "imu2/gyr_x": 3.6793893129770994, "imu2/gyr_y": -1.3511450381679388, "imu2/gyr_z": -0.9389312977099237, "milliseconds": 45784}