{"cam/image_array": "611_cam-image_array_.jpg", "user/angle": -1.0, "user/throttle": 1.0, "user/mode": "user", "imu1/acl_x": 0.13646949462890623, "imu1/acl_y": -0.07900865478515624, "imu1/acl_z": 12.880804931640624, "imu1/gyr_x": -3.8244274809160306, "imu1/gyr_y": 2.3282442748091605, "imu1/gyr_z": -3.900763358778626, "imu2/acl_x": -0.09576806640624999, "imu2/acl_y": 0.0143652099609375, "imu2/acl_z": 9.643844287109374, "imu2/gyr_x": 5.824427480916031, "imu2/gyr_y": -1.083969465648855, "imu2/gyr_z": -0.9007633587786259, "milliseconds": 65250}