{"cam/image_array": "668_cam-image_array_.jpg", "user/angle": 0.0, "user/throttle": -1.0, "user/mode": "user", "imu1/acl_x": 0.105344873046875, "imu1/acl_y": -0.12210428466796874, "imu1/acl_z": 12.983755603027342, "imu1/gyr_x": -5.778625954198473, "imu1/gyr_y": 2.1068702290076335, "imu1/gyr_z": -2.16793893129771, "imu2/acl_x": -0.086191259765625, "imu2/acl_y": -0.016759411621093748, "imu2/acl_z": 9.6151138671875, "imu2/gyr_x": 3.7938931297709924, "imu2/gyr_y": -1.3129770992366412, "imu2/gyr_z": -1.0534351145038168, "milliseconds": 68847}