{"cam/image_array": "385_cam-image_array_.jpg", "user/angle": -0.08571428571428559, "user/throttle": 0.5428571428571428, "user/mode": "user", "imu1/acl_x": 0.12210428466796874, "imu1/acl_y": -0.13646949462890623, "imu1/acl_z": 12.899958544921875, "imu1/gyr_x": -3.8931297709923665, "imu1/gyr_y": 2.427480916030534, "imu1/gyr_z": -1.6717557251908397, "imu2/acl_x": -0.1292868896484375, "imu2/acl_y": 0.00239420166015625, "imu2/acl_z": 9.605537060546874, "imu2/gyr_x": 3.8473282442748094, "imu2/gyr_y": -1.1908396946564885, "imu2/gyr_z": -0.8931297709923665, "milliseconds": 50477}