{"cam/image_array": "661_cam-image_array_.jpg", "user/angle": -0.07142857142857141, "user/throttle": 0.1, "user/mode": "user", "imu1/acl_x": 0.06464344482421874, "imu1/acl_y": -0.062249243164062495, "imu1/acl_z": 12.86404552001953, "imu1/gyr_x": -3.9160305343511452, "imu1/gyr_y": 2.381679389312977, "imu1/gyr_z": -2.0076335877862594, "imu2/acl_x": -0.21068974609375, "imu2/acl_y": 0.040701428222656245, "imu2/acl_z": 9.6151138671875, "imu2/gyr_x": 3.7786259541984735, "imu2/gyr_y": -1.1145038167938932, "imu2/gyr_z": -0.9236641221374046, "milliseconds": 68518}