{"cam/image_array": "368_cam-image_array_.jpg", "user/angle": 0.7483501863433123, "user/throttle": 1.0, "user/mode": "user", "imu1/acl_x": 0.13407529296874998, "imu1/acl_y": -0.07900865478515624, "imu1/acl_z": 12.916717956542968, "imu1/gyr_x": -3.984732824427481, "imu1/gyr_y": 2.4427480916030535, "imu1/gyr_z": -1.83206106870229, "imu2/acl_x": -0.13646949462890623, "imu2/acl_y": 0.0430956298828125, "imu2/acl_z": 9.801861596679688, "imu2/gyr_x": 3.8931297709923665, "imu2/gyr_y": -1.3053435114503817, "imu2/gyr_z": -0.8702290076335878, "milliseconds": 49603}