{"cam/image_array": "795_cam-image_array_.jpg", "user/angle": 0.0, "user/throttle": 3.061616997868383e-16, "user/mode": "user", "imu1/acl_x": 0.296881005859375, "imu1/acl_y": -0.06703764648437499, "imu1/acl_z": 12.938265771484375, "imu1/gyr_x": -3.7938931297709924, "imu1/gyr_y": 2.2900763358778624, "imu1/gyr_z": -3.885496183206107, "imu2/acl_x": -0.1149216796875, "imu2/acl_y": 0.028730419921875, "imu2/acl_z": 9.789890588378906, "imu2/gyr_x": 3.816793893129771, "imu2/gyr_y": -1.183206106870229, "imu2/gyr_z": -1.015267175572519, "milliseconds": 77757}