{"cam/image_array": "12_cam-image_array_.jpg", "user/angle": 0.0, "user/throttle": -0.11428571428571407, "user/mode": "user", "imu1/acl_x": 0.143652099609375, "imu1/acl_y": -0.06943184814453125, "imu1/acl_z": 12.866439721679686, "imu1/gyr_x": -3.7709923664122136, "imu1/gyr_y": 2.3206106870229006, "imu1/gyr_z": -1.816793893129771, "imu2/acl_x": -0.13646949462890623, "imu2/acl_y": -0.02154781494140625, "imu2/acl_z": 9.639055883789062, "imu2/gyr_x": 3.7251908396946565, "imu2/gyr_y": -1.251908396946565, "imu2/gyr_z": -0.9694656488549618, "milliseconds": 26793}