{"cam/image_array": "72_cam-image_array_.jpg", "user/angle": 1.0, "user/throttle": 0.7905694150420942, "user/mode": "user", "imu1/acl_x": 0.13646949462890623, "imu1/acl_y": -0.06464344482421874, "imu1/acl_z": 12.938265771484375, "imu1/gyr_x": -3.877862595419847, "imu1/gyr_y": 2.2290076335877864, "imu1/gyr_z": -1.8473282442748091, "imu2/acl_x": -0.15562310791015624, "imu2/acl_y": -0.00239420166015625, "imu2/acl_z": 9.639055883789062, "imu2/gyr_x": 3.786259541984733, "imu2/gyr_y": -1.2366412213740459, "imu2/gyr_z": -1.0763358778625953, "milliseconds": 30381}