{"cam/image_array": "279_cam-image_array_.jpg", "user/angle": 0.0, "user/throttle": -0.4652938535109051, "user/mode": "user", "imu1/acl_x": 0.26336218261718747, "imu1/acl_y": -0.08379705810546874, "imu1/acl_z": 12.842497705078124, "imu1/gyr_x": -3.854961832061069, "imu1/gyr_y": 2.4656488549618323, "imu1/gyr_z": -2.0, "imu2/acl_x": -0.15562310791015624, "imu2/acl_y": 0.031124621582031248, "imu2/acl_z": 9.720458740234374, "imu2/gyr_x": 3.7709923664122136, "imu2/gyr_y": -1.3206106870229009, "imu2/gyr_z": -0.9770992366412213, "milliseconds": 45006}