{"cam/image_array": "854_cam-image_array_.jpg", "user/angle": 1.0, "user/throttle": 0.1142857142857141, "user/mode": "user", "imu1/acl_x": 0.1388636962890625, "imu1/acl_y": -0.02154781494140625, "imu1/acl_z": 12.873622326660156, "imu1/gyr_x": -3.8396946564885495, "imu1/gyr_y": 2.4427480916030535, "imu1/gyr_z": -1.7557251908396947, "imu2/acl_x": -0.12210428466796874, "imu2/acl_y": 0.009576806640625, "imu2/acl_z": 9.662997900390625, "imu2/gyr_x": 3.8091603053435112, "imu2/gyr_y": -1.3358778625954197, "imu2/gyr_z": -0.9618320610687023, "milliseconds": 80791}