{"cam/image_array": "407_cam-image_array_.jpg", "user/angle": 1.0, "user/throttle": 1.0, "user/mode": "user", "imu1/acl_x": 0.1292868896484375, "imu1/acl_y": -0.08140285644531249, "imu1/acl_z": 12.959813586425781, "imu1/gyr_x": -3.9923664122137406, "imu1/gyr_y": 2.3282442748091605, "imu1/gyr_z": -1.9236641221374047, "imu2/acl_x": -0.09816226806640624, "imu2/acl_y": 0.13168109130859373, "imu2/acl_z": 9.619902270507811, "imu2/gyr_x": 3.984732824427481, "imu2/gyr_y": -1.183206106870229, "imu2/gyr_z": -1.083969465648855, "milliseconds": 52583}