{"cam/image_array": "482_cam-image_array_.jpg", "user/angle": 0.0, "user/throttle": -0.4334111760092579, "user/mode": "user", "imu1/acl_x": 0.10295067138671875, "imu1/acl_y": -0.11013327636718749, "imu1/acl_z": 12.952630981445312, "imu1/gyr_x": -3.984732824427481, "imu1/gyr_y": 2.2977099236641223, "imu1/gyr_z": -1.8549618320610688, "imu2/acl_x": -0.12449848632812499, "imu2/acl_y": 0.02154781494140625, "imu2/acl_z": 9.593566052246093, "imu2/gyr_x": 3.83206106870229, "imu2/gyr_y": -1.381679389312977, "imu2/gyr_z": -0.9847328244274809, "milliseconds": 56947}