{"cam/image_array": "509_cam-image_array_.jpg", "user/angle": 0.0, "user/throttle": -1.0, "user/mode": "user", "imu1/acl_x": 0.13407529296874998, "imu1/acl_y": -0.09337386474609374, "imu1/acl_z": 12.969390393066405, "imu1/gyr_x": -3.8091603053435112, "imu1/gyr_y": 2.312977099236641, "imu1/gyr_z": -1.9770992366412214, "imu2/acl_x": -0.08858546142578125, "imu2/acl_y": 0.033518823242187495, "imu2/acl_z": 9.629479077148437, "imu2/gyr_x": 3.854961832061069, "imu2/gyr_y": -1.3282442748091603, "imu2/gyr_z": -1.0229007633587786, "milliseconds": 58349}