{"cam/image_array": "657_cam-image_array_.jpg", "user/angle": 0.0, "user/throttle": -0.0714285714285714, "user/mode": "user", "imu1/acl_x": 0.1197100830078125, "imu1/acl_y": -0.11252747802734374, "imu1/acl_z": 13.019668627929686, "imu1/gyr_x": -3.8625954198473282, "imu1/gyr_y": 2.2977099236641223, "imu1/gyr_z": -1.717557251908397, "imu2/acl_x": -0.13168109130859373, "imu2/acl_y": 0.02154781494140625, "imu2/acl_z": 9.706093530273437, "imu2/gyr_x": 3.8625954198473282, "imu2/gyr_y": -1.2900763358778626, "imu2/gyr_z": -0.9541984732824428, "milliseconds": 68298}