{"cam/image_array": "945_cam-image_array_.jpg", "user/angle": 0.0, "user/throttle": -1.0, "user/mode": "user", "imu1/acl_x": 0.2920926025390625, "imu1/acl_y": -0.11731588134765625, "imu1/acl_z": 12.983755603027342, "imu1/gyr_x": -5.862595419847328, "imu1/gyr_y": 2.2748091603053435, "imu1/gyr_z": -1.9541984732824427, "imu2/acl_x": -0.016759411621093748, "imu2/acl_y": -0.15322890625, "imu2/acl_z": 9.734823950195311, "imu2/gyr_x": 3.7938931297709924, "imu2/gyr_y": -1.3511450381679388, "imu2/gyr_z": -0.9694656488549618, "milliseconds": 92674}