{"cam/image_array": "851_cam-image_array_.jpg", "user/angle": -0.414285714285714, "user/throttle": 0.7142857142857145, "user/mode": "user", "imu1/acl_x": 0.00239420166015625, "imu1/acl_y": -0.08140285644531249, "imu1/acl_z": 12.801796276855468, "imu1/gyr_x": -3.786259541984733, "imu1/gyr_y": 2.282442748091603, "imu1/gyr_z": -1.9694656488549618, "imu2/acl_x": -0.17956512451171874, "imu2/acl_y": -0.00718260498046875, "imu2/acl_z": 9.591171850585937, "imu2/gyr_x": 3.687022900763359, "imu2/gyr_y": -1.0916030534351144, "imu2/gyr_z": -0.9923664122137404, "milliseconds": 80654}