{"cam/image_array": "592_cam-image_array_.jpg", "user/angle": 8.747477136766809e-19, "user/throttle": 0.014285714285714285, "user/mode": "user", "imu1/acl_x": 0.02633621826171875, "imu1/acl_y": -0.03591302490234375, "imu1/acl_z": 12.794613671875, "imu1/gyr_x": -3.7938931297709924, "imu1/gyr_y": 2.435114503816794, "imu1/gyr_z": -2.099236641221374, "imu2/acl_x": -0.10773907470703124, "imu2/acl_y": 0.0383072265625, "imu2/acl_z": 9.624690673828125, "imu2/gyr_x": 3.8473282442748094, "imu2/gyr_y": -1.2748091603053435, "imu2/gyr_z": -0.9312977099236641, "milliseconds": 64275}