{"cam/image_array": "641_cam-image_array_.jpg", "user/angle": 0.9993750032321363, "user/throttle": 1.0, "user/mode": "user", "imu1/acl_x": 0.1292868896484375, "imu1/acl_y": -0.08379705810546874, "imu1/acl_z": 12.969390393066405, "imu1/gyr_x": -3.8702290076335877, "imu1/gyr_y": 2.3206106870229006, "imu1/gyr_z": -1.8854961832061068, "imu2/acl_x": -0.1484405029296875, "imu2/acl_y": 0.0143652099609375, "imu2/acl_z": 9.600748657226562, "imu2/gyr_x": 3.8091603053435112, "imu2/gyr_y": -1.1526717557251909, "imu2/gyr_z": -0.8931297709923665, "milliseconds": 66800}