{"cam/image_array": "726_cam-image_array_.jpg", "user/angle": -1.0, "user/throttle": 1.0, "user/mode": "user", "imu1/acl_x": 0.28730419921875, "imu1/acl_y": -0.07900865478515624, "imu1/acl_z": 12.761094848632812, "imu1/gyr_x": -3.8473282442748094, "imu1/gyr_y": 2.3587786259541983, "imu1/gyr_z": -1.9389312977099236, "imu2/acl_x": -0.28490999755859375, "imu2/acl_y": -0.08379705810546874, "imu2/acl_z": 9.639055883789062, "imu2/gyr_x": 3.6717557251908395, "imu2/gyr_y": -1.1908396946564885, "imu2/gyr_z": -1.0305343511450382, "milliseconds": 72964}