{"cam/image_array": "622_cam-image_array_.jpg", "user/angle": 1.0, "user/throttle": 0.6929016282554518, "user/mode": "user", "imu1/acl_x": 0.105344873046875, "imu1/acl_y": -0.01915361328125, "imu1/acl_z": 12.993332409667968, "imu1/gyr_x": -3.954198473282443, "imu1/gyr_y": 2.366412213740458, "imu1/gyr_z": -0.007633587786259542, "imu2/acl_x": -0.13646949462890623, "imu2/acl_y": -0.00239420166015625, "imu2/acl_z": 9.682151513671874, "imu2/gyr_x": 3.83206106870229, "imu2/gyr_y": -1.4885496183206106, "imu2/gyr_z": -1.0687022900763359, "milliseconds": 65836}