{"cam/image_array": "876_cam-image_array_.jpg", "user/angle": -0.9714285714285713, "user/throttle": 0.10000000000000003, "user/mode": "user", "imu1/acl_x": 0.11013327636718749, "imu1/acl_y": -0.062249243164062495, "imu1/acl_z": 12.928688964843749, "imu1/gyr_x": -4.0, "imu1/gyr_y": 2.427480916030534, "imu1/gyr_z": -3.8702290076335877, "imu2/acl_x": -0.09576806640624999, "imu2/acl_y": -0.028730419921875, "imu2/acl_z": 9.641450085449218, "imu2/gyr_x": 3.7786259541984735, "imu2/gyr_y": -1.282442748091603, "imu2/gyr_z": -0.9541984732824428, "milliseconds": 82513}