{"cam/image_array": "597_cam-image_array_.jpg", "user/angle": 1.0, "user/throttle": 0.25925808360826846, "user/mode": "user", "imu1/acl_x": 0.11731588134765625, "imu1/acl_y": -0.0383072265625, "imu1/acl_z": 12.959813586425781, "imu1/gyr_x": -3.8244274809160306, "imu1/gyr_y": 2.213740458015267, "imu1/gyr_z": -2.015267175572519, "imu2/acl_x": -0.296881005859375, "imu2/acl_y": 0.0526724365234375, "imu2/acl_z": 9.65342109375, "imu2/gyr_x": 5.847328244274809, "imu2/gyr_y": -1.1984732824427482, "imu2/gyr_z": -0.8396946564885496, "milliseconds": 64552}