{"cam/image_array": "990_cam-image_array_.jpg", "user/angle": 1.0, "user/throttle": 0.396164748775509, "user/mode": "user", "imu1/acl_x": 0.0526724365234375, "imu1/acl_y": -0.016759411621093748, "imu1/acl_z": 12.94065997314453, "imu1/gyr_x": -3.969465648854962, "imu1/gyr_y": 2.2748091603053435, "imu1/gyr_z": -1.8778625954198473, "imu2/acl_x": -0.15322890625, "imu2/acl_y": 0.031124621582031248, "imu2/acl_z": 9.670180505371093, "imu2/gyr_x": 3.854961832061069, "imu2/gyr_y": -1.2671755725190839, "imu2/gyr_z": -1.0305343511450382, "milliseconds": 96117}