{"cam/image_array": "768_cam-image_array_.jpg", "user/angle": -0.5714285714285714, "user/throttle": 0.3714285714285715, "user/mode": "user", "imu1/acl_x": 0.09576806640624999, "imu1/acl_y": -0.12689268798828124, "imu1/acl_z": 12.928688964843749, "imu1/gyr_x": -1.9618320610687023, "imu1/gyr_y": 2.427480916030534, "imu1/gyr_z": -2.0763358778625953, "imu2/acl_x": -0.06943184814453125, "imu2/acl_y": 0.04548983154296875, "imu2/acl_z": 9.74200655517578, "imu2/gyr_x": 3.7404580152671754, "imu2/gyr_y": -1.3893129770992367, "imu2/gyr_z": -0.9694656488549618, "milliseconds": 75806}