{"cam/image_array": "766_cam-image_array_.jpg", "user/angle": 1.0, "user/throttle": 1.0, "user/mode": "user", "imu1/acl_x": 0.143652099609375, "imu1/acl_y": -0.062249243164062495, "imu1/acl_z": 12.9861498046875, "imu1/gyr_x": -5.847328244274809, "imu1/gyr_y": 2.2595419847328246, "imu1/gyr_z": -3.8702290076335877, "imu2/acl_x": -0.09816226806640624, "imu2/acl_y": 0.1484405029296875, "imu2/acl_z": 9.631873278808593, "imu2/gyr_x": 3.801526717557252, "imu2/gyr_y": -1.2061068702290076, "imu2/gyr_z": -0.8778625954198473, "milliseconds": 75706}