{"cam/image_array": "69_cam-image_array_.jpg", "user/angle": 0.0, "user/throttle": 0.0, "user/mode": "user", "imu1/acl_x": 0.20829554443359374, "imu1/acl_y": -0.0718260498046875, "imu1/acl_z": 12.876016528320312, "imu1/gyr_x": -3.8931297709923665, "imu1/gyr_y": 2.33587786259542, "imu1/gyr_z": -0.022900763358778626, "imu2/acl_x": -0.11252747802734374, "imu2/acl_y": 0.00718260498046875, "imu2/acl_z": 9.60793126220703, "imu2/gyr_x": 3.7786259541984735, "imu2/gyr_y": -1.251908396946565, "imu2/gyr_z": -0.9923664122137404, "milliseconds": 30199}