{"cam/image_array": "67_cam-image_array_.jpg", "user/angle": 1.0, "user/throttle": 0.09608280525301041, "user/mode": "user", "imu1/acl_x": 0.18435352783203124, "imu1/acl_y": -0.09816226806640624, "imu1/acl_z": 12.9861498046875, "imu1/gyr_x": -3.9923664122137406, "imu1/gyr_y": 2.351145038167939, "imu1/gyr_z": -2.030534351145038, "imu2/acl_x": -0.1292868896484375, "imu2/acl_y": 0.14604630126953125, "imu2/acl_z": 9.612719665527344, "imu2/gyr_x": 3.7786259541984735, "imu2/gyr_y": -1.3511450381679388, "imu2/gyr_z": -1.015267175572519, "milliseconds": 30101}