{"cam/image_array": "551_cam-image_array_.jpg", "user/angle": -1.0, "user/throttle": 0.09375299065456011, "user/mode": "user", "imu1/acl_x": 0.1197100830078125, "imu1/acl_y": -0.09576806640624999, "imu1/acl_z": 12.955025183105468, "imu1/gyr_x": -3.900763358778626, "imu1/gyr_y": 2.312977099236641, "imu1/gyr_z": -1.900763358778626, "imu2/acl_x": -0.16041151123046873, "imu2/acl_y": 0.01915361328125, "imu2/acl_z": 9.715670336914062, "imu2/gyr_x": 3.7709923664122136, "imu2/gyr_y": -1.3129770992366412, "imu2/gyr_z": -1.16793893129771, "milliseconds": 60511}