{"cam/image_array": "281_cam-image_array_.jpg", "user/angle": 0.0, "user/throttle": -1.0, "user/mode": "user", "imu1/acl_x": 0.076614453125, "imu1/acl_y": -0.08140285644531249, "imu1/acl_z": 12.81376728515625, "imu1/gyr_x": -3.931297709923664, "imu1/gyr_y": 2.435114503816794, "imu1/gyr_z": -1.8015267175572518, "imu2/acl_x": -0.1149216796875, "imu2/acl_y": 0.028730419921875, "imu2/acl_z": 9.706093530273437, "imu2/gyr_x": 3.786259541984733, "imu2/gyr_y": -1.2442748091603053, "imu2/gyr_z": -0.9236641221374046, "milliseconds": 45121}