{"cam/image_array": "303_cam-image_array_.jpg", "user/angle": -0.5428571428571429, "user/throttle": 0.942857142857143, "user/mode": "user", "imu1/acl_x": 0.15322890625, "imu1/acl_y": -0.11013327636718749, "imu1/acl_z": 13.007697619628905, "imu1/gyr_x": -3.877862595419847, "imu1/gyr_y": 2.450381679389313, "imu1/gyr_z": -0.015267175572519083, "imu2/acl_x": -0.00718260498046875, "imu2/acl_y": 0.055066638183593745, "imu2/acl_z": 9.665392102050781, "imu2/gyr_x": 3.732824427480916, "imu2/gyr_y": -1.2900763358778626, "imu2/gyr_z": -0.916030534351145, "milliseconds": 46248}