{"cam/image_array": "868_cam-image_array_.jpg", "user/angle": -0.1142857142857143, "user/throttle": 0.11428571428571431, "user/mode": "user", "imu1/acl_x": 0.086191259765625, "imu1/acl_y": -0.11731588134765625, "imu1/acl_z": 12.945448376464842, "imu1/gyr_x": -3.9389312977099236, "imu1/gyr_y": 2.282442748091603, "imu1/gyr_z": -1.816793893129771, "imu2/acl_x": -0.105344873046875, "imu2/acl_y": -0.062249243164062495, "imu2/acl_z": 9.624690673828125, "imu2/gyr_x": 3.854961832061069, "imu2/gyr_y": -1.4351145038167938, "imu2/gyr_z": -1.1221374045801527, "milliseconds": 82102}