{"cam/image_array": "226_cam-image_array_.jpg", "user/angle": 0.0, "user/throttle": -0.8857142857142856, "user/mode": "user", "imu1/acl_x": 0.2705447875976562, "imu1/acl_y": -0.2346317626953125, "imu1/acl_z": 12.823344091796875, "imu1/gyr_x": -1.9694656488549618, "imu1/gyr_y": 2.4198473282442747, "imu1/gyr_z": -1.717557251908397, "imu2/acl_x": -0.11252747802734374, "imu2/acl_y": 0.1484405029296875, "imu2/acl_z": 9.662997900390625, "imu2/gyr_x": 3.7786259541984735, "imu2/gyr_y": -1.1297709923664123, "imu2/gyr_z": -0.9618320610687023, "milliseconds": 41538}