{"cam/image_array": "804_cam-image_array_.jpg", "user/angle": 0.0, "user/throttle": -0.6285714285714282, "user/mode": "user", "imu1/acl_x": 0.13168109130859373, "imu1/acl_y": -0.143652099609375, "imu1/acl_z": 12.955025183105468, "imu1/gyr_x": -1.9694656488549618, "imu1/gyr_y": 2.366412213740458, "imu1/gyr_z": -2.099236641221374, "imu2/acl_x": -0.08858546142578125, "imu2/acl_y": -0.07422025146484375, "imu2/acl_z": 9.603142858886718, "imu2/gyr_x": 3.9083969465648853, "imu2/gyr_y": -1.1755725190839694, "imu2/gyr_z": -1.0381679389312977, "milliseconds": 78218}