{"cam/image_array": "796_cam-image_array_.jpg", "user/angle": 0.0, "user/throttle": -0.3000000000000001, "user/mode": "user", "imu1/acl_x": 0.1149216796875, "imu1/acl_y": -0.14125789794921875, "imu1/acl_z": 12.914323754882812, "imu1/gyr_x": -3.954198473282443, "imu1/gyr_y": 2.198473282442748, "imu1/gyr_z": -1.984732824427481, "imu2/acl_x": -0.239420166015625, "imu2/acl_y": 0.11731588134765625, "imu2/acl_z": 9.785102185058593, "imu2/gyr_x": 3.763358778625954, "imu2/gyr_y": -1.2061068702290076, "imu2/gyr_z": -0.9923664122137404, "milliseconds": 77819}