{"cam/image_array": "201_cam-image_array_.jpg", "user/angle": -1.0, "user/throttle": 0.47841329151069106, "user/mode": "user", "imu1/acl_x": 0.1484405029296875, "imu1/acl_y": -0.11013327636718749, "imu1/acl_z": 12.995726611328124, "imu1/gyr_x": -3.946564885496183, "imu1/gyr_y": 2.450381679389313, "imu1/gyr_z": -1.8778625954198473, "imu2/acl_x": -0.14125789794921875, "imu2/acl_y": 0.0, "imu2/acl_z": 9.636661682128906, "imu2/gyr_x": 3.7404580152671754, "imu2/gyr_y": -1.2213740458015268, "imu2/gyr_z": -1.0763358778625953, "milliseconds": 38975}