{"cam/image_array": "858_cam-image_array_.jpg", "user/angle": 0.0, "user/throttle": -0.17142857142857146, "user/mode": "user", "imu1/acl_x": 0.08140285644531249, "imu1/acl_y": -0.11013327636718749, "imu1/acl_z": 13.005303417968749, "imu1/gyr_x": -3.954198473282443, "imu1/gyr_y": 2.4580152671755724, "imu1/gyr_z": -2.030534351145038, "imu2/acl_x": -0.1149216796875, "imu2/acl_y": 0.009576806640625, "imu2/acl_z": 9.639055883789062, "imu2/gyr_x": 3.7786259541984735, "imu2/gyr_y": -1.2442748091603053, "imu2/gyr_z": -1.0763358778625953, "milliseconds": 81001}