{"cam/image_array": "162_cam-image_array_.jpg", "user/angle": 0.0, "user/throttle": -0.7857142857142881, "user/mode": "user", "imu1/acl_x": 0.1197100830078125, "imu1/acl_y": -0.06943184814453125, "imu1/acl_z": 12.966996191406249, "imu1/gyr_x": -3.7786259541984735, "imu1/gyr_y": 2.312977099236641, "imu1/gyr_z": -2.0, "imu2/acl_x": -0.30406361083984373, "imu2/acl_y": 0.05027823486328125, "imu2/acl_z": 9.696516723632811, "imu2/gyr_x": 3.6793893129770994, "imu2/gyr_y": -1.3358778625954197, "imu2/gyr_z": -0.8473282442748091, "milliseconds": 36937}