{"cam/image_array": "585_cam-image_array_.jpg", "user/angle": 0.0, "user/throttle": -1.0, "user/mode": "user", "imu1/acl_x": 0.1005564697265625, "imu1/acl_y": -0.11013327636718749, "imu1/acl_z": 13.005303417968749, "imu1/gyr_x": -3.83206106870229, "imu1/gyr_y": 2.3206106870229006, "imu1/gyr_z": -1.7786259541984732, "imu2/acl_x": -0.08379705810546874, "imu2/acl_y": 0.0430956298828125, "imu2/acl_z": 9.674968908691406, "imu2/gyr_x": 1.9618320610687023, "imu2/gyr_y": -1.450381679389313, "imu2/gyr_z": -1.0305343511450382, "milliseconds": 63325}