{"cam/image_array": "359_cam-image_array_.jpg", "user/angle": 1.0, "user/throttle": 1.0, "user/mode": "user", "imu1/acl_x": 0.028730419921875, "imu1/acl_y": -0.05985504150390625, "imu1/acl_z": 13.002909216308593, "imu1/gyr_x": -3.8244274809160306, "imu1/gyr_y": 2.427480916030534, "imu1/gyr_z": -0.1297709923664122, "imu2/acl_x": -0.09816226806640624, "imu2/acl_y": -0.011971008300781249, "imu2/acl_z": 9.744400756835937, "imu2/gyr_x": 3.946564885496183, "imu2/gyr_y": -1.1603053435114503, "imu2/gyr_z": -1.099236641221374, "milliseconds": 49161}