{"cam/image_array": "66_cam-image_array_.jpg", "user/angle": 1.0, "user/throttle": 0.09608280525301041, "user/mode": "user", "imu1/acl_x": 0.028730419921875, "imu1/acl_y": -0.06464344482421874, "imu1/acl_z": 12.923900561523437, "imu1/gyr_x": -4.00763358778626, "imu1/gyr_y": 2.435114503816794, "imu1/gyr_z": -1.8473282442748091, "imu2/acl_x": -0.16759411621093748, "imu2/acl_y": -0.01915361328125, "imu2/acl_z": 9.624690673828125, "imu2/gyr_x": 3.7938931297709924, "imu2/gyr_y": -1.213740458015267, "imu2/gyr_z": -1.0687022900763359, "milliseconds": 30066}