{"cam/image_array": "539_cam-image_array_.jpg", "user/angle": -1.0, "user/throttle": 0.05714285714285804, "user/mode": "user", "imu1/acl_x": 0.15083470458984374, "imu1/acl_y": -0.05027823486328125, "imu1/acl_z": 12.883199133300781, "imu1/gyr_x": -3.8396946564885495, "imu1/gyr_y": 2.5419847328244276, "imu1/gyr_z": -2.2213740458015265, "imu2/acl_x": -0.055066638183593745, "imu2/acl_y": 0.016759411621093748, "imu2/acl_z": 9.655815295410155, "imu2/gyr_x": 3.8931297709923665, "imu2/gyr_y": -1.381679389312977, "imu2/gyr_z": -0.9694656488549618, "milliseconds": 59878}