{"cam/image_array": "455_cam-image_array_.jpg", "user/angle": 0.30349401650117314, "user/throttle": 1.0, "user/mode": "user", "imu1/acl_x": 0.19153613281249998, "imu1/acl_y": -0.076614453125, "imu1/acl_z": 12.89038173828125, "imu1/gyr_x": -5.862595419847328, "imu1/gyr_y": 2.33587786259542, "imu1/gyr_z": -1.7328244274809161, "imu2/acl_x": -0.03591302490234375, "imu2/acl_y": 0.0718260498046875, "imu2/acl_z": 9.6917283203125, "imu2/gyr_x": 5.809160305343512, "imu2/gyr_y": -1.3587786259541985, "imu2/gyr_z": -1.0229007633587786, "milliseconds": 55574}