{"cam/image_array": "932_cam-image_array_.jpg", "user/angle": 0.0, "user/throttle": -1.0, "user/mode": "user", "imu1/acl_x": 0.11252747802734374, "imu1/acl_y": -0.1149216796875, "imu1/acl_z": 12.89038173828125, "imu1/gyr_x": -1.9694656488549618, "imu1/gyr_y": 2.381679389312977, "imu1/gyr_z": -2.068702290076336, "imu2/acl_x": -0.2059013427734375, "imu2/acl_y": 0.00239420166015625, "imu2/acl_z": 9.641450085449218, "imu2/gyr_x": 3.633587786259542, "imu2/gyr_y": -1.251908396946565, "imu2/gyr_z": -0.8244274809160306, "milliseconds": 87208}