{"cam/image_array": "169_cam-image_array_.jpg", "user/angle": 0.10000000000000019, "user/throttle": 0.8857142857142857, "user/mode": "user", "imu1/acl_x": 0.16998831787109375, "imu1/acl_y": -0.12210428466796874, "imu1/acl_z": 12.914323754882812, "imu1/gyr_x": -4.0534351145038165, "imu1/gyr_y": 2.450381679389313, "imu1/gyr_z": -1.8625954198473282, "imu2/acl_x": -0.086191259765625, "imu2/acl_y": 0.016759411621093748, "imu2/acl_z": 9.713276135253906, "imu2/gyr_x": 3.8244274809160306, "imu2/gyr_y": -1.3435114503816794, "imu2/gyr_z": -1.0076335877862594, "milliseconds": 37323}