{"cam/image_array": "362_cam-image_array_.jpg", "user/angle": -1.0, "user/throttle": 0.283624080563973, "user/mode": "user", "imu1/acl_x": 0.13407529296874998, "imu1/acl_y": -0.07900865478515624, "imu1/acl_z": 12.923900561523437, "imu1/gyr_x": -4.0, "imu1/gyr_y": 2.282442748091603, "imu1/gyr_z": -0.022900763358778626, "imu2/acl_x": -0.14604630126953125, "imu2/acl_y": -0.14604630126953125, "imu2/acl_z": 9.665392102050781, "imu2/gyr_x": 3.8625954198473282, "imu2/gyr_y": -1.5114503816793894, "imu2/gyr_z": -1.083969465648855, "milliseconds": 49300}