{"cam/image_array": "525_cam-image_array_.jpg", "user/angle": 0.0, "user/throttle": -1.0, "user/mode": "user", "imu1/acl_x": 0.1292868896484375, "imu1/acl_y": -0.08379705810546874, "imu1/acl_z": 12.880804931640624, "imu1/gyr_x": -3.8625954198473282, "imu1/gyr_y": 2.33587786259542, "imu1/gyr_z": -1.9083969465648856, "imu2/acl_x": -0.08140285644531249, "imu2/acl_y": -0.02154781494140625, "imu2/acl_z": 9.574412438964844, "imu2/gyr_x": 3.7404580152671754, "imu2/gyr_y": -1.3511450381679388, "imu2/gyr_z": -1.1145038167938932, "milliseconds": 59177}