{"cam/image_array": "272_cam-image_array_.jpg", "user/angle": 0.0, "user/throttle": 0.0, "user/mode": "user", "imu1/acl_x": 0.10295067138671875, "imu1/acl_y": -0.009576806640625, "imu1/acl_z": 13.084312072753905, "imu1/gyr_x": -3.969465648854962, "imu1/gyr_y": 2.351145038167939, "imu1/gyr_z": -2.030534351145038, "imu2/acl_x": -0.02633621826171875, "imu2/acl_y": 0.02633621826171875, "imu2/acl_z": 9.708487731933593, "imu2/gyr_x": 3.8702290076335877, "imu2/gyr_y": -1.2061068702290076, "imu2/gyr_z": -0.9770992366412213, "milliseconds": 44671}