{"cam/image_array": "338_cam-image_array_.jpg", "user/angle": 1.0, "user/throttle": 1.0, "user/mode": "user", "imu1/acl_x": 0.13407529296874998, "imu1/acl_y": -0.08379705810546874, "imu1/acl_z": 12.876016528320312, "imu1/gyr_x": -3.854961832061069, "imu1/gyr_y": 2.2442748091603053, "imu1/gyr_z": -1.8473282442748091, "imu2/acl_x": -0.30406361083984373, "imu2/acl_y": 0.02154781494140625, "imu2/acl_z": 9.64623848876953, "imu2/gyr_x": 3.8625954198473282, "imu2/gyr_y": -1.366412213740458, "imu2/gyr_z": -1.0, "milliseconds": 48082}