{"cam/image_array": "852_cam-image_array_.jpg", "user/angle": 1.0, "user/throttle": 0.252547601940227, "user/mode": "user", "imu1/acl_x": 0.08140285644531249, "imu1/acl_y": -0.08858546142578125, "imu1/acl_z": 12.876016528320312, "imu1/gyr_x": -3.7786259541984735, "imu1/gyr_y": 2.2900763358778624, "imu1/gyr_z": -1.7938931297709924, "imu2/acl_x": -0.0718260498046875, "imu2/acl_y": -0.02154781494140625, "imu2/acl_z": 9.605537060546874, "imu2/gyr_x": 3.885496183206107, "imu2/gyr_y": -1.1984732824427482, "imu2/gyr_z": -1.0076335877862594, "milliseconds": 80690}