{"cam/image_array": "191_cam-image_array_.jpg", "user/angle": 0.0, "user/throttle": -1.0, "user/mode": "user", "imu1/acl_x": 0.12210428466796874, "imu1/acl_y": -0.12689268798828124, "imu1/acl_z": 12.97896719970703, "imu1/gyr_x": -4.015267175572519, "imu1/gyr_y": 2.183206106870229, "imu1/gyr_z": -1.7557251908396947, "imu2/acl_x": -0.12689268798828124, "imu2/acl_y": 0.028730419921875, "imu2/acl_z": 9.588777648925781, "imu2/gyr_x": 3.7251908396946565, "imu2/gyr_y": -1.2900763358778626, "imu2/gyr_z": -1.0305343511450382, "milliseconds": 38425}