{"cam/image_array": "178_cam-image_array_.jpg", "user/angle": 0.0, "user/throttle": -0.6142857142857142, "user/mode": "user", "imu1/acl_x": 0.2920926025390625, "imu1/acl_y": -0.105344873046875, "imu1/acl_z": 12.955025183105468, "imu1/gyr_x": -3.854961832061069, "imu1/gyr_y": 2.4580152671755724, "imu1/gyr_z": -1.6717557251908397, "imu2/acl_x": -0.12449848632812499, "imu2/acl_y": 0.031124621582031248, "imu2/acl_z": 9.543287817382812, "imu2/gyr_x": 3.7938931297709924, "imu2/gyr_y": -1.1984732824427482, "imu2/gyr_z": -1.1297709923664123, "milliseconds": 37760}