{"cam/image_array": "110_cam-image_array_.jpg", "user/angle": -0.17235317320678423, "user/throttle": 1.0, "user/mode": "user", "imu1/acl_x": 0.14125789794921875, "imu1/acl_y": -0.086191259765625, "imu1/acl_z": 12.983755603027342, "imu1/gyr_x": -3.9160305343511452, "imu1/gyr_y": 2.198473282442748, "imu1/gyr_z": -0.04580152671755725, "imu2/acl_x": -0.2537853759765625, "imu2/acl_y": 0.0430956298828125, "imu2/acl_z": 9.775525378417969, "imu2/gyr_x": 3.786259541984733, "imu2/gyr_y": -1.0534351145038168, "imu2/gyr_z": -1.0076335877862594, "milliseconds": 32754}