{"cam/image_array": "96_cam-image_array_.jpg", "user/angle": 0.0, "user/throttle": -1.0, "user/mode": "user", "imu1/acl_x": 0.06943184814453125, "imu1/acl_y": -0.08379705810546874, "imu1/acl_z": 12.804190478515624, "imu1/gyr_x": -3.8625954198473282, "imu1/gyr_y": 2.267175572519084, "imu1/gyr_z": -3.9083969465648853, "imu2/acl_x": -0.1388636962890625, "imu2/acl_y": 0.08858546142578125, "imu2/acl_z": 9.557653027343749, "imu2/gyr_x": 3.8931297709923665, "imu2/gyr_y": -1.3206106870229009, "imu2/gyr_z": -1.0305343511450382, "milliseconds": 32027}