{"cam/image_array": "752_cam-image_array_.jpg", "user/angle": 0.0, "user/throttle": -0.778396573397715, "user/mode": "user", "imu1/acl_x": 0.10295067138671875, "imu1/acl_y": -0.10773907470703124, "imu1/acl_z": 12.782642663574219, "imu1/gyr_x": -3.954198473282443, "imu1/gyr_y": 2.427480916030534, "imu1/gyr_z": -2.0, "imu2/acl_x": -0.13646949462890623, "imu2/acl_y": 0.009576806640625, "imu2/acl_z": 9.622296472167967, "imu2/gyr_x": 3.877862595419847, "imu2/gyr_y": -1.2595419847328244, "imu2/gyr_z": -0.9541984732824428, "milliseconds": 75000}