{"cam/image_array": "107_cam-image_array_.jpg", "user/angle": 0.3000000000000002, "user/throttle": 0.9999999999999999, "user/mode": "user", "imu1/acl_x": 0.00239420166015625, "imu1/acl_y": -0.031124621582031248, "imu1/acl_z": 13.002909216308593, "imu1/gyr_x": -3.7938931297709924, "imu1/gyr_y": 2.282442748091603, "imu1/gyr_z": -1.8854961832061068, "imu2/acl_x": -0.13407529296874998, "imu2/acl_y": 0.0143652099609375, "imu2/acl_z": 9.689334118652344, "imu2/gyr_x": 3.931297709923664, "imu2/gyr_y": -1.2595419847328244, "imu2/gyr_z": -1.0381679389312977, "milliseconds": 32611}