{"cam/image_array": "304_cam-image_array_.jpg", "user/angle": -0.5428571428571429, "user/throttle": 0.942857142857143, "user/mode": "user", "imu1/acl_x": 0.07422025146484375, "imu1/acl_y": -0.076614453125, "imu1/acl_z": 12.861651318359375, "imu1/gyr_x": -5.809160305343512, "imu1/gyr_y": 2.3740458015267176, "imu1/gyr_z": -1.7251908396946565, "imu2/acl_x": -0.13407529296874998, "imu2/acl_y": 0.0047884033203125, "imu2/acl_z": 9.504980590820312, "imu2/gyr_x": 3.8473282442748094, "imu2/gyr_y": -1.2213740458015268, "imu2/gyr_z": -1.0229007633587786, "milliseconds": 46320}