{"cam/image_array": "829_cam-image_array_.jpg", "user/angle": 0.0, "user/throttle": -1.0, "user/mode": "user", "imu1/acl_x": 0.17238251953125, "imu1/acl_y": -0.08858546142578125, "imu1/acl_z": 12.990938208007812, "imu1/gyr_x": -3.931297709923664, "imu1/gyr_y": 2.3206106870229006, "imu1/gyr_z": -1.9312977099236641, "imu2/acl_x": -0.16519991455078123, "imu2/acl_y": -0.1484405029296875, "imu2/acl_z": 9.545682019042967, "imu2/gyr_x": 3.786259541984733, "imu2/gyr_y": -1.0916030534351144, "imu2/gyr_z": -1.0, "milliseconds": 79501}