{"cam/image_array": "189_cam-image_array_.jpg", "user/angle": 0.0, "user/throttle": -0.6031846432958116, "user/mode": "user", "imu1/acl_x": 0.13407529296874998, "imu1/acl_y": -0.086191259765625, "imu1/acl_z": 12.801796276855468, "imu1/gyr_x": -4.061068702290076, "imu1/gyr_y": 2.2748091603053435, "imu1/gyr_z": -1.984732824427481, "imu2/acl_x": -0.12689268798828124, "imu2/acl_y": 0.06464344482421874, "imu2/acl_z": 9.521740002441407, "imu2/gyr_x": 3.8244274809160306, "imu2/gyr_y": -1.2442748091603053, "imu2/gyr_z": -0.9847328244274809, "milliseconds": 38323}