{"cam/image_array": "324_cam-image_array_.jpg", "user/angle": 0.0, "user/throttle": -1.0, "user/mode": "user", "imu1/acl_x": 0.10295067138671875, "imu1/acl_y": -0.11013327636718749, "imu1/acl_z": 12.90235274658203, "imu1/gyr_x": -3.7480916030534353, "imu1/gyr_y": 2.1526717557251906, "imu1/gyr_z": -1.9541984732824427, "imu2/acl_x": -0.21068974609375, "imu2/acl_y": 0.062249243164062495, "imu2/acl_z": 9.648632690429688, "imu2/gyr_x": 3.8244274809160306, "imu2/gyr_y": -1.450381679389313, "imu2/gyr_z": -0.9312977099236641, "milliseconds": 47337}