{"cam/image_array": "802_cam-image_array_.jpg", "user/angle": 0.0, "user/throttle": -0.2957426201024934, "user/mode": "user", "imu1/acl_x": 0.1580173095703125, "imu1/acl_y": -0.1149216796875, "imu1/acl_z": 13.002909216308593, "imu1/gyr_x": -1.9618320610687023, "imu1/gyr_y": 2.282442748091603, "imu1/gyr_z": -1.9923664122137406, "imu2/acl_x": -0.0909796630859375, "imu2/acl_y": 0.0526724365234375, "imu2/acl_z": 9.765948571777344, "imu2/gyr_x": 3.946564885496183, "imu2/gyr_y": -1.3129770992366412, "imu2/gyr_z": -1.0305343511450382, "milliseconds": 78117}