{"cam/image_array": "330_cam-image_array_.jpg", "user/angle": 1.0, "user/throttle": 1.0, "user/mode": "user", "imu1/acl_x": 0.1292868896484375, "imu1/acl_y": -0.07422025146484375, "imu1/acl_z": 12.887987536621093, "imu1/gyr_x": -3.801526717557252, "imu1/gyr_y": 2.2061068702290076, "imu1/gyr_z": -2.0763358778625953, "imu2/acl_x": -0.0718260498046875, "imu2/acl_y": -0.1149216796875, "imu2/acl_z": 9.56962403564453, "imu2/gyr_x": 3.83206106870229, "imu2/gyr_y": -1.3511450381679388, "imu2/gyr_z": -1.0229007633587786, "milliseconds": 47651}