{"cam/image_array": "939_cam-image_array_.jpg", "user/angle": 0.0, "user/throttle": 0.0, "user/mode": "user", "imu1/acl_x": 0.086191259765625, "imu1/acl_y": -0.09816226806640624, "imu1/acl_z": 12.964601989746093, "imu1/gyr_x": -3.9770992366412212, "imu1/gyr_y": 2.3206106870229006, "imu1/gyr_z": -3.8931297709923665, "imu2/acl_x": -0.08140285644531249, "imu2/acl_y": 0.033518823242187495, "imu2/acl_z": 9.631873278808593, "imu2/gyr_x": 3.7480916030534353, "imu2/gyr_y": -1.297709923664122, "imu2/gyr_z": -1.083969465648855, "milliseconds": 87556}