{"cam/image_array": "150_cam-image_array_.jpg", "user/angle": 0.0, "user/throttle": 0.0, "user/mode": "user", "imu1/acl_x": 0.10773907470703124, "imu1/acl_y": -0.105344873046875, "imu1/acl_z": 12.895170141601561, "imu1/gyr_x": -1.9694656488549618, "imu1/gyr_y": 2.427480916030534, "imu1/gyr_z": -2.1297709923664123, "imu2/acl_x": -0.1005564697265625, "imu2/acl_y": 0.028730419921875, "imu2/acl_z": 9.672574707031249, "imu2/gyr_x": 3.7251908396946565, "imu2/gyr_y": -1.3129770992366412, "imu2/gyr_z": -0.9007633587786259, "milliseconds": 36329}