{"cam/image_array": "572_cam-image_array_.jpg", "user/angle": 0.0, "user/throttle": -0.08648666181696285, "user/mode": "user", "imu1/acl_x": 0.1388636962890625, "imu1/acl_y": -0.086191259765625, "imu1/acl_z": 12.938265771484375, "imu1/gyr_x": -3.786259541984733, "imu1/gyr_y": 2.3282442748091605, "imu1/gyr_z": -2.1068702290076335, "imu2/acl_x": -0.277727392578125, "imu2/acl_y": -0.02154781494140625, "imu2/acl_z": 9.777919580078125, "imu2/gyr_x": 3.816793893129771, "imu2/gyr_y": -1.1526717557251909, "imu2/gyr_z": -0.9465648854961832, "milliseconds": 62655}