{"cam/image_array": "903_cam-image_array_.jpg", "user/angle": -1.0, "user/throttle": 0.6616271927277463, "user/mode": "user", "imu1/acl_x": 0.028730419921875, "imu1/acl_y": -0.07422025146484375, "imu1/acl_z": 12.842497705078124, "imu1/gyr_x": -3.969465648854962, "imu1/gyr_y": 2.2290076335877864, "imu1/gyr_z": -1.7938931297709924, "imu2/acl_x": -0.17956512451171874, "imu2/acl_y": -0.028730419921875, "imu2/acl_z": 9.6917283203125, "imu2/gyr_x": 3.8091603053435112, "imu2/gyr_y": -1.3511450381679388, "imu2/gyr_z": -1.1068702290076335, "milliseconds": 85247}