{"cam/image_array": "266_cam-image_array_.jpg", "user/angle": -1.0, "user/throttle": 1.0, "user/mode": "user", "imu1/acl_x": 0.2825157958984375, "imu1/acl_y": -0.062249243164062495, "imu1/acl_z": 12.952630981445312, "imu1/gyr_x": -3.984732824427481, "imu1/gyr_y": 2.3435114503816794, "imu1/gyr_z": -1.9694656488549618, "imu2/acl_x": -0.13407529296874998, "imu2/acl_y": 0.0383072265625, "imu2/acl_z": 9.782707983398437, "imu2/gyr_x": 1.9541984732824427, "imu2/gyr_y": -1.213740458015267, "imu2/gyr_z": -1.0381679389312977, "milliseconds": 43596}