{"cam/image_array": "849_cam-image_array_.jpg", "user/angle": -1.0, "user/throttle": 0.4283529368781205, "user/mode": "user", "imu1/acl_x": 0.08140285644531249, "imu1/acl_y": -0.1388636962890625, "imu1/acl_z": 12.883199133300781, "imu1/gyr_x": -3.969465648854962, "imu1/gyr_y": 2.2213740458015265, "imu1/gyr_z": -1.702290076335878, "imu2/acl_x": -0.09337386474609374, "imu2/acl_y": 0.00239420166015625, "imu2/acl_z": 9.60793126220703, "imu2/gyr_x": 3.854961832061069, "imu2/gyr_y": -1.4580152671755726, "imu2/gyr_z": -1.0534351145038168, "milliseconds": 80549}