{"cam/image_array": "64_cam-image_array_.jpg", "user/angle": 1.0, "user/throttle": 1.0, "user/mode": "user", "imu1/acl_x": 0.1197100830078125, "imu1/acl_y": -0.06943184814453125, "imu1/acl_z": 12.81376728515625, "imu1/gyr_x": -4.00763358778626, "imu1/gyr_y": 2.0763358778625953, "imu1/gyr_z": -2.0610687022900764, "imu2/acl_x": -0.2753331909179687, "imu2/acl_y": -0.0047884033203125, "imu2/acl_z": 9.605537060546874, "imu2/gyr_x": 3.8625954198473282, "imu2/gyr_y": -1.4198473282442747, "imu2/gyr_z": -1.015267175572519, "milliseconds": 29955}