{"cam/image_array": "947_cam-image_array_.jpg", "user/angle": -1.0, "user/throttle": 0.06282931099859616, "user/mode": "user", "imu1/acl_x": 0.12449848632812499, "imu1/acl_y": -0.07422025146484375, "imu1/acl_z": 13.050793249511718, "imu1/gyr_x": -1.984732824427481, "imu1/gyr_y": 2.3587786259541983, "imu1/gyr_z": -2.0916030534351147, "imu2/acl_x": -0.25139117431640623, "imu2/acl_y": -0.1292868896484375, "imu2/acl_z": 9.792284790039062, "imu2/gyr_x": 3.7786259541984735, "imu2/gyr_y": -1.3511450381679388, "imu2/gyr_z": -0.9694656488549618, "milliseconds": 92780}