{"cam/image_array": "111_cam-image_array_.jpg", "user/angle": -0.17235317320678423, "user/throttle": 1.0, "user/mode": "user", "imu1/acl_x": 0.1484405029296875, "imu1/acl_y": -0.07900865478515624, "imu1/acl_z": 12.919112158203124, "imu1/gyr_x": -5.847328244274809, "imu1/gyr_y": 2.2977099236641223, "imu1/gyr_z": -2.1374045801526718, "imu2/acl_x": -0.07900865478515624, "imu2/acl_y": 0.09337386474609374, "imu2/acl_z": 9.631873278808593, "imu2/gyr_x": 1.9541984732824427, "imu2/gyr_y": -1.2366412213740459, "imu2/gyr_z": -0.9312977099236641, "milliseconds": 32805}