{"cam/image_array": "1005_cam-image_array_.jpg", "user/angle": 0.5381959872256793, "user/throttle": 1.0, "user/mode": "user", "imu1/acl_x": 0.016759411621093748, "imu1/acl_y": -0.1005564697265625, "imu1/acl_z": 12.907141149902342, "imu1/gyr_x": -3.801526717557252, "imu1/gyr_y": 2.3206106870229006, "imu1/gyr_z": -0.04580152671755725, "imu2/acl_x": -0.1388636962890625, "imu2/acl_y": -0.023942016601562498, "imu2/acl_z": 9.718064538574218, "imu2/gyr_x": 3.687022900763359, "imu2/gyr_y": -1.2366412213740459, "imu2/gyr_z": -1.0381679389312977, "milliseconds": 96912}