{"cam/image_array": "588_cam-image_array_.jpg", "user/angle": 1.0, "user/throttle": 0.5194953487913777, "user/mode": "user", "imu1/acl_x": 0.1197100830078125, "imu1/acl_y": -0.1005564697265625, "imu1/acl_z": 12.998120812988281, "imu1/gyr_x": -3.969465648854962, "imu1/gyr_y": 2.404580152671756, "imu1/gyr_z": -1.9923664122137406, "imu2/acl_x": -0.13407529296874998, "imu2/acl_y": -0.0143652099609375, "imu2/acl_z": 9.567229833984374, "imu2/gyr_x": 3.7022900763358777, "imu2/gyr_y": -1.1603053435114503, "imu2/gyr_z": -1.1221374045801527, "milliseconds": 63457}