{"cam/image_array": "978_cam-image_array_.jpg", "user/angle": 0.0, "user/throttle": -1.0, "user/mode": "user", "imu1/acl_x": 0.10773907470703124, "imu1/acl_y": -0.06464344482421874, "imu1/acl_z": 12.880804931640624, "imu1/gyr_x": -4.038167938931298, "imu1/gyr_y": 2.427480916030534, "imu1/gyr_z": -1.9541984732824427, "imu2/acl_x": -0.1292868896484375, "imu2/acl_y": -0.12689268798828124, "imu2/acl_z": 9.797073193359374, "imu2/gyr_x": 5.8396946564885495, "imu2/gyr_y": -1.3435114503816794, "imu2/gyr_z": -0.8778625954198473, "milliseconds": 95509}