{"cam/image_array": "214_cam-image_array_.jpg", "user/angle": 0.0, "user/throttle": 0.0, "user/mode": "user", "imu1/acl_x": 0.09576806640624999, "imu1/acl_y": -0.05985504150390625, "imu1/acl_z": 12.919112158203124, "imu1/gyr_x": -3.8931297709923665, "imu1/gyr_y": 2.312977099236641, "imu1/gyr_z": -2.1297709923664123, "imu2/acl_x": -0.1580173095703125, "imu2/acl_y": -0.062249243164062495, "imu2/acl_z": 9.686939916992188, "imu2/gyr_x": 3.83206106870229, "imu2/gyr_y": -1.4427480916030535, "imu2/gyr_z": -0.9312977099236641, "milliseconds": 40900}