{"cam/image_array": "20_cam-image_array_.jpg", "user/angle": -0.5053998113405996, "user/throttle": 1.0, "user/mode": "user", "imu1/acl_x": 0.09337386474609374, "imu1/acl_y": -0.09816226806640624, "imu1/acl_z": 12.974178796386719, "imu1/gyr_x": -2.0, "imu1/gyr_y": 2.351145038167939, "imu1/gyr_z": -2.122137404580153, "imu2/acl_x": -0.15083470458984374, "imu2/acl_y": 0.02633621826171875, "imu2/acl_z": 9.636661682128906, "imu2/gyr_x": 3.8625954198473282, "imu2/gyr_y": -1.4122137404580153, "imu2/gyr_z": -0.9465648854961832, "milliseconds": 27199}