{"cam/image_array": "709_cam-image_array_.jpg", "user/angle": 0.0, "user/throttle": -0.15714285714285725, "user/mode": "user", "imu1/acl_x": 0.22505495605468748, "imu1/acl_y": -0.09576806640624999, "imu1/acl_z": 12.873622326660156, "imu1/gyr_x": -4.0458015267175576, "imu1/gyr_y": 2.366412213740458, "imu1/gyr_z": -2.145038167938931, "imu2/acl_x": -0.11013327636718749, "imu2/acl_y": 0.011971008300781249, "imu2/acl_z": 9.6151138671875, "imu2/gyr_x": 3.7557251908396947, "imu2/gyr_y": -1.1145038167938932, "imu2/gyr_z": -1.0229007633587786, "milliseconds": 72074}