{"cam/image_array": "261_cam-image_array_.jpg", "user/angle": -1.0, "user/throttle": 1.0, "user/mode": "user", "imu1/acl_x": 0.16998831787109375, "imu1/acl_y": -0.1005564697265625, "imu1/acl_z": 12.90235274658203, "imu1/gyr_x": -3.9083969465648853, "imu1/gyr_y": 2.3206106870229006, "imu1/gyr_z": -1.900763358778626, "imu2/acl_x": -0.0718260498046875, "imu2/acl_y": 0.00718260498046875, "imu2/acl_z": 9.665392102050781, "imu2/gyr_x": 3.931297709923664, "imu2/gyr_y": -1.2671755725190839, "imu2/gyr_z": -0.9923664122137404, "milliseconds": 43357}