{"cam/image_array": "646_cam-image_array_.jpg", "user/angle": 0.0, "user/throttle": 0.0, "user/mode": "user", "imu1/acl_x": 0.13646949462890623, "imu1/acl_y": -0.055066638183593745, "imu1/acl_z": 12.97178459472656, "imu1/gyr_x": -3.9160305343511452, "imu1/gyr_y": 2.267175572519084, "imu1/gyr_z": -1.9923664122137406, "imu2/acl_x": -0.016759411621093748, "imu2/acl_y": -0.04548983154296875, "imu2/acl_z": 9.734823950195311, "imu2/gyr_x": 3.7938931297709924, "imu2/gyr_y": -1.16793893129771, "imu2/gyr_z": -1.099236641221374, "milliseconds": 67740}