{"cam/image_array": "670_cam-image_array_.jpg", "user/angle": 0.0, "user/throttle": -1.0, "user/mode": "user", "imu1/acl_x": 0.086191259765625, "imu1/acl_y": -0.11252747802734374, "imu1/acl_z": 12.995726611328124, "imu1/gyr_x": -3.969465648854962, "imu1/gyr_y": 2.480916030534351, "imu1/gyr_z": -3.877862595419847, "imu2/acl_x": -0.09816226806640624, "imu2/acl_y": 0.023942016601562498, "imu2/acl_z": 9.672574707031249, "imu2/gyr_x": 3.6946564885496183, "imu2/gyr_y": -1.4045801526717556, "imu2/gyr_z": -1.0229007633587786, "milliseconds": 68960}