{"cam/image_array": "422_cam-image_array_.jpg", "user/angle": -1.0, "user/throttle": 0.06248047790050727, "user/mode": "user", "imu1/acl_x": 0.10295067138671875, "imu1/acl_y": -0.07900865478515624, "imu1/acl_z": 12.90235274658203, "imu1/gyr_x": -3.984732824427481, "imu1/gyr_y": 2.2977099236641223, "imu1/gyr_z": -1.8396946564885497, "imu2/acl_x": -0.17238251953125, "imu2/acl_y": -0.011971008300781249, "imu2/acl_z": 9.636661682128906, "imu2/gyr_x": 3.8091603053435112, "imu2/gyr_y": -1.5267175572519085, "imu2/gyr_z": -0.9923664122137404, "milliseconds": 53862}