{"cam/image_array": "510_cam-image_array_.jpg", "user/angle": 0.0, "user/throttle": 0.0, "user/mode": "user", "imu1/acl_x": 0.10295067138671875, "imu1/acl_y": -0.09576806640624999, "imu1/acl_z": 12.947842578125, "imu1/gyr_x": -2.030534351145038, "imu1/gyr_y": 2.3206106870229006, "imu1/gyr_z": -1.7251908396946565, "imu2/acl_x": -0.08140285644531249, "imu2/acl_y": 0.0143652099609375, "imu2/acl_z": 9.64623848876953, "imu2/gyr_x": 3.717557251908397, "imu2/gyr_y": -1.381679389312977, "imu2/gyr_z": -0.9770992366412213, "milliseconds": 58399}