{"cam/image_array": "346_cam-image_array_.jpg", "user/angle": 1.0, "user/throttle": 0.16629752630943473, "user/mode": "user", "imu1/acl_x": 0.143652099609375, "imu1/acl_y": -0.09337386474609374, "imu1/acl_z": 12.90235274658203, "imu1/gyr_x": -3.885496183206107, "imu1/gyr_y": 2.3053435114503817, "imu1/gyr_z": -1.9694656488549618, "imu2/acl_x": -0.0047884033203125, "imu2/acl_y": -0.0143652099609375, "imu2/acl_z": 9.610325463867188, "imu2/gyr_x": 3.7709923664122136, "imu2/gyr_y": -1.3587786259541985, "imu2/gyr_z": -0.8015267175572519, "milliseconds": 48490}