{"cam/image_array": "872_cam-image_array_.jpg", "user/angle": 0.0, "user/throttle": -0.21078522124227445, "user/mode": "user", "imu1/acl_x": 0.0718260498046875, "imu1/acl_y": -0.12210428466796874, "imu1/acl_z": 12.990938208007812, "imu1/gyr_x": -3.954198473282443, "imu1/gyr_y": 2.145038167938931, "imu1/gyr_z": -1.8931297709923665, "imu2/acl_x": -0.033518823242187495, "imu2/acl_y": 0.028730419921875, "imu2/acl_z": 9.528922607421874, "imu2/gyr_x": 3.83206106870229, "imu2/gyr_y": -1.1450381679389312, "imu2/gyr_z": -0.9312977099236641, "milliseconds": 82310}