{"cam/image_array": "733_cam-image_array_.jpg", "user/angle": 0.0, "user/throttle": -1.0, "user/mode": "user", "imu1/acl_x": 0.0909796630859375, "imu1/acl_y": -0.076614453125, "imu1/acl_z": 12.916717956542968, "imu1/gyr_x": -3.946564885496183, "imu1/gyr_y": 2.2213740458015265, "imu1/gyr_z": -1.7404580152671756, "imu2/acl_x": -0.11013327636718749, "imu2/acl_y": 0.11252747802734374, "imu2/acl_z": 9.634267480468749, "imu2/gyr_x": 3.7557251908396947, "imu2/gyr_y": -1.099236641221374, "imu2/gyr_z": -1.1450381679389312, "milliseconds": 73307}