{"cam/image_array": "961_cam-image_array_.jpg", "user/angle": 0.0, "user/throttle": 3.061616997868383e-16, "user/mode": "user", "imu1/acl_x": 0.16519991455078123, "imu1/acl_y": -0.1149216796875, "imu1/acl_z": 12.840103503417968, "imu1/gyr_x": -3.8396946564885495, "imu1/gyr_y": 2.480916030534351, "imu1/gyr_z": -1.83206106870229, "imu2/acl_x": -0.16280571289062498, "imu2/acl_y": 0.0, "imu2/acl_z": 9.6917283203125, "imu2/gyr_x": 3.763358778625954, "imu2/gyr_y": -1.3053435114503817, "imu2/gyr_z": -1.0381679389312977, "milliseconds": 93954}