{"cam/image_array": "10_cam-image_array_.jpg", "user/angle": 0.0, "user/throttle": -1.0, "user/mode": "user", "imu1/acl_x": 0.1484405029296875, "imu1/acl_y": -0.086191259765625, "imu1/acl_z": 12.904746948242186, "imu1/gyr_x": -3.8473282442748094, "imu1/gyr_y": 2.312977099236641, "imu1/gyr_z": -0.07633587786259542, "imu2/acl_x": -0.16998831787109375, "imu2/acl_y": 0.01915361328125, "imu2/acl_z": 9.648632690429688, "imu2/gyr_x": 3.8244274809160306, "imu2/gyr_y": -1.3740458015267176, "imu2/gyr_z": -1.083969465648855, "milliseconds": 26685}