{"cam/image_array": "606_cam-image_array_.jpg", "user/angle": 0.9142857142857144, "user/throttle": 0.9857142857142857, "user/mode": "user", "imu1/acl_x": 0.1292868896484375, "imu1/acl_y": -0.086191259765625, "imu1/acl_z": 12.916717956542968, "imu1/gyr_x": -3.801526717557252, "imu1/gyr_y": 2.282442748091603, "imu1/gyr_z": -2.0839694656488548, "imu2/acl_x": -0.1197100830078125, "imu2/acl_y": 0.02154781494140625, "imu2/acl_z": 9.672574707031249, "imu2/gyr_x": 3.648854961832061, "imu2/gyr_y": -1.297709923664122, "imu2/gyr_z": -1.0229007633587786, "milliseconds": 65013}