{"cam/image_array": "483_cam-image_array_.jpg", "user/angle": 0.0, "user/throttle": -0.4334111760092579, "user/mode": "user", "imu1/acl_x": 0.028730419921875, "imu1/acl_y": -0.086191259765625, "imu1/acl_z": 12.952630981445312, "imu1/gyr_x": -3.984732824427481, "imu1/gyr_y": 2.1908396946564888, "imu1/gyr_z": -1.748091603053435, "imu2/acl_x": -0.16998831787109375, "imu2/acl_y": 0.01915361328125, "imu2/acl_z": 9.636661682128906, "imu2/gyr_x": 3.7557251908396947, "imu2/gyr_y": -1.083969465648855, "imu2/gyr_z": -1.0305343511450382, "milliseconds": 57008}