{"cam/image_array": "833_cam-image_array_.jpg", "user/angle": 0.7315042412255287, "user/throttle": 1.0, "user/mode": "user", "imu1/acl_x": 0.1005564697265625, "imu1/acl_y": -0.055066638183593745, "imu1/acl_z": 12.943054174804686, "imu1/gyr_x": -3.801526717557252, "imu1/gyr_y": 2.1908396946564888, "imu1/gyr_z": -1.7328244274809161, "imu2/acl_x": -0.14604630126953125, "imu2/acl_y": -0.15322890625, "imu2/acl_z": 9.660603698730467, "imu2/gyr_x": 3.7938931297709924, "imu2/gyr_y": -1.183206106870229, "imu2/gyr_z": -0.9236641221374046, "milliseconds": 79704}