{"cam/image_array": "624_cam-image_array_.jpg", "user/angle": 0.0, "user/throttle": 0.0, "user/mode": "user", "imu1/acl_x": 0.08858546142578125, "imu1/acl_y": -0.05985504150390625, "imu1/acl_z": 12.928688964843749, "imu1/gyr_x": -4.038167938931298, "imu1/gyr_y": 2.2290076335877864, "imu1/gyr_z": -1.9236641221374047, "imu2/acl_x": -0.10295067138671875, "imu2/acl_y": 0.040701428222656245, "imu2/acl_z": 9.600748657226562, "imu2/gyr_x": 3.763358778625954, "imu2/gyr_y": -1.4198473282442747, "imu2/gyr_z": -0.816793893129771, "milliseconds": 65939}