{"cam/image_array": "124_cam-image_array_.jpg", "user/angle": 0.0, "user/throttle": -0.9714285714285714, "user/mode": "user", "imu1/acl_x": 0.15083470458984374, "imu1/acl_y": -0.07422025146484375, "imu1/acl_z": 12.974178796386719, "imu1/gyr_x": -3.9770992366412212, "imu1/gyr_y": 2.2061068702290076, "imu1/gyr_z": -1.83206106870229, "imu2/acl_x": -0.062249243164062495, "imu2/acl_y": 0.009576806640625, "imu2/acl_z": 9.670180505371093, "imu2/gyr_x": 3.801526717557252, "imu2/gyr_y": -1.282442748091603, "imu2/gyr_z": -0.9083969465648855, "milliseconds": 34327}