{"cam/image_array": "445_cam-image_array_.jpg", "user/angle": 0.0, "user/throttle": -1.0, "user/mode": "user", "imu1/acl_x": 0.16280571289062498, "imu1/acl_y": -0.06464344482421874, "imu1/acl_z": 12.950236779785156, "imu1/gyr_x": -3.8702290076335877, "imu1/gyr_y": 2.33587786259542, "imu1/gyr_z": -1.7251908396946565, "imu2/acl_x": -0.1149216796875, "imu2/acl_y": 0.11731588134765625, "imu2/acl_z": 9.689334118652344, "imu2/gyr_x": 3.816793893129771, "imu2/gyr_y": -1.251908396946565, "imu2/gyr_z": -1.015267175572519, "milliseconds": 55025}