{"cam/image_array": "312_cam-image_array_.jpg", "user/angle": 0.0, "user/throttle": -0.3000000000000016, "user/mode": "user", "imu1/acl_x": 0.11013327636718749, "imu1/acl_y": -0.14125789794921875, "imu1/acl_z": 12.89038173828125, "imu1/gyr_x": -3.885496183206107, "imu1/gyr_y": 2.3206106870229006, "imu1/gyr_z": -1.7404580152671756, "imu2/acl_x": -0.11252747802734374, "imu2/acl_y": -0.031124621582031248, "imu2/acl_z": 9.60793126220703, "imu2/gyr_x": 3.6412213740458017, "imu2/gyr_y": -1.282442748091603, "imu2/gyr_z": -0.9541984732824428, "milliseconds": 46732}