{"cam/image_array": "591_cam-image_array_.jpg", "user/angle": 8.747477136766809e-19, "user/throttle": 0.014285714285714285, "user/mode": "user", "imu1/acl_x": 0.28730419921875, "imu1/acl_y": -0.10773907470703124, "imu1/acl_z": 12.926294763183593, "imu1/gyr_x": -2.0, "imu1/gyr_y": 2.3435114503816794, "imu1/gyr_z": -2.0763358778625953, "imu2/acl_x": -0.07900865478515624, "imu2/acl_y": 0.1197100830078125, "imu2/acl_z": 9.562441430664062, "imu2/gyr_x": 3.83206106870229, "imu2/gyr_y": -1.2290076335877862, "imu2/gyr_z": -1.1755725190839694, "milliseconds": 64235}