{"cam/image_array": "106_cam-image_array_.jpg", "user/angle": 0.3000000000000002, "user/throttle": 0.9999999999999999, "user/mode": "user", "imu1/acl_x": 0.13168109130859373, "imu1/acl_y": -0.06464344482421874, "imu1/acl_z": 12.919112158203124, "imu1/gyr_x": -3.8091603053435112, "imu1/gyr_y": 2.3053435114503817, "imu1/gyr_z": -0.007633587786259542, "imu2/acl_x": -0.12689268798828124, "imu2/acl_y": 0.062249243164062495, "imu2/acl_z": 9.5384994140625, "imu2/gyr_x": 5.816793893129771, "imu2/gyr_y": -1.2595419847328244, "imu2/gyr_z": -1.1755725190839694, "milliseconds": 32550}