{"cam/image_array": "157_cam-image_array_.jpg", "user/angle": 0.0, "user/throttle": -0.05317945372643871, "user/mode": "user", "imu1/acl_x": 0.0909796630859375, "imu1/acl_y": -0.1388636962890625, "imu1/acl_z": 12.840103503417968, "imu1/gyr_x": -2.0, "imu1/gyr_y": 2.2900763358778624, "imu1/gyr_z": -2.0763358778625953, "imu2/acl_x": -0.086191259765625, "imu2/acl_y": 0.011971008300781249, "imu2/acl_z": 9.727641345214844, "imu2/gyr_x": 3.6717557251908395, "imu2/gyr_y": -1.2748091603053435, "imu2/gyr_z": -0.9541984732824428, "milliseconds": 36689}