{"cam/image_array": "777_cam-image_array_.jpg", "user/angle": 0.0, "user/throttle": -0.8285714285714288, "user/mode": "user", "imu1/acl_x": 0.13646949462890623, "imu1/acl_y": -0.11252747802734374, "imu1/acl_z": 12.835315100097656, "imu1/gyr_x": -4.0458015267175576, "imu1/gyr_y": 2.5877862595419847, "imu1/gyr_z": -1.83206106870229, "imu2/acl_x": -0.16041151123046873, "imu2/acl_y": 0.01915361328125, "imu2/acl_z": 9.660603698730467, "imu2/gyr_x": 3.7938931297709924, "imu2/gyr_y": -1.2748091603053435, "imu2/gyr_z": -1.1374045801526718, "milliseconds": 76277}