{"cam/image_array": "714_cam-image_array_.jpg", "user/angle": 0.0, "user/throttle": 0.0, "user/mode": "user", "imu1/acl_x": 0.0909796630859375, "imu1/acl_y": -0.033518823242187495, "imu1/acl_z": 12.9095353515625, "imu1/gyr_x": -4.038167938931298, "imu1/gyr_y": 2.366412213740458, "imu1/gyr_z": -0.015267175572519083, "imu2/acl_x": -0.16519991455078123, "imu2/acl_y": 0.028730419921875, "imu2/acl_z": 9.667786303710937, "imu2/gyr_x": 3.732824427480916, "imu2/gyr_y": -1.3053435114503817, "imu2/gyr_z": -1.0305343511450382, "milliseconds": 72355}