{"cam/image_array": "440_cam-image_array_.jpg", "user/angle": 0.0, "user/throttle": -1.0, "user/mode": "user", "imu1/acl_x": 0.2825157958984375, "imu1/acl_y": -0.07422025146484375, "imu1/acl_z": 12.797007873535156, "imu1/gyr_x": -1.9618320610687023, "imu1/gyr_y": 2.3282442748091605, "imu1/gyr_z": -0.007633587786259542, "imu2/acl_x": -0.15562310791015624, "imu2/acl_y": 0.0, "imu2/acl_z": 9.744400756835937, "imu2/gyr_x": 3.8625954198473282, "imu2/gyr_y": -1.0763358778625953, "imu2/gyr_z": -1.0381679389312977, "milliseconds": 54766}