{"cam/image_array": "474_cam-image_array_.jpg", "user/angle": 0.0, "user/throttle": -1.0, "user/mode": "user", "imu1/acl_x": 0.16759411621093748, "imu1/acl_y": -0.08858546142578125, "imu1/acl_z": 12.964601989746093, "imu1/gyr_x": -3.816793893129771, "imu1/gyr_y": 2.3969465648854964, "imu1/gyr_z": -2.2442748091603053, "imu2/acl_x": -0.13646949462890623, "imu2/acl_y": 0.06943184814453125, "imu2/acl_z": 9.605537060546874, "imu2/gyr_x": 5.778625954198473, "imu2/gyr_y": -1.2595419847328244, "imu2/gyr_z": -1.0381679389312977, "milliseconds": 56542}