{"cam/image_array": "354_cam-image_array_.jpg", "user/angle": 0.0, "user/throttle": -1.0, "user/mode": "user", "imu1/acl_x": 0.1292868896484375, "imu1/acl_y": -0.0526724365234375, "imu1/acl_z": 12.990938208007812, "imu1/gyr_x": -1.9618320610687023, "imu1/gyr_y": 2.2595419847328246, "imu1/gyr_z": -1.916030534351145, "imu2/acl_x": -0.13407529296874998, "imu2/acl_y": -0.0143652099609375, "imu2/acl_z": 9.586383447265625, "imu2/gyr_x": 3.6030534351145036, "imu2/gyr_y": -1.4122137404580153, "imu2/gyr_z": -1.0305343511450382, "milliseconds": 48897}