{"cam/image_array": "761_cam-image_array_.jpg", "user/angle": 0.0, "user/throttle": -0.6285714285714286, "user/mode": "user", "imu1/acl_x": 0.1484405029296875, "imu1/acl_y": -0.0526724365234375, "imu1/acl_z": 12.923900561523437, "imu1/gyr_x": -3.9770992366412212, "imu1/gyr_y": 2.2748091603053435, "imu1/gyr_z": -1.6870229007633588, "imu2/acl_x": -0.09816226806640624, "imu2/acl_y": 0.033518823242187495, "imu2/acl_z": 9.636661682128906, "imu2/gyr_x": 3.8396946564885495, "imu2/gyr_y": -1.366412213740458, "imu2/gyr_z": -0.9847328244274809, "milliseconds": 75454}