{"cam/image_array": "954_cam-image_array_.jpg", "user/angle": 0.0, "user/throttle": -1.0, "user/mode": "user", "imu1/acl_x": 0.15562310791015624, "imu1/acl_y": -0.086191259765625, "imu1/acl_z": 12.926294763183593, "imu1/gyr_x": -3.954198473282443, "imu1/gyr_y": 2.480916030534351, "imu1/gyr_z": -1.916030534351145, "imu2/acl_x": -0.10295067138671875, "imu2/acl_y": 0.033518823242187495, "imu2/acl_z": 9.727641345214844, "imu2/gyr_x": 3.7557251908396947, "imu2/gyr_y": -1.2900763358778626, "imu2/gyr_z": -1.015267175572519, "milliseconds": 93137}