{"cam/image_array": "783_cam-image_array_.jpg", "user/angle": 1.0, "user/throttle": 0.6409216121964872, "user/mode": "user", "imu1/acl_x": 0.16041151123046873, "imu1/acl_y": -0.07422025146484375, "imu1/acl_z": 12.887987536621093, "imu1/gyr_x": -3.8244274809160306, "imu1/gyr_y": 2.4427480916030535, "imu1/gyr_z": -2.2061068702290076, "imu2/acl_x": -0.12210428466796874, "imu2/acl_y": -0.00718260498046875, "imu2/acl_z": 9.629479077148437, "imu2/gyr_x": 3.6946564885496183, "imu2/gyr_y": -1.3358778625954197, "imu2/gyr_z": -0.9618320610687023, "milliseconds": 76579}