{"cam/image_array": "475_cam-image_array_.jpg", "user/angle": 0.0, "user/throttle": -1.0, "user/mode": "user", "imu1/acl_x": 0.14125789794921875, "imu1/acl_y": -0.0718260498046875, "imu1/acl_z": 12.880804931640624, "imu1/gyr_x": -4.00763358778626, "imu1/gyr_y": 2.2519083969465647, "imu1/gyr_z": -1.8015267175572518, "imu2/acl_x": -0.15322890625, "imu2/acl_y": 0.016759411621093748, "imu2/acl_z": 9.651026892089844, "imu2/gyr_x": 3.6793893129770994, "imu2/gyr_y": -1.1755725190839694, "imu2/gyr_z": -0.9541984732824428, "milliseconds": 56602}