{"cam/image_array": "915_cam-image_array_.jpg", "user/angle": 0.0, "user/throttle": -1.0, "user/mode": "user", "imu1/acl_x": 0.08858546142578125, "imu1/acl_y": -0.0909796630859375, "imu1/acl_z": 12.849680310058593, "imu1/gyr_x": -3.8396946564885495, "imu1/gyr_y": 2.3969465648854964, "imu1/gyr_z": -1.9618320610687023, "imu2/acl_x": -0.09337386474609374, "imu2/acl_y": 0.05027823486328125, "imu2/acl_z": 9.689334118652344, "imu2/gyr_x": 3.8244274809160306, "imu2/gyr_y": -1.0763358778625953, "imu2/gyr_z": -1.0687022900763359, "milliseconds": 85852}