{"cam/image_array": "917_cam-image_array_.jpg", "user/angle": -1.0, "user/throttle": 1.0, "user/mode": "user", "imu1/acl_x": 0.09337386474609374, "imu1/acl_y": -0.105344873046875, "imu1/acl_z": 12.950236779785156, "imu1/gyr_x": -3.9770992366412212, "imu1/gyr_y": 2.3893129770992365, "imu1/gyr_z": -1.8854961832061068, "imu2/acl_x": -0.06943184814453125, "imu2/acl_y": 0.01915361328125, "imu2/acl_z": 9.65342109375, "imu2/gyr_x": 3.763358778625954, "imu2/gyr_y": -1.2595419847328244, "imu2/gyr_z": -1.0305343511450382, "milliseconds": 85954}