{"cam/image_array": "199_cam-image_array_.jpg", "user/angle": -1.0, "user/throttle": 0.47841329151069106, "user/mode": "user", "imu1/acl_x": 0.16519991455078123, "imu1/acl_y": -0.1149216796875, "imu1/acl_z": 12.914323754882812, "imu1/gyr_x": -3.83206106870229, "imu1/gyr_y": 2.3587786259541983, "imu1/gyr_z": -2.0610687022900764, "imu2/acl_x": -0.11252747802734374, "imu2/acl_y": -0.14125789794921875, "imu2/acl_z": 9.674968908691406, "imu2/gyr_x": 3.717557251908397, "imu2/gyr_y": -1.0458015267175573, "imu2/gyr_z": -1.0229007633587786, "milliseconds": 38860}