{"cam/image_array": "37_cam-image_array_.jpg", "user/angle": 0.5714285714285713, "user/throttle": 1.0, "user/mode": "user", "imu1/acl_x": 0.1292868896484375, "imu1/acl_y": -0.08858546142578125, "imu1/acl_z": 12.9095353515625, "imu1/gyr_x": -3.8396946564885495, "imu1/gyr_y": 2.282442748091603, "imu1/gyr_z": -2.053435114503817, "imu2/acl_x": -0.0383072265625, "imu2/acl_y": 0.00239420166015625, "imu2/acl_z": 9.6151138671875, "imu2/gyr_x": 3.7099236641221376, "imu2/gyr_y": -1.3129770992366412, "imu2/gyr_z": -1.0687022900763359, "milliseconds": 28051}