{"cam/image_array": "556_cam-image_array_.jpg", "user/angle": -1.0, "user/throttle": 0.4714285714285711, "user/mode": "user", "imu1/acl_x": 0.16041151123046873, "imu1/acl_y": -0.25139117431640623, "imu1/acl_z": 13.096283081054686, "imu1/gyr_x": -3.8931297709923665, "imu1/gyr_y": 2.2900763358778624, "imu1/gyr_z": -0.061068702290076333, "imu2/acl_x": -0.10773907470703124, "imu2/acl_y": 0.011971008300781249, "imu2/acl_z": 9.639055883789062, "imu2/gyr_x": 3.7480916030534353, "imu2/gyr_y": -1.4045801526717556, "imu2/gyr_z": -0.9465648854961832, "milliseconds": 60752}