{"cam/image_array": "382_cam-image_array_.jpg", "user/angle": 0.142857142857143, "user/throttle": 1.0, "user/mode": "user", "imu1/acl_x": 0.12210428466796874, "imu1/acl_y": -0.05985504150390625, "imu1/acl_z": 12.90235274658203, "imu1/gyr_x": -3.7709923664122136, "imu1/gyr_y": 2.1755725190839694, "imu1/gyr_z": -1.8473282442748091, "imu2/acl_x": -0.2920926025390625, "imu2/acl_y": 0.016759411621093748, "imu2/acl_z": 9.641450085449218, "imu2/gyr_x": 3.7709923664122136, "imu2/gyr_y": -1.2290076335877862, "imu2/gyr_z": -1.0687022900763359, "milliseconds": 50328}