{"cam/image_array": "4_cam-image_array_.jpg", "user/angle": -0.45714285714285713, "user/throttle": 0.18571428571428564, "user/mode": "user", "imu1/acl_x": 0.18435352783203124, "imu1/acl_y": -0.09816226806640624, "imu1/acl_z": 12.950236779785156, "imu1/gyr_x": -3.8396946564885495, "imu1/gyr_y": 2.427480916030534, "imu1/gyr_z": -2.099236641221374, "imu2/acl_x": -0.12689268798828124, "imu2/acl_y": -0.016759411621093748, "imu2/acl_z": 9.679757312011718, "imu2/gyr_x": 3.7251908396946565, "imu2/gyr_y": -1.297709923664122, "imu2/gyr_z": -1.015267175572519, "milliseconds": 26360}