{"cam/image_array": "605_cam-image_array_.jpg", "user/angle": 0.9142857142857144, "user/throttle": 0.9857142857142857, "user/mode": "user", "imu1/acl_x": 0.1005564697265625, "imu1/acl_y": -0.105344873046875, "imu1/acl_z": 12.931083166503905, "imu1/gyr_x": -5.862595419847328, "imu1/gyr_y": 2.2595419847328246, "imu1/gyr_z": -1.7251908396946565, "imu2/acl_x": -0.1149216796875, "imu2/acl_y": -0.12449848632812499, "imu2/acl_z": 9.6917283203125, "imu2/gyr_x": 3.877862595419847, "imu2/gyr_y": -1.3740458015267176, "imu2/gyr_z": -0.9618320610687023, "milliseconds": 64951}