{"cam/image_array": "410_cam-image_array_.jpg", "user/angle": 0.0, "user/throttle": 0.0, "user/mode": "user", "imu1/acl_x": 0.1149216796875, "imu1/acl_y": 0.00239420166015625, "imu1/acl_z": 12.926294763183593, "imu1/gyr_x": -3.8625954198473282, "imu1/gyr_y": 2.2519083969465647, "imu1/gyr_z": -1.8778625954198473, "imu2/acl_x": -0.2561795776367187, "imu2/acl_y": 0.02633621826171875, "imu2/acl_z": 9.713276135253906, "imu2/gyr_x": 3.4732824427480917, "imu2/gyr_y": -1.2061068702290076, "imu2/gyr_z": -0.8931297709923665, "milliseconds": 52717}