{"cam/image_array": "719_cam-image_array_.jpg", "user/angle": 0.16805869616059232, "user/throttle": 1.0, "user/mode": "user", "imu1/acl_x": 0.09337386474609374, "imu1/acl_y": -0.1484405029296875, "imu1/acl_z": 12.916717956542968, "imu1/gyr_x": -1.9923664122137406, "imu1/gyr_y": 2.435114503816794, "imu1/gyr_z": -1.6870229007633588, "imu2/acl_x": -0.12449848632812499, "imu2/acl_y": -0.0047884033203125, "imu2/acl_z": 9.639055883789062, "imu2/gyr_x": 3.786259541984733, "imu2/gyr_y": -1.2213740458015268, "imu2/gyr_z": -0.9083969465648855, "milliseconds": 72603}