{"cam/image_array": "520_cam-image_array_.jpg", "user/angle": -0.14364717616443223, "user/throttle": 1.0, "user/mode": "user", "imu1/acl_x": 0.1292868896484375, "imu1/acl_y": -0.09816226806640624, "imu1/acl_z": 12.885593334960937, "imu1/gyr_x": -4.015267175572519, "imu1/gyr_y": 2.33587786259542, "imu1/gyr_z": -1.9312977099236641, "imu2/acl_x": -0.13168109130859373, "imu2/acl_y": 0.0, "imu2/acl_z": 9.662997900390625, "imu2/gyr_x": 3.7099236641221376, "imu2/gyr_y": -1.1984732824427482, "imu2/gyr_z": -0.9923664122137404, "milliseconds": 58912}