{"cam/image_array": "504_cam-image_array_.jpg", "user/angle": 0.0, "user/throttle": -1.0, "user/mode": "user", "imu1/acl_x": 0.076614453125, "imu1/acl_y": -0.105344873046875, "imu1/acl_z": 12.935871569824219, "imu1/gyr_x": -3.83206106870229, "imu1/gyr_y": 2.3282442748091605, "imu1/gyr_z": -1.8778625954198473, "imu2/acl_x": -0.13646949462890623, "imu2/acl_y": 0.0383072265625, "imu2/acl_z": 9.660603698730467, "imu2/gyr_x": 3.801526717557252, "imu2/gyr_y": -1.1526717557251909, "imu2/gyr_z": -0.9923664122137404, "milliseconds": 58082}