{"cam/image_array": "505_cam-image_array_.jpg", "user/angle": 0.0, "user/throttle": -1.0, "user/mode": "user", "imu1/acl_x": 0.2705447875976562, "imu1/acl_y": -0.0430956298828125, "imu1/acl_z": 12.90235274658203, "imu1/gyr_x": -3.954198473282443, "imu1/gyr_y": 2.2748091603053435, "imu1/gyr_z": -1.8549618320610688, "imu2/acl_x": -0.105344873046875, "imu2/acl_y": 0.15083470458984374, "imu2/acl_z": 9.758765966796874, "imu2/gyr_x": 3.648854961832061, "imu2/gyr_y": -1.282442748091603, "imu2/gyr_z": -0.8549618320610687, "milliseconds": 58152}