{"cam/image_array": "429_cam-image_array_.jpg", "user/angle": 0.0, "user/throttle": -0.9571428571428574, "user/mode": "user", "imu1/acl_x": 0.12210428466796874, "imu1/acl_y": -0.06464344482421874, "imu1/acl_z": 12.955025183105468, "imu1/gyr_x": -1.984732824427481, "imu1/gyr_y": 2.2442748091603053, "imu1/gyr_z": -2.183206106870229, "imu2/acl_x": -0.00718260498046875, "imu2/acl_y": 0.0526724365234375, "imu2/acl_z": 9.804255798339844, "imu2/gyr_x": 3.7786259541984735, "imu2/gyr_y": -1.4198473282442747, "imu2/gyr_z": -0.9847328244274809, "milliseconds": 54204}