{"cam/image_array": "70_cam-image_array_.jpg", "user/angle": 0.43849742128683716, "user/throttle": 1.0, "user/mode": "user", "imu1/acl_x": 0.07900865478515624, "imu1/acl_y": -0.0909796630859375, "imu1/acl_z": 12.943054174804686, "imu1/gyr_x": -4.038167938931298, "imu1/gyr_y": 2.282442748091603, "imu1/gyr_z": -1.748091603053435, "imu2/acl_x": -0.12449848632812499, "imu2/acl_y": 0.1484405029296875, "imu2/acl_z": 9.787496386718749, "imu2/gyr_x": 3.732824427480916, "imu2/gyr_y": -1.3282442748091603, "imu2/gyr_z": -0.7862595419847328, "milliseconds": 30254}