{"cam/image_array": "936_cam-image_array_.jpg", "user/angle": 0.028571428571428446, "user/throttle": 0.6285714285714286, "user/mode": "user", "imu1/acl_x": 0.14125789794921875, "imu1/acl_y": -0.11252747802734374, "imu1/acl_z": 12.911929553222656, "imu1/gyr_x": -4.0, "imu1/gyr_y": 2.49618320610687, "imu1/gyr_z": -1.9923664122137406, "imu2/acl_x": -0.1292868896484375, "imu2/acl_y": 0.00239420166015625, "imu2/acl_z": 9.674968908691406, "imu2/gyr_x": 3.6412213740458017, "imu2/gyr_y": -1.2900763358778626, "imu2/gyr_z": -0.8549618320610687, "milliseconds": 87409}