{"cam/image_array": "113_cam-image_array_.jpg", "user/angle": 0.31428571428571417, "user/throttle": 1.0, "user/mode": "user", "imu1/acl_x": 0.14604630126953125, "imu1/acl_y": -0.12689268798828124, "imu1/acl_z": 12.976572998046874, "imu1/gyr_x": -2.0076335877862594, "imu1/gyr_y": 2.450381679389313, "imu1/gyr_z": -2.0916030534351147, "imu2/acl_x": -0.06464344482421874, "imu2/acl_y": -0.01915361328125, "imu2/acl_z": 9.617508068847656, "imu2/gyr_x": 3.7404580152671754, "imu2/gyr_y": -1.3129770992366412, "imu2/gyr_z": -1.1068702290076335, "milliseconds": 32906}