{"cam/image_array": "466_cam-image_array_.jpg", "user/angle": 0.0, "user/throttle": -1.0, "user/mode": "user", "imu1/acl_x": 0.19871873779296872, "imu1/acl_y": -0.055066638183593745, "imu1/acl_z": 13.007697619628905, "imu1/gyr_x": -5.8320610687022905, "imu1/gyr_y": 2.3587786259541983, "imu1/gyr_z": -1.8702290076335877, "imu2/acl_x": -0.20350714111328125, "imu2/acl_y": 0.011971008300781249, "imu2/acl_z": 9.591171850585937, "imu2/gyr_x": 3.8396946564885495, "imu2/gyr_y": -1.2290076335877862, "imu2/gyr_z": -1.0458015267175573, "milliseconds": 56138}