{"cam/image_array": "570_cam-image_array_.jpg", "user/angle": 0.7428571428571429, "user/throttle": 0.3999999999999999, "user/mode": "user", "imu1/acl_x": 0.105344873046875, "imu1/acl_y": -0.04548983154296875, "imu1/acl_z": 12.9095353515625, "imu1/gyr_x": -3.8702290076335877, "imu1/gyr_y": 2.213740458015267, "imu1/gyr_z": -3.8625954198473282, "imu2/acl_x": -0.05027823486328125, "imu2/acl_y": 0.09816226806640624, "imu2/acl_z": 9.504980590820312, "imu2/gyr_x": 5.801526717557252, "imu2/gyr_y": -1.2748091603053435, "imu2/gyr_z": -0.9847328244274809, "milliseconds": 62555}