{"cam/image_array": "310_cam-image_array_.jpg", "user/angle": 0.0, "user/throttle": -0.5285714285714291, "user/mode": "user", "imu1/acl_x": 0.1005564697265625, "imu1/acl_y": -0.10773907470703124, "imu1/acl_z": 13.000515014648437, "imu1/gyr_x": -3.854961832061069, "imu1/gyr_y": 2.2290076335877864, "imu1/gyr_z": -1.8702290076335877, "imu2/acl_x": -0.10773907470703124, "imu2/acl_y": 0.047884033203124995, "imu2/acl_z": 9.665392102050781, "imu2/gyr_x": 3.786259541984733, "imu2/gyr_y": -1.3206106870229009, "imu2/gyr_z": -0.9847328244274809, "milliseconds": 46628}