{"cam/image_array": "643_cam-image_array_.jpg", "user/angle": 1.0, "user/throttle": 1.0, "user/mode": "user", "imu1/acl_x": 0.2705447875976562, "imu1/acl_y": -0.0430956298828125, "imu1/acl_z": 12.849680310058593, "imu1/gyr_x": -3.9770992366412212, "imu1/gyr_y": 2.2977099236641223, "imu1/gyr_z": -1.8091603053435115, "imu2/acl_x": -0.016759411621093748, "imu2/acl_y": 0.01915361328125, "imu2/acl_z": 9.662997900390625, "imu2/gyr_x": 3.7480916030534353, "imu2/gyr_y": -1.083969465648855, "imu2/gyr_z": -1.0381679389312977, "milliseconds": 66918}