{"cam/image_array": "980_cam-image_array_.jpg", "user/angle": -1.0, "user/throttle": 1.0, "user/mode": "user", "imu1/acl_x": 0.12689268798828124, "imu1/acl_y": -0.05985504150390625, "imu1/acl_z": 13.012486022949219, "imu1/gyr_x": -3.732824427480916, "imu1/gyr_y": 2.282442748091603, "imu1/gyr_z": -1.8778625954198473, "imu2/acl_x": -0.12689268798828124, "imu2/acl_y": -0.00718260498046875, "imu2/acl_z": 9.670180505371093, "imu2/gyr_x": 3.8931297709923665, "imu2/gyr_y": -1.1526717557251909, "imu2/gyr_z": -1.0305343511450382, "milliseconds": 95610}