{"cam/image_array": "225_cam-image_array_.jpg", "user/angle": 0.0, "user/throttle": -0.8857142857142856, "user/mode": "user", "imu1/acl_x": 0.08858546142578125, "imu1/acl_y": -0.06943184814453125, "imu1/acl_z": 12.94065997314453, "imu1/gyr_x": -1.984732824427481, "imu1/gyr_y": 2.4656488549618323, "imu1/gyr_z": -2.282442748091603, "imu2/acl_x": -0.14604630126953125, "imu2/acl_y": 0.14125789794921875, "imu2/acl_z": 9.634267480468749, "imu2/gyr_x": 3.763358778625954, "imu2/gyr_y": -1.0763358778625953, "imu2/gyr_z": -1.0076335877862594, "milliseconds": 41487}