{"cam/image_array": "809_cam-image_array_.jpg", "user/angle": 0.0, "user/throttle": -0.3596934091170981, "user/mode": "user", "imu1/acl_x": 0.29448680419921874, "imu1/acl_y": -0.10773907470703124, "imu1/acl_z": 12.868833923339842, "imu1/gyr_x": -3.900763358778626, "imu1/gyr_y": 2.312977099236641, "imu1/gyr_z": -1.7404580152671756, "imu2/acl_x": -0.15322890625, "imu2/acl_y": 0.031124621582031248, "imu2/acl_z": 9.718064538574218, "imu2/gyr_x": 3.8244274809160306, "imu2/gyr_y": -1.2366412213740459, "imu2/gyr_z": -0.9847328244274809, "milliseconds": 78497}