{"cam/image_array": "104_cam-image_array_.jpg", "user/angle": -0.3351124037541869, "user/throttle": 1.0, "user/mode": "user", "imu1/acl_x": 0.16519991455078123, "imu1/acl_y": -0.105344873046875, "imu1/acl_z": 12.904746948242186, "imu1/gyr_x": -4.00763358778626, "imu1/gyr_y": 2.2977099236641223, "imu1/gyr_z": -1.8091603053435115, "imu2/acl_x": -0.15083470458984374, "imu2/acl_y": 0.011971008300781249, "imu2/acl_z": 9.600748657226562, "imu2/gyr_x": 3.6030534351145036, "imu2/gyr_y": -1.1374045801526718, "imu2/gyr_z": -0.8778625954198473, "milliseconds": 32444}