{"cam/image_array": "830_cam-image_array_.jpg", "user/angle": 0.0, "user/throttle": -0.21428571428571402, "user/mode": "user", "imu1/acl_x": 0.13407529296874998, "imu1/acl_y": -0.0718260498046875, "imu1/acl_z": 12.916717956542968, "imu1/gyr_x": -5.824427480916031, "imu1/gyr_y": 2.49618320610687, "imu1/gyr_z": -1.8702290076335877, "imu2/acl_x": -0.0526724365234375, "imu2/acl_y": 0.01915361328125, "imu2/acl_z": 9.708487731933593, "imu2/gyr_x": 3.83206106870229, "imu2/gyr_y": -1.2366412213740459, "imu2/gyr_z": -0.9007633587786259, "milliseconds": 79560}