{"cam/image_array": "58_cam-image_array_.jpg", "user/angle": 0.0, "user/throttle": -0.8483194881787379, "user/mode": "user", "imu1/acl_x": 0.10773907470703124, "imu1/acl_y": -0.05027823486328125, "imu1/acl_z": 13.005303417968749, "imu1/gyr_x": -3.9923664122137406, "imu1/gyr_y": 2.33587786259542, "imu1/gyr_z": -0.04580152671755725, "imu2/acl_x": -0.0909796630859375, "imu2/acl_y": -0.011971008300781249, "imu2/acl_z": 9.660603698730467, "imu2/gyr_x": 3.7099236641221376, "imu2/gyr_y": -1.1221374045801527, "imu2/gyr_z": -1.0229007633587786, "milliseconds": 29651}