{"cam/image_array": "394_cam-image_array_.jpg", "user/angle": 0.0, "user/throttle": -1.0, "user/mode": "user", "imu1/acl_x": 0.0909796630859375, "imu1/acl_y": -0.1484405029296875, "imu1/acl_z": 12.990938208007812, "imu1/gyr_x": -3.954198473282443, "imu1/gyr_y": 2.2748091603053435, "imu1/gyr_z": -2.2977099236641223, "imu2/acl_x": -0.12210428466796874, "imu2/acl_y": 0.02633621826171875, "imu2/acl_z": 9.624690673828125, "imu2/gyr_x": 3.83206106870229, "imu2/gyr_y": -1.213740458015267, "imu2/gyr_z": -0.8778625954198473, "milliseconds": 51912}