{"cam/image_array": "756_cam-image_array_.jpg", "user/angle": 1.0, "user/throttle": 1.0, "user/mode": "user", "imu1/acl_x": 0.1197100830078125, "imu1/acl_y": -0.062249243164062495, "imu1/acl_z": 12.923900561523437, "imu1/gyr_x": -3.931297709923664, "imu1/gyr_y": 2.4732824427480917, "imu1/gyr_z": -1.8778625954198473, "imu2/acl_x": -0.0143652099609375, "imu2/acl_y": 0.033518823242187495, "imu2/acl_z": 9.60793126220703, "imu2/gyr_x": 3.801526717557252, "imu2/gyr_y": -1.1755725190839694, "imu2/gyr_z": -0.9389312977099237, "milliseconds": 75206}