{"cam/image_array": "817_cam-image_array_.jpg", "user/angle": 0.0, "user/throttle": 0.0, "user/mode": "user", "imu1/acl_x": 0.009576806640625, "imu1/acl_y": -0.12689268798828124, "imu1/acl_z": 12.885593334960937, "imu1/gyr_x": -3.8244274809160306, "imu1/gyr_y": 2.4122137404580153, "imu1/gyr_z": -1.6106870229007633, "imu2/acl_x": -0.1292868896484375, "imu2/acl_y": 0.05027823486328125, "imu2/acl_z": 9.674968908691406, "imu2/gyr_x": 3.801526717557252, "imu2/gyr_y": -1.4732824427480915, "imu2/gyr_z": -0.7786259541984732, "milliseconds": 78877}