{"cam/image_array": "395_cam-image_array_.jpg", "user/angle": 0.0, "user/throttle": -1.0, "user/mode": "user", "imu1/acl_x": 0.16041151123046873, "imu1/acl_y": -0.105344873046875, "imu1/acl_z": 12.880804931640624, "imu1/gyr_x": -3.969465648854962, "imu1/gyr_y": 2.312977099236641, "imu1/gyr_z": -1.8625954198473282, "imu2/acl_x": -0.12449848632812499, "imu2/acl_y": 0.08858546142578125, "imu2/acl_z": 9.713276135253906, "imu2/gyr_x": 3.6793893129770994, "imu2/gyr_y": -1.2748091603053435, "imu2/gyr_z": -0.8702290076335878, "milliseconds": 51963}