{"cam/image_array": "426_cam-image_array_.jpg", "user/angle": 0.0, "user/throttle": -0.3859422006840238, "user/mode": "user", "imu1/acl_x": 0.12689268798828124, "imu1/acl_y": -0.086191259765625, "imu1/acl_z": 12.911929553222656, "imu1/gyr_x": -3.9618320610687023, "imu1/gyr_y": 2.2977099236641223, "imu1/gyr_z": -1.7099236641221374, "imu2/acl_x": -0.07900865478515624, "imu2/acl_y": 0.016759411621093748, "imu2/acl_z": 9.631873278808593, "imu2/gyr_x": 5.824427480916031, "imu2/gyr_y": -1.3358778625954197, "imu2/gyr_z": -0.9923664122137404, "milliseconds": 54053}