{"cam/image_array": "179_cam-image_array_.jpg", "user/angle": 0.0, "user/throttle": 0.0, "user/mode": "user", "imu1/acl_x": 0.11013327636718749, "imu1/acl_y": -0.11013327636718749, "imu1/acl_z": 12.899958544921875, "imu1/gyr_x": -4.00763358778626, "imu1/gyr_y": 2.5114503816793894, "imu1/gyr_z": -1.8396946564885497, "imu2/acl_x": -0.13168109130859373, "imu2/acl_y": 0.016759411621093748, "imu2/acl_z": 9.718064538574218, "imu2/gyr_x": 3.854961832061069, "imu2/gyr_y": -1.213740458015267, "imu2/gyr_z": -1.0534351145038168, "milliseconds": 37807}