{"cam/image_array": "268_cam-image_array_.jpg", "user/angle": -1.0, "user/throttle": 1.0, "user/mode": "user", "imu1/acl_x": 0.13646949462890623, "imu1/acl_y": -0.10773907470703124, "imu1/acl_z": 12.97178459472656, "imu1/gyr_x": -5.862595419847328, "imu1/gyr_y": 2.427480916030534, "imu1/gyr_z": -1.984732824427481, "imu2/acl_x": -0.14604630126953125, "imu2/acl_y": 0.02633621826171875, "imu2/acl_z": 9.593566052246093, "imu2/gyr_x": 3.8091603053435112, "imu2/gyr_y": -1.282442748091603, "imu2/gyr_z": -1.0076335877862594, "milliseconds": 43699}