{"cam/image_array": "608_cam-image_array_.jpg", "user/angle": 0.0, "user/throttle": 0.0, "user/mode": "user", "imu1/acl_x": 0.11013327636718749, "imu1/acl_y": -0.06943184814453125, "imu1/acl_z": 12.859257116699219, "imu1/gyr_x": -3.9389312977099236, "imu1/gyr_y": 2.312977099236641, "imu1/gyr_z": -1.8473282442748091, "imu2/acl_x": -0.28490999755859375, "imu2/acl_y": 0.09337386474609374, "imu2/acl_z": 9.610325463867188, "imu2/gyr_x": 3.763358778625954, "imu2/gyr_y": -1.1603053435114503, "imu2/gyr_z": -1.0229007633587786, "milliseconds": 65118}