{"cam/image_array": "639_cam-image_array_.jpg", "user/angle": -1.0, "user/throttle": 1.0, "user/mode": "user", "imu1/acl_x": 0.1580173095703125, "imu1/acl_y": -0.06943184814453125, "imu1/acl_z": 12.943054174804686, "imu1/gyr_x": -3.9389312977099236, "imu1/gyr_y": 2.213740458015267, "imu1/gyr_z": -1.9083969465648856, "imu2/acl_x": -0.1197100830078125, "imu2/acl_y": 0.033518823242187495, "imu2/acl_z": 9.622296472167967, "imu2/gyr_x": 3.8091603053435112, "imu2/gyr_y": -1.1374045801526718, "imu2/gyr_z": -0.9618320610687023, "milliseconds": 66705}