{"cam/image_array": "820_cam-image_array_.jpg", "user/angle": 0.0, "user/throttle": -1.0, "user/mode": "user", "imu1/acl_x": 0.00718260498046875, "imu1/acl_y": -0.09576806640624999, "imu1/acl_z": 12.947842578125, "imu1/gyr_x": -3.8702290076335877, "imu1/gyr_y": 2.183206106870229, "imu1/gyr_z": -1.8854961832061068, "imu2/acl_x": -0.1197100830078125, "imu2/acl_y": 0.0, "imu2/acl_z": 9.78031378173828, "imu2/gyr_x": 3.9236641221374047, "imu2/gyr_y": -1.1603053435114503, "imu2/gyr_z": -1.1068702290076335, "milliseconds": 79050}