{"cam/image_array": "258_cam-image_array_.jpg", "user/angle": -1.0, "user/throttle": 1.0, "user/mode": "user", "imu1/acl_x": 0.09576806640624999, "imu1/acl_y": -0.11013327636718749, "imu1/acl_z": 12.904746948242186, "imu1/gyr_x": -3.854961832061069, "imu1/gyr_y": 2.3053435114503817, "imu1/gyr_z": -1.748091603053435, "imu2/acl_x": -0.11013327636718749, "imu2/acl_y": -0.011971008300781249, "imu2/acl_z": 9.665392102050781, "imu2/gyr_x": 3.885496183206107, "imu2/gyr_y": -1.2900763358778626, "imu2/gyr_z": -0.8702290076335878, "milliseconds": 43185}