{"cam/image_array": "910_cam-image_array_.jpg", "user/angle": 0.0, "user/throttle": -1.0, "user/mode": "user", "imu1/acl_x": 0.14604630126953125, "imu1/acl_y": -0.0909796630859375, "imu1/acl_z": 13.005303417968749, "imu1/gyr_x": -3.854961832061069, "imu1/gyr_y": 2.312977099236641, "imu1/gyr_z": -3.8473282442748094, "imu2/acl_x": -0.00718260498046875, "imu2/acl_y": 0.1484405029296875, "imu2/acl_z": 9.785102185058593, "imu2/gyr_x": 3.946564885496183, "imu2/gyr_y": -1.099236641221374, "imu2/gyr_z": -0.8549618320610687, "milliseconds": 85604}