{"cam/image_array": "855_cam-image_array_.jpg", "user/angle": 1.0, "user/throttle": 0.1142857142857141, "user/mode": "user", "imu1/acl_x": 0.12210428466796874, "imu1/acl_y": -0.105344873046875, "imu1/acl_z": 12.868833923339842, "imu1/gyr_x": -1.9694656488549618, "imu1/gyr_y": 2.366412213740458, "imu1/gyr_z": -0.06870229007633588, "imu2/acl_x": -0.08858546142578125, "imu2/acl_y": 0.09337386474609374, "imu2/acl_z": 9.670180505371093, "imu2/gyr_x": 3.7480916030534353, "imu2/gyr_y": -1.1374045801526718, "imu2/gyr_z": -0.9770992366412213, "milliseconds": 80834}