{"cam/image_array": "375_cam-image_array_.jpg", "user/angle": 0.0, "user/throttle": 0.0, "user/mode": "user", "imu1/acl_x": 0.1197100830078125, "imu1/acl_y": -0.086191259765625, "imu1/acl_z": 12.919112158203124, "imu1/gyr_x": -3.8702290076335877, "imu1/gyr_y": 2.2900763358778624, "imu1/gyr_z": -3.801526717557252, "imu2/acl_x": -0.055066638183593745, "imu2/acl_y": -0.0047884033203125, "imu2/acl_z": 9.545682019042967, "imu2/gyr_x": 3.8702290076335877, "imu2/gyr_y": -1.2213740458015268, "imu2/gyr_z": -0.8625954198473282, "milliseconds": 49964}