{"cam/image_array": "763_cam-image_array_.jpg", "user/angle": 0.0, "user/throttle": -1.0, "user/mode": "user", "imu1/acl_x": 0.14604630126953125, "imu1/acl_y": -0.0909796630859375, "imu1/acl_z": 12.945448376464842, "imu1/gyr_x": -4.0458015267175576, "imu1/gyr_y": 2.236641221374046, "imu1/gyr_z": -3.854961832061069, "imu2/acl_x": -0.1005564697265625, "imu2/acl_y": 0.143652099609375, "imu2/acl_z": 9.622296472167967, "imu2/gyr_x": 3.885496183206107, "imu2/gyr_y": -1.1374045801526718, "imu2/gyr_z": -0.9694656488549618, "milliseconds": 75556}