{"cam/image_array": "35_cam-image_array_.jpg", "user/angle": -1.0, "user/throttle": 1.0, "user/mode": "user", "imu1/acl_x": 0.1149216796875, "imu1/acl_y": -0.04548983154296875, "imu1/acl_z": 12.911929553222656, "imu1/gyr_x": -3.7480916030534353, "imu1/gyr_y": 2.312977099236641, "imu1/gyr_z": -1.9465648854961832, "imu2/acl_x": -0.17477672119140625, "imu2/acl_y": -0.00239420166015625, "imu2/acl_z": 9.64623848876953, "imu2/gyr_x": 3.7786259541984735, "imu2/gyr_y": -1.3129770992366412, "imu2/gyr_z": -0.8625954198473282, "milliseconds": 27948}