{"cam/image_array": "452_cam-image_array_.jpg", "user/angle": 0.2476447597158047, "user/throttle": 1.0, "user/mode": "user", "imu1/acl_x": 0.15083470458984374, "imu1/acl_y": -0.13168109130859373, "imu1/acl_z": 12.94065997314453, "imu1/gyr_x": -2.0, "imu1/gyr_y": 2.267175572519084, "imu1/gyr_z": -1.8015267175572518, "imu2/acl_x": -0.143652099609375, "imu2/acl_y": 0.02154781494140625, "imu2/acl_z": 9.595960253906249, "imu2/gyr_x": 3.9389312977099236, "imu2/gyr_y": -1.2442748091603053, "imu2/gyr_z": -0.9541984732824428, "milliseconds": 55404}