{"cam/image_array": "76_cam-image_array_.jpg", "user/angle": -0.014285714285714287, "user/throttle": 0.014285714285714289, "user/mode": "user", "imu1/acl_x": 0.00239420166015625, "imu1/acl_y": -0.0047884033203125, "imu1/acl_z": 12.828132495117186, "imu1/gyr_x": -4.122137404580153, "imu1/gyr_y": 2.4198473282442747, "imu1/gyr_z": -3.877862595419847, "imu2/acl_x": -0.11013327636718749, "imu2/acl_y": 0.028730419921875, "imu2/acl_z": 9.694122521972655, "imu2/gyr_x": 3.8625954198473282, "imu2/gyr_y": -1.3129770992366412, "imu2/gyr_z": -1.0610687022900764, "milliseconds": 31003}