{"cam/image_array": "860_cam-image_array_.jpg", "user/angle": 0.0, "user/throttle": -0.3406588027785051, "user/mode": "user", "imu1/acl_x": 0.2753331909179687, "imu1/acl_y": -0.09816226806640624, "imu1/acl_z": 12.7563064453125, "imu1/gyr_x": -3.9389312977099236, "imu1/gyr_y": 2.213740458015267, "imu1/gyr_z": -1.83206106870229, "imu2/acl_x": -0.1292868896484375, "imu2/acl_y": -0.047884033203124995, "imu2/acl_z": 9.765948571777344, "imu2/gyr_x": 3.66412213740458, "imu2/gyr_y": -1.3435114503816794, "imu2/gyr_z": -0.8778625954198473, "milliseconds": 81092}