{"cam/image_array": "988_cam-image_array_.jpg", "user/angle": -1.0, "user/throttle": 1.0, "user/mode": "user", "imu1/acl_x": 0.076614453125, "imu1/acl_y": -0.15083470458984374, "imu1/acl_z": 12.911929553222656, "imu1/gyr_x": -3.885496183206107, "imu1/gyr_y": 2.450381679389313, "imu1/gyr_z": -2.0610687022900764, "imu2/acl_x": -0.11731588134765625, "imu2/acl_y": 0.0, "imu2/acl_z": 9.727641345214844, "imu2/gyr_x": 3.801526717557252, "imu2/gyr_y": -1.2595419847328244, "imu2/gyr_z": -0.9465648854961832, "milliseconds": 96006}