{"cam/image_array": "27_cam-image_array_.jpg", "user/angle": -1.0, "user/throttle": 1.0, "user/mode": "user", "imu1/acl_x": 0.1771709228515625, "imu1/acl_y": -0.08379705810546874, "imu1/acl_z": 12.878410729980468, "imu1/gyr_x": -5.816793893129771, "imu1/gyr_y": 2.2595419847328246, "imu1/gyr_z": -3.8625954198473282, "imu2/acl_x": -0.143652099609375, "imu2/acl_y": 0.009576806640625, "imu2/acl_z": 9.643844287109374, "imu2/gyr_x": 3.801526717557252, "imu2/gyr_y": -1.16793893129771, "imu2/gyr_z": -1.0381679389312977, "milliseconds": 27557}