{"cam/image_array": "13_cam-image_array_.jpg", "user/angle": 0.0, "user/throttle": -0.11428571428571407, "user/mode": "user", "imu1/acl_x": 0.11013327636718749, "imu1/acl_y": -0.14125789794921875, "imu1/acl_z": 12.969390393066405, "imu1/gyr_x": -3.9160305343511452, "imu1/gyr_y": 2.33587786259542, "imu1/gyr_z": -2.1526717557251906, "imu2/acl_x": -0.1388636962890625, "imu2/acl_y": -0.011971008300781249, "imu2/acl_z": 9.660603698730467, "imu2/gyr_x": 3.687022900763359, "imu2/gyr_y": -1.3969465648854962, "imu2/gyr_z": -1.0305343511450382, "milliseconds": 26822}