{"cam/image_array": "98_cam-image_array_.jpg", "user/angle": -0.44016905738328677, "user/throttle": 1.0, "user/mode": "user", "imu1/acl_x": 0.06943184814453125, "imu1/acl_y": -0.06703764648437499, "imu1/acl_z": 12.914323754882812, "imu1/gyr_x": -2.0, "imu1/gyr_y": 2.2977099236641223, "imu1/gyr_z": -3.885496183206107, "imu2/acl_x": -0.18914193115234373, "imu2/acl_y": -0.10773907470703124, "imu2/acl_z": 9.636661682128906, "imu2/gyr_x": 3.6946564885496183, "imu2/gyr_y": -1.251908396946565, "imu2/gyr_z": -0.9465648854961832, "milliseconds": 32147}