{"cam/image_array": "546_cam-image_array_.jpg", "user/angle": -1.0, "user/throttle": 0.3223973992655552, "user/mode": "user", "imu1/acl_x": 0.13407529296874998, "imu1/acl_y": -0.08858546142578125, "imu1/acl_z": 12.899958544921875, "imu1/gyr_x": -3.877862595419847, "imu1/gyr_y": 2.33587786259542, "imu1/gyr_z": -3.801526717557252, "imu2/acl_x": -0.3016694091796875, "imu2/acl_y": 0.00718260498046875, "imu2/acl_z": 9.72285294189453, "imu2/gyr_x": 3.801526717557252, "imu2/gyr_y": -1.2595419847328244, "imu2/gyr_z": -0.9923664122137404, "milliseconds": 60243}