{"cam/image_array": "645_cam-image_array_.jpg", "user/angle": 0.0, "user/throttle": 0.0, "user/mode": "user", "imu1/acl_x": 0.12210428466796874, "imu1/acl_y": -0.12210428466796874, "imu1/acl_z": 12.899958544921875, "imu1/gyr_x": -3.9160305343511452, "imu1/gyr_y": 2.5572519083969465, "imu1/gyr_z": -2.0076335877862594, "imu2/acl_x": -0.12449848632812499, "imu2/acl_y": -0.023942016601562498, "imu2/acl_z": 9.710881933593749, "imu2/gyr_x": 3.7786259541984735, "imu2/gyr_y": -1.213740458015267, "imu2/gyr_z": -1.0305343511450382, "milliseconds": 67020}