{"cam/image_array": "853_cam-image_array_.jpg", "user/angle": 1.0, "user/throttle": 0.252547601940227, "user/mode": "user", "imu1/acl_x": 0.1388636962890625, "imu1/acl_y": -0.1149216796875, "imu1/acl_z": 12.899958544921875, "imu1/gyr_x": -3.7786259541984735, "imu1/gyr_y": 2.2977099236641223, "imu1/gyr_z": -2.0229007633587788, "imu2/acl_x": -0.1197100830078125, "imu2/acl_y": 0.05746083984375, "imu2/acl_z": 9.622296472167967, "imu2/gyr_x": 3.7557251908396947, "imu2/gyr_y": -1.3740458015267176, "imu2/gyr_z": -0.9923664122137404, "milliseconds": 80744}