{"cam/image_array": "117_cam-image_array_.jpg", "user/angle": 1.0, "user/throttle": 0.014285714285713983, "user/mode": "user", "imu1/acl_x": 0.1005564697265625, "imu1/acl_y": -0.086191259765625, "imu1/acl_z": 12.923900561523437, "imu1/gyr_x": -3.900763358778626, "imu1/gyr_y": 2.404580152671756, "imu1/gyr_z": -2.1755725190839694, "imu2/acl_x": -0.06943184814453125, "imu2/acl_y": 0.0430956298828125, "imu2/acl_z": 9.631873278808593, "imu2/gyr_x": 3.717557251908397, "imu2/gyr_y": -1.3206106870229009, "imu2/gyr_z": -0.9770992366412213, "milliseconds": 33958}