{"cam/image_array": "44_cam-image_array_.jpg", "user/angle": 0.0, "user/throttle": -0.9428571428571428, "user/mode": "user", "imu1/acl_x": 0.16041151123046873, "imu1/acl_y": -0.09576806640624999, "imu1/acl_z": 12.799402075195312, "imu1/gyr_x": -5.801526717557252, "imu1/gyr_y": 2.2977099236641223, "imu1/gyr_z": -1.7938931297709924, "imu2/acl_x": -0.10773907470703124, "imu2/acl_y": 0.016759411621093748, "imu2/acl_z": 9.53131680908203, "imu2/gyr_x": 3.7480916030534353, "imu2/gyr_y": -1.3587786259541985, "imu2/gyr_z": -0.9236641221374046, "milliseconds": 28419}