{"cam/image_array": "904_cam-image_array_.jpg", "user/angle": -1.0, "user/throttle": 1.0, "user/mode": "user", "imu1/acl_x": 0.14125789794921875, "imu1/acl_y": -0.13646949462890623, "imu1/acl_z": 12.935871569824219, "imu1/gyr_x": -4.00763358778626, "imu1/gyr_y": 2.3587786259541983, "imu1/gyr_z": -1.9541984732824427, "imu2/acl_x": -0.105344873046875, "imu2/acl_y": 0.011971008300781249, "imu2/acl_z": 9.696516723632811, "imu2/gyr_x": 1.9541984732824427, "imu2/gyr_y": -1.1984732824427482, "imu2/gyr_z": -0.9007633587786259, "milliseconds": 85298}