{"cam/image_array": "253_cam-image_array_.jpg", "user/angle": -1.0, "user/throttle": 1.0, "user/mode": "user", "imu1/acl_x": 0.13646949462890623, "imu1/acl_y": -0.055066638183593745, "imu1/acl_z": 12.866439721679686, "imu1/gyr_x": -3.8473282442748094, "imu1/gyr_y": 2.267175572519084, "imu1/gyr_z": -1.8702290076335877, "imu2/acl_x": -0.14125789794921875, "imu2/acl_y": 0.033518823242187495, "imu2/acl_z": 9.660603698730467, "imu2/gyr_x": 5.854961832061068, "imu2/gyr_y": -1.381679389312977, "imu2/gyr_z": -1.0381679389312977, "milliseconds": 42928}