{"cam/image_array": "705_cam-image_array_.jpg", "user/angle": 0.0, "user/throttle": -0.010548429308137002, "user/mode": "user", "imu1/acl_x": 0.13168109130859373, "imu1/acl_y": -0.06703764648437499, "imu1/acl_z": 12.976572998046874, "imu1/gyr_x": -4.076335877862595, "imu1/gyr_y": 2.450381679389313, "imu1/gyr_z": -1.9923664122137406, "imu2/acl_x": -0.15322890625, "imu2/acl_y": 0.0047884033203125, "imu2/acl_z": 9.6917283203125, "imu2/gyr_x": 3.7938931297709924, "imu2/gyr_y": -1.3358778625954197, "imu2/gyr_z": -1.0229007633587786, "milliseconds": 71875}