{"cam/image_array": "887_cam-image_array_.jpg", "user/angle": 1.0, "user/throttle": 1.0, "user/mode": "user", "imu1/acl_x": 0.143652099609375, "imu1/acl_y": -0.08379705810546874, "imu1/acl_z": 12.895170141601561, "imu1/gyr_x": -4.061068702290076, "imu1/gyr_y": 2.450381679389313, "imu1/gyr_z": -1.8473282442748091, "imu2/acl_x": -0.16280571289062498, "imu2/acl_y": 0.06943184814453125, "imu2/acl_z": 9.696516723632811, "imu2/gyr_x": 3.8473282442748094, "imu2/gyr_y": -1.2061068702290076, "imu2/gyr_z": -0.9389312977099237, "milliseconds": 83086}