{"cam/image_array": "17_cam-image_array_.jpg", "user/angle": 0.0, "user/throttle": 0.0, "user/mode": "user", "imu1/acl_x": 0.20829554443359374, "imu1/acl_y": -0.0526724365234375, "imu1/acl_z": 12.926294763183593, "imu1/gyr_x": -3.717557251908397, "imu1/gyr_y": 2.1755725190839694, "imu1/gyr_z": -2.1374045801526718, "imu2/acl_x": -0.18435352783203124, "imu2/acl_y": 0.031124621582031248, "imu2/acl_z": 9.572018237304688, "imu2/gyr_x": 3.8702290076335877, "imu2/gyr_y": -1.2366412213740459, "imu2/gyr_z": -0.9236641221374046, "milliseconds": 27040}