{"cam/image_array": "842_cam-image_array_.jpg", "user/angle": 1.0, "user/throttle": 1.0, "user/mode": "user", "imu1/acl_x": 0.13407529296874998, "imu1/acl_y": -0.15322890625, "imu1/acl_z": 12.911929553222656, "imu1/gyr_x": -3.854961832061069, "imu1/gyr_y": 2.2900763358778624, "imu1/gyr_z": -2.0, "imu2/acl_x": -0.26336218261718747, "imu2/acl_y": 0.03591302490234375, "imu2/acl_z": 9.593566052246093, "imu2/gyr_x": 3.801526717557252, "imu2/gyr_y": -1.2748091603053435, "imu2/gyr_z": -0.9694656488549618, "milliseconds": 80160}