{"cam/image_array": "998_cam-image_array_.jpg", "user/angle": 1.0, "user/throttle": 1.0, "user/mode": "user", "imu1/acl_x": 0.12689268798828124, "imu1/acl_y": -0.062249243164062495, "imu1/acl_z": 12.947842578125, "imu1/gyr_x": -4.015267175572519, "imu1/gyr_y": 2.3435114503816794, "imu1/gyr_z": -3.8244274809160306, "imu2/acl_x": -0.0909796630859375, "imu2/acl_y": 0.0430956298828125, "imu2/acl_z": 9.667786303710937, "imu2/gyr_x": 3.7022900763358777, "imu2/gyr_y": -1.2290076335877862, "imu2/gyr_z": -1.0763358778625953, "milliseconds": 96544}