{"cam/image_array": "543_cam-image_array_.jpg", "user/angle": 0.0, "user/throttle": -0.018314526847773953, "user/mode": "user", "imu1/acl_x": 0.09337386474609374, "imu1/acl_y": -0.023942016601562498, "imu1/acl_z": 12.895170141601561, "imu1/gyr_x": -5.8320610687022905, "imu1/gyr_y": 2.3282442748091605, "imu1/gyr_z": -2.0076335877862594, "imu2/acl_x": -0.11731588134765625, "imu2/acl_y": -0.011971008300781249, "imu2/acl_z": 9.696516723632811, "imu2/gyr_x": 3.854961832061069, "imu2/gyr_y": -1.5038167938931297, "imu2/gyr_z": -0.9770992366412213, "milliseconds": 60090}