{"cam/image_array": "241_cam-image_array_.jpg", "user/angle": 0.6000000000000002, "user/throttle": 1.0, "user/mode": "user", "imu1/acl_x": 0.143652099609375, "imu1/acl_y": -0.00239420166015625, "imu1/acl_z": 12.880804931640624, "imu1/gyr_x": -3.8931297709923665, "imu1/gyr_y": 2.2213740458015265, "imu1/gyr_z": -1.9083969465648856, "imu2/acl_x": -0.07422025146484375, "imu2/acl_y": -0.0143652099609375, "imu2/acl_z": 9.612719665527344, "imu2/gyr_x": 3.7709923664122136, "imu2/gyr_y": -1.2900763358778626, "imu2/gyr_z": -0.8702290076335878, "milliseconds": 42299}