{"cam/image_array": "587_cam-image_array_.jpg", "user/angle": 0.8857142857142857, "user/throttle": 1.0, "user/mode": "user", "imu1/acl_x": 0.08379705810546874, "imu1/acl_y": -0.105344873046875, "imu1/acl_z": 12.959813586425781, "imu1/gyr_x": -4.061068702290076, "imu1/gyr_y": 2.3435114503816794, "imu1/gyr_z": -3.8473282442748094, "imu2/acl_x": -0.05985504150390625, "imu2/acl_y": 0.028730419921875, "imu2/acl_z": 9.76116016845703, "imu2/gyr_x": 5.847328244274809, "imu2/gyr_y": -1.3129770992366412, "imu2/gyr_z": -0.9312977099236641, "milliseconds": 63413}