{"cam/image_array": "746_cam-image_array_.jpg", "user/angle": 0.0, "user/throttle": -1.0, "user/mode": "user", "imu1/acl_x": 0.2920926025390625, "imu1/acl_y": -0.143652099609375, "imu1/acl_z": 12.899958544921875, "imu1/gyr_x": -3.786259541984733, "imu1/gyr_y": 2.6030534351145036, "imu1/gyr_z": -0.04580152671755725, "imu2/acl_x": -0.1388636962890625, "imu2/acl_y": 0.016759411621093748, "imu2/acl_z": 9.682151513671874, "imu2/gyr_x": 3.900763358778626, "imu2/gyr_y": -1.3129770992366412, "imu2/gyr_z": -0.9770992366412213, "milliseconds": 74689}