{"cam/image_array": "638_cam-image_array_.jpg", "user/angle": -1.0, "user/throttle": 1.0, "user/mode": "user", "imu1/acl_x": 0.062249243164062495, "imu1/acl_y": -0.047884033203124995, "imu1/acl_z": 12.962207788085937, "imu1/gyr_x": -5.854961832061068, "imu1/gyr_y": 2.4427480916030535, "imu1/gyr_z": -0.16793893129770993, "imu2/acl_x": -0.15322890625, "imu2/acl_y": 0.12449848632812499, "imu2/acl_z": 9.53131680908203, "imu2/gyr_x": 3.877862595419847, "imu2/gyr_y": -1.2442748091603053, "imu2/gyr_z": -1.0763358778625953, "milliseconds": 66667}