{"cam/image_array": "311_cam-image_array_.jpg", "user/angle": 1.0, "user/throttle": 1.0, "user/mode": "user", "imu1/acl_x": 0.031124621582031248, "imu1/acl_y": -0.12449848632812499, "imu1/acl_z": 12.945448376464842, "imu1/gyr_x": -3.9618320610687023, "imu1/gyr_y": 2.4427480916030535, "imu1/gyr_z": -1.7709923664122138, "imu2/acl_x": -0.086191259765625, "imu2/acl_y": -0.06464344482421874, "imu2/acl_z": 9.725247143554688, "imu2/gyr_x": 5.816793893129771, "imu2/gyr_y": -1.282442748091603, "imu2/gyr_z": -0.9923664122137404, "milliseconds": 46679}