{"cam/image_array": "824_cam-image_array_.jpg", "user/angle": 1.0, "user/throttle": 1.0, "user/mode": "user", "imu1/acl_x": 0.12689268798828124, "imu1/acl_y": -0.055066638183593745, "imu1/acl_z": 12.914323754882812, "imu1/gyr_x": -3.8931297709923665, "imu1/gyr_y": 2.282442748091603, "imu1/gyr_z": -2.114503816793893, "imu2/acl_x": -0.2920926025390625, "imu2/acl_y": 0.01915361328125, "imu2/acl_z": 9.792284790039062, "imu2/gyr_x": 3.7480916030534353, "imu2/gyr_y": -1.4122137404580153, "imu2/gyr_z": -1.0229007633587786, "milliseconds": 79247}