{"cam/image_array": "581_cam-image_array_.jpg", "user/angle": 1.0, "user/throttle": 0.33826994758552187, "user/mode": "user", "imu1/acl_x": 0.1292868896484375, "imu1/acl_y": -0.12210428466796874, "imu1/acl_z": 12.897564343261719, "imu1/gyr_x": -4.00763358778626, "imu1/gyr_y": 2.480916030534351, "imu1/gyr_z": -3.854961832061069, "imu2/acl_x": -0.13168109130859373, "imu2/acl_y": -0.028730419921875, "imu2/acl_z": 9.603142858886718, "imu2/gyr_x": 3.8091603053435112, "imu2/gyr_y": -1.3511450381679388, "imu2/gyr_z": -0.816793893129771, "milliseconds": 63113}