{"cam/image_array": "317_cam-image_array_.jpg", "user/angle": 0.8857142857142856, "user/throttle": 0.8, "user/mode": "user", "imu1/acl_x": 0.0909796630859375, "imu1/acl_y": -0.062249243164062495, "imu1/acl_z": 12.950236779785156, "imu1/gyr_x": -3.8931297709923665, "imu1/gyr_y": 2.4427480916030535, "imu1/gyr_z": -1.8778625954198473, "imu2/acl_x": -0.14604630126953125, "imu2/acl_y": 0.11731588134765625, "imu2/acl_z": 9.533711010742186, "imu2/gyr_x": 3.7786259541984735, "imu2/gyr_y": -1.2213740458015268, "imu2/gyr_z": -1.0687022900763359, "milliseconds": 46979}