{"cam/image_array": "365_cam-image_array_.jpg", "user/angle": -1.0, "user/throttle": 1.0, "user/mode": "user", "imu1/acl_x": 0.11013327636718749, "imu1/acl_y": -0.062249243164062495, "imu1/acl_z": 12.959813586425781, "imu1/gyr_x": -4.015267175572519, "imu1/gyr_y": 2.366412213740458, "imu1/gyr_z": -3.8702290076335877, "imu2/acl_x": -0.14604630126953125, "imu2/acl_y": 0.05985504150390625, "imu2/acl_z": 9.749189160156249, "imu2/gyr_x": 3.732824427480916, "imu2/gyr_y": -1.1984732824427482, "imu2/gyr_z": -1.099236641221374, "milliseconds": 49452}