{"cam/image_array": "770_cam-image_array_.jpg", "user/angle": 0.0, "user/throttle": -1.0, "user/mode": "user", "imu1/acl_x": 0.10295067138671875, "imu1/acl_y": -0.086191259765625, "imu1/acl_z": 12.964601989746093, "imu1/gyr_x": -3.969465648854962, "imu1/gyr_y": 2.2900763358778624, "imu1/gyr_z": -3.9083969465648853, "imu2/acl_x": -0.02154781494140625, "imu2/acl_y": -0.016759411621093748, "imu2/acl_z": 9.507374792480467, "imu2/gyr_x": 3.946564885496183, "imu2/gyr_y": -1.251908396946565, "imu2/gyr_z": -1.083969465648855, "milliseconds": 75920}