{"cam/image_array": "464_cam-image_array_.jpg", "user/angle": 0.0, "user/throttle": -1.0, "user/mode": "user", "imu1/acl_x": 0.09576806640624999, "imu1/acl_y": -0.09576806640624999, "imu1/acl_z": 12.945448376464842, "imu1/gyr_x": -1.9923664122137406, "imu1/gyr_y": 2.2595419847328246, "imu1/gyr_z": -2.045801526717557, "imu2/acl_x": -0.14125789794921875, "imu2/acl_y": 0.02633621826171875, "imu2/acl_z": 9.660603698730467, "imu2/gyr_x": 3.7709923664122136, "imu2/gyr_y": -1.3053435114503817, "imu2/gyr_z": -1.0687022900763359, "milliseconds": 56029}