{"cam/image_array": "948_cam-image_array_.jpg", "user/angle": -1.0, "user/throttle": 0.06282931099859616, "user/mode": "user", "imu1/acl_x": 0.13168109130859373, "imu1/acl_y": -0.076614453125, "imu1/acl_z": 12.933477368164061, "imu1/gyr_x": -5.8320610687022905, "imu1/gyr_y": 2.3969465648854964, "imu1/gyr_z": -1.7251908396946565, "imu2/acl_x": -0.1580173095703125, "imu2/acl_y": 0.03591302490234375, "imu2/acl_z": 9.639055883789062, "imu2/gyr_x": 3.633587786259542, "imu2/gyr_y": -1.3282442748091603, "imu2/gyr_z": -0.9083969465648855, "milliseconds": 92846}