{"cam/image_array": "83_cam-image_array_.jpg", "user/angle": -0.24285714285714283, "user/throttle": 0.11428571428571432, "user/mode": "user", "imu1/acl_x": 0.0909796630859375, "imu1/acl_y": -0.10295067138671875, "imu1/acl_z": 12.895170141601561, "imu1/gyr_x": -3.763358778625954, "imu1/gyr_y": 2.2748091603053435, "imu1/gyr_z": -1.8778625954198473, "imu2/acl_x": -0.1292868896484375, "imu2/acl_y": -0.05027823486328125, "imu2/acl_z": 9.701305126953125, "imu2/gyr_x": 3.7022900763358777, "imu2/gyr_y": -1.381679389312977, "imu2/gyr_z": -0.9923664122137404, "milliseconds": 31353}