{"cam/image_array": "782_cam-image_array_.jpg", "user/angle": 0.0, "user/throttle": -1.0, "user/mode": "user", "imu1/acl_x": 0.2442085693359375, "imu1/acl_y": -0.11013327636718749, "imu1/acl_z": 12.962207788085937, "imu1/gyr_x": -4.038167938931298, "imu1/gyr_y": 2.2061068702290076, "imu1/gyr_z": -2.0076335877862594, "imu2/acl_x": -0.1197100830078125, "imu2/acl_y": 0.055066638183593745, "imu2/acl_z": 9.737218151855469, "imu2/gyr_x": 3.877862595419847, "imu2/gyr_y": -1.1603053435114503, "imu2/gyr_z": -1.0305343511450382, "milliseconds": 76534}