{"cam/image_array": "222_cam-image_array_.jpg", "user/angle": 1.0, "user/throttle": 0.1571428571428569, "user/mode": "user", "imu1/acl_x": 0.2705447875976562, "imu1/acl_y": -0.09816226806640624, "imu1/acl_z": 12.97896719970703, "imu1/gyr_x": -3.8244274809160306, "imu1/gyr_y": 2.2213740458015265, "imu1/gyr_z": -0.061068702290076333, "imu2/acl_x": -0.14604630126953125, "imu2/acl_y": 0.047884033203124995, "imu2/acl_z": 9.60793126220703, "imu2/gyr_x": 5.816793893129771, "imu2/gyr_y": -1.099236641221374, "imu2/gyr_z": -0.9312977099236641, "milliseconds": 41310}