{"cam/image_array": "765_cam-image_array_.jpg", "user/angle": 1.0, "user/throttle": 1.0, "user/mode": "user", "imu1/acl_x": 0.181959326171875, "imu1/acl_y": -0.07900865478515624, "imu1/acl_z": 12.950236779785156, "imu1/gyr_x": -3.954198473282443, "imu1/gyr_y": 2.4122137404580153, "imu1/gyr_z": -1.9618320610687023, "imu2/acl_x": -0.086191259765625, "imu2/acl_y": -0.009576806640625, "imu2/acl_z": 9.744400756835937, "imu2/gyr_x": 3.717557251908397, "imu2/gyr_y": -1.183206106870229, "imu2/gyr_z": -0.9694656488549618, "milliseconds": 75656}