{"cam/image_array": "160_cam-image_array_.jpg", "user/angle": 0.0, "user/throttle": -0.4571428571428573, "user/mode": "user", "imu1/acl_x": 0.09337386474609374, "imu1/acl_y": -0.0718260498046875, "imu1/acl_z": 12.933477368164061, "imu1/gyr_x": -4.068702290076335, "imu1/gyr_y": 2.427480916030534, "imu1/gyr_z": -1.7633587786259541, "imu2/acl_x": -0.11252747802734374, "imu2/acl_y": 0.05027823486328125, "imu2/acl_z": 9.579200842285156, "imu2/gyr_x": 3.8091603053435112, "imu2/gyr_y": -1.3282442748091603, "imu2/gyr_z": -1.0458015267175573, "milliseconds": 36824}