{"cam/image_array": "845_cam-image_array_.jpg", "user/angle": 0.0, "user/throttle": -0.5285714285714277, "user/mode": "user", "imu1/acl_x": 0.105344873046875, "imu1/acl_y": -0.07422025146484375, "imu1/acl_z": 12.847286108398437, "imu1/gyr_x": -4.015267175572519, "imu1/gyr_y": 2.427480916030534, "imu1/gyr_z": -1.8396946564885497, "imu2/acl_x": -0.07900865478515624, "imu2/acl_y": 0.028730419921875, "imu2/acl_z": 9.679757312011718, "imu2/gyr_x": 3.763358778625954, "imu2/gyr_y": -1.2366412213740459, "imu2/gyr_z": -1.0, "milliseconds": 80320}