{"cam/image_array": "786_cam-image_array_.jpg", "user/angle": -0.42857142857142827, "user/throttle": 0.9000000000000001, "user/mode": "user", "imu1/acl_x": 0.28012159423828126, "imu1/acl_y": -0.06703764648437499, "imu1/acl_z": 12.94065997314453, "imu1/gyr_x": -3.885496183206107, "imu1/gyr_y": 2.404580152671756, "imu1/gyr_z": -1.83206106870229, "imu2/acl_x": -0.1197100830078125, "imu2/acl_y": 0.08858546142578125, "imu2/acl_z": 9.600748657226562, "imu2/gyr_x": 3.7404580152671754, "imu2/gyr_y": -1.1984732824427482, "imu2/gyr_z": -1.083969465648855, "milliseconds": 76743}