{"cam/image_array": "695_cam-image_array_.jpg", "user/angle": 0.0, "user/throttle": -0.8142857142857143, "user/mode": "user", "imu1/acl_x": 0.16280571289062498, "imu1/acl_y": -0.031124621582031248, "imu1/acl_z": 12.928688964843749, "imu1/gyr_x": -1.9923664122137406, "imu1/gyr_y": 2.3587786259541983, "imu1/gyr_z": -3.900763358778626, "imu2/acl_x": -0.08379705810546874, "imu2/acl_y": -0.047884033203124995, "imu2/acl_z": 9.648632690429688, "imu2/gyr_x": 3.786259541984733, "imu2/gyr_y": -1.2595419847328244, "imu2/gyr_z": -0.8931297709923665, "milliseconds": 70263}