{"cam/image_array": "738_cam-image_array_.jpg", "user/angle": 0.13250985973643162, "user/throttle": 1.0, "user/mode": "user", "imu1/acl_x": 0.1197100830078125, "imu1/acl_y": -0.06943184814453125, "imu1/acl_z": 13.019668627929686, "imu1/gyr_x": -3.8244274809160306, "imu1/gyr_y": 2.236641221374046, "imu1/gyr_z": -3.885496183206107, "imu2/acl_x": -0.105344873046875, "imu2/acl_y": 0.03591302490234375, "imu2/acl_z": 9.694122521972655, "imu2/gyr_x": 3.7099236641221376, "imu2/gyr_y": -1.2595419847328244, "imu2/gyr_z": -0.9694656488549618, "milliseconds": 73577}