{"cam/image_array": "271_cam-image_array_.jpg", "user/angle": 0.0, "user/throttle": 0.0, "user/mode": "user", "imu1/acl_x": 0.10773907470703124, "imu1/acl_y": -0.12689268798828124, "imu1/acl_z": 12.876016528320312, "imu1/gyr_x": -3.9083969465648853, "imu1/gyr_y": 2.366412213740458, "imu1/gyr_z": -0.030534351145038167, "imu2/acl_x": -0.1149216796875, "imu2/acl_y": -0.07900865478515624, "imu2/acl_z": 9.507374792480467, "imu2/gyr_x": 3.8702290076335877, "imu2/gyr_y": -1.2900763358778626, "imu2/gyr_z": -1.015267175572519, "milliseconds": 44608}