{"cam/image_array": "352_cam-image_array_.jpg", "user/angle": 0.0, "user/throttle": -1.0, "user/mode": "user", "imu1/acl_x": 0.28012159423828126, "imu1/acl_y": -0.023942016601562498, "imu1/acl_z": 12.90235274658203, "imu1/gyr_x": -3.931297709923664, "imu1/gyr_y": 2.2519083969465647, "imu1/gyr_z": -1.8854961832061068, "imu2/acl_x": -0.19632453613281248, "imu2/acl_y": 0.009576806640625, "imu2/acl_z": 9.689334118652344, "imu2/gyr_x": 3.854961832061069, "imu2/gyr_y": -1.1984732824427482, "imu2/gyr_z": -0.9236641221374046, "milliseconds": 48775}