{"cam/image_array": "908_cam-image_array_.jpg", "user/angle": 1.0, "user/throttle": 0.18571428571428555, "user/mode": "user", "imu1/acl_x": 0.12449848632812499, "imu1/acl_y": -0.047884033203124995, "imu1/acl_z": 12.998120812988281, "imu1/gyr_x": -3.969465648854962, "imu1/gyr_y": 2.312977099236641, "imu1/gyr_z": -1.8702290076335877, "imu2/acl_x": -0.18435352783203124, "imu2/acl_y": 0.05985504150390625, "imu2/acl_z": 9.734823950195311, "imu2/gyr_x": 3.8244274809160306, "imu2/gyr_y": -1.282442748091603, "imu2/gyr_z": -1.0076335877862594, "milliseconds": 85503}