{"cam/image_array": "856_cam-image_array_.jpg", "user/angle": 0.0, "user/throttle": -0.11409419448292751, "user/mode": "user", "imu1/acl_x": 0.18435352783203124, "imu1/acl_y": -0.09816226806640624, "imu1/acl_z": 12.988544006347656, "imu1/gyr_x": -3.946564885496183, "imu1/gyr_y": 2.3206106870229006, "imu1/gyr_z": -1.900763358778626, "imu2/acl_x": -0.00718260498046875, "imu2/acl_y": 0.031124621582031248, "imu2/acl_z": 9.765948571777344, "imu2/gyr_x": 3.549618320610687, "imu2/gyr_y": -1.4274809160305344, "imu2/gyr_z": -0.9541984732824428, "milliseconds": 80888}