{"cam/image_array": "295_cam-image_array_.jpg", "user/angle": -0.15714285714285686, "user/throttle": 1.0, "user/mode": "user", "imu1/acl_x": 0.1867477294921875, "imu1/acl_y": -0.10295067138671875, "imu1/acl_z": 12.976572998046874, "imu1/gyr_x": -3.9160305343511452, "imu1/gyr_y": 2.2748091603053435, "imu1/gyr_z": -1.900763358778626, "imu2/acl_x": -0.15083470458984374, "imu2/acl_y": 0.0047884033203125, "imu2/acl_z": 9.718064538574218, "imu2/gyr_x": 3.9236641221374047, "imu2/gyr_y": -1.3053435114503817, "imu2/gyr_z": -1.0076335877862594, "milliseconds": 45849}