{"cam/image_array": "29_cam-image_array_.jpg", "user/angle": 1.0, "user/throttle": 1.0, "user/mode": "user", "imu1/acl_x": 0.15562310791015624, "imu1/acl_y": -0.09816226806640624, "imu1/acl_z": 12.935871569824219, "imu1/gyr_x": -3.946564885496183, "imu1/gyr_y": 2.4885496183206106, "imu1/gyr_z": -2.053435114503817, "imu2/acl_x": -0.09576806640624999, "imu2/acl_y": 0.05985504150390625, "imu2/acl_z": 9.562441430664062, "imu2/gyr_x": 3.7022900763358777, "imu2/gyr_y": -1.366412213740458, "imu2/gyr_z": -1.16793893129771, "milliseconds": 27649}