{"cam/image_array": "430_cam-image_array_.jpg", "user/angle": 0.0, "user/throttle": -0.476862836234508, "user/mode": "user", "imu1/acl_x": 0.143652099609375, "imu1/acl_y": -0.033518823242187495, "imu1/acl_z": 12.938265771484375, "imu1/gyr_x": -3.786259541984733, "imu1/gyr_y": 2.312977099236641, "imu1/gyr_z": -2.145038167938931, "imu2/acl_x": -0.12449848632812499, "imu2/acl_y": 0.02633621826171875, "imu2/acl_z": 9.749189160156249, "imu2/gyr_x": 3.8396946564885495, "imu2/gyr_y": -1.213740458015267, "imu2/gyr_z": -0.8931297709923665, "milliseconds": 54272}