{"cam/image_array": "979_cam-image_array_.jpg", "user/angle": 0.0, "user/throttle": -1.0, "user/mode": "user", "imu1/acl_x": 0.143652099609375, "imu1/acl_y": -0.1388636962890625, "imu1/acl_z": 12.962207788085937, "imu1/gyr_x": -3.83206106870229, "imu1/gyr_y": 2.1908396946564888, "imu1/gyr_z": -1.8625954198473282, "imu2/acl_x": -0.105344873046875, "imu2/acl_y": 0.143652099609375, "imu2/acl_z": 9.65342109375, "imu2/gyr_x": 3.7099236641221376, "imu2/gyr_y": -1.3282442748091603, "imu2/gyr_z": -1.0229007633587786, "milliseconds": 95561}