{"cam/image_array": "496_cam-image_array_.jpg", "user/angle": 0.0, "user/throttle": 0.0, "user/mode": "user", "imu1/acl_x": 0.11731588134765625, "imu1/acl_y": -0.086191259765625, "imu1/acl_z": 12.957419384765624, "imu1/gyr_x": -3.9236641221374047, "imu1/gyr_y": 2.4198473282442747, "imu1/gyr_z": -1.9083969465648856, "imu2/acl_x": -0.11252747802734374, "imu2/acl_y": 0.02633621826171875, "imu2/acl_z": 9.696516723632811, "imu2/gyr_x": 3.954198473282443, "imu2/gyr_y": -1.3587786259541985, "imu2/gyr_z": -0.8778625954198473, "milliseconds": 57675}