{"cam/image_array": "432_cam-image_array_.jpg", "user/angle": 0.0, "user/throttle": -0.5285714285714282, "user/mode": "user", "imu1/acl_x": 0.12449848632812499, "imu1/acl_y": -0.09576806640624999, "imu1/acl_z": 12.871228125, "imu1/gyr_x": -4.038167938931298, "imu1/gyr_y": 2.3740458015267176, "imu1/gyr_z": -3.877862595419847, "imu2/acl_x": -0.13646949462890623, "imu2/acl_y": 0.01915361328125, "imu2/acl_z": 9.670180505371093, "imu2/gyr_x": 3.7786259541984735, "imu2/gyr_y": -1.2366412213740459, "imu2/gyr_z": -0.9007633587786259, "milliseconds": 54362}