{"cam/image_array": "344_cam-image_array_.jpg", "user/angle": 0.0, "user/throttle": -1.0, "user/mode": "user", "imu1/acl_x": 0.26336218261718747, "imu1/acl_y": -0.12449848632812499, "imu1/acl_z": 12.955025183105468, "imu1/gyr_x": -3.954198473282443, "imu1/gyr_y": 2.1526717557251906, "imu1/gyr_z": -2.0381679389312977, "imu2/acl_x": -0.10295067138671875, "imu2/acl_y": -0.13168109130859373, "imu2/acl_z": 9.655815295410155, "imu2/gyr_x": 3.900763358778626, "imu2/gyr_y": -1.2595419847328244, "imu2/gyr_z": -0.9312977099236641, "milliseconds": 48380}