{"cam/image_array": "884_cam-image_array_.jpg", "user/angle": -1.0, "user/throttle": 0.6428571428571429, "user/mode": "user", "imu1/acl_x": 0.09576806640624999, "imu1/acl_y": -0.086191259765625, "imu1/acl_z": 12.880804931640624, "imu1/gyr_x": -4.137404580152672, "imu1/gyr_y": 2.5343511450381677, "imu1/gyr_z": -0.03816793893129771, "imu2/acl_x": -0.09816226806640624, "imu2/acl_y": 0.086191259765625, "imu2/acl_z": 9.557653027343749, "imu2/gyr_x": 3.7557251908396947, "imu2/gyr_y": -1.2671755725190839, "imu2/gyr_z": -0.9541984732824428, "milliseconds": 82939}