{"cam/image_array": "458_cam-image_array_.jpg", "user/angle": -0.2571428571428572, "user/throttle": 0.014285714285714212, "user/mode": "user", "imu1/acl_x": 0.07900865478515624, "imu1/acl_y": -0.14604630126953125, "imu1/acl_z": 12.957419384765624, "imu1/gyr_x": -3.8473282442748094, "imu1/gyr_y": 2.4198473282442747, "imu1/gyr_z": -1.9389312977099236, "imu2/acl_x": -0.11731588134765625, "imu2/acl_y": 0.01915361328125, "imu2/acl_z": 9.720458740234374, "imu2/gyr_x": 3.8473282442748094, "imu2/gyr_y": -1.2442748091603053, "imu2/gyr_z": -1.1221374045801527, "milliseconds": 55728}