{"cam/image_array": "898_cam-image_array_.jpg", "user/angle": 0.0, "user/throttle": 0.0, "user/mode": "user", "imu1/acl_x": 0.1771709228515625, "imu1/acl_y": -0.08140285644531249, "imu1/acl_z": 12.923900561523437, "imu1/gyr_x": -3.732824427480916, "imu1/gyr_y": 2.3740458015267176, "imu1/gyr_z": -0.03816793893129771, "imu2/acl_x": -0.1484405029296875, "imu2/acl_y": -0.0047884033203125, "imu2/acl_z": 9.701305126953125, "imu2/gyr_x": 5.8320610687022905, "imu2/gyr_y": -1.2290076335877862, "imu2/gyr_z": -1.0916030534351144, "milliseconds": 84996}