{"cam/image_array": "896_cam-image_array_.jpg", "user/angle": -1.0, "user/throttle": 0.5563426329255703, "user/mode": "user", "imu1/acl_x": 0.16998831787109375, "imu1/acl_y": -0.11013327636718749, "imu1/acl_z": 13.012486022949219, "imu1/gyr_x": -3.8473282442748094, "imu1/gyr_y": 2.366412213740458, "imu1/gyr_z": -3.877862595419847, "imu2/acl_x": -0.00718260498046875, "imu2/acl_y": 0.0047884033203125, "imu2/acl_z": 9.689334118652344, "imu2/gyr_x": 3.7480916030534353, "imu2/gyr_y": -1.3282442748091603, "imu2/gyr_z": -1.0610687022900764, "milliseconds": 84173}