{"cam/image_array": "133_cam-image_array_.jpg", "user/angle": -0.8000000000000002, "user/throttle": 0.757142857142857, "user/mode": "user", "imu1/acl_x": 0.16519991455078123, "imu1/acl_y": -0.1149216796875, "imu1/acl_z": 12.868833923339842, "imu1/gyr_x": -3.9923664122137406, "imu1/gyr_y": 2.282442748091603, "imu1/gyr_z": -0.007633587786259542, "imu2/acl_x": -0.1197100830078125, "imu2/acl_y": 0.0143652099609375, "imu2/acl_z": 9.72285294189453, "imu2/gyr_x": 3.7251908396946565, "imu2/gyr_y": -1.1908396946564885, "imu2/gyr_z": -0.9007633587786259, "milliseconds": 34805}