{"cam/image_array": "99_cam-image_array_.jpg", "user/angle": -0.44016905738328677, "user/throttle": 1.0, "user/mode": "user", "imu1/acl_x": 0.14125789794921875, "imu1/acl_y": -0.06464344482421874, "imu1/acl_z": 12.94065997314453, "imu1/gyr_x": -3.801526717557252, "imu1/gyr_y": 2.4732824427480917, "imu1/gyr_z": -1.8244274809160306, "imu2/acl_x": -0.047884033203124995, "imu2/acl_y": 0.0, "imu2/acl_z": 9.670180505371093, "imu2/gyr_x": 3.7709923664122136, "imu2/gyr_y": -1.3206106870229009, "imu2/gyr_z": -0.9770992366412213, "milliseconds": 32199}