{"cam/image_array": "626_cam-image_array_.jpg", "user/angle": -0.8332955430091484, "user/throttle": 1.0, "user/mode": "user", "imu1/acl_x": 0.12449848632812499, "imu1/acl_y": -0.0718260498046875, "imu1/acl_z": 12.880804931640624, "imu1/gyr_x": -3.8931297709923665, "imu1/gyr_y": 2.3587786259541983, "imu1/gyr_z": -2.0763358778625953, "imu2/acl_x": -0.1388636962890625, "imu2/acl_y": 0.01915361328125, "imu2/acl_z": 9.603142858886718, "imu2/gyr_x": 3.648854961832061, "imu2/gyr_y": -1.2900763358778626, "imu2/gyr_z": -0.9312977099236641, "milliseconds": 66041}