{"cam/image_array": "417_cam-image_array_.jpg", "user/angle": 1.0, "user/throttle": 1.0, "user/mode": "user", "imu1/acl_x": 0.11731588134765625, "imu1/acl_y": -0.10295067138671875, "imu1/acl_z": 12.90235274658203, "imu1/gyr_x": -3.8931297709923665, "imu1/gyr_y": 2.236641221374046, "imu1/gyr_z": -0.007633587786259542, "imu2/acl_x": -0.11252747802734374, "imu2/acl_y": 0.047884033203124995, "imu2/acl_z": 9.564835632324218, "imu2/gyr_x": 3.8625954198473282, "imu2/gyr_y": -1.2748091603053435, "imu2/gyr_z": -0.7786259541984732, "milliseconds": 53088}