{"cam/image_array": "596_cam-image_array_.jpg", "user/angle": 0.0, "user/throttle": -0.028571428571428355, "user/mode": "user", "imu1/acl_x": 0.13407529296874998, "imu1/acl_y": -0.08140285644531249, "imu1/acl_z": 12.899958544921875, "imu1/gyr_x": -3.877862595419847, "imu1/gyr_y": 2.381679389312977, "imu1/gyr_z": -2.122137404580153, "imu2/acl_x": -0.13168109130859373, "imu2/acl_y": 0.06464344482421874, "imu2/acl_z": 9.689334118652344, "imu2/gyr_x": 3.66412213740458, "imu2/gyr_y": -1.183206106870229, "imu2/gyr_z": -1.0381679389312977, "milliseconds": 64490}