{"cam/image_array": "700_cam-image_array_.jpg", "user/angle": 0.0, "user/throttle": 0.0, "user/mode": "user", "imu1/acl_x": 0.11731588134765625, "imu1/acl_y": -0.028730419921875, "imu1/acl_z": 12.887987536621093, "imu1/gyr_x": -1.9770992366412214, "imu1/gyr_y": 2.366412213740458, "imu1/gyr_z": -1.7328244274809161, "imu2/acl_x": -0.11252747802734374, "imu2/acl_y": 0.031124621582031248, "imu2/acl_z": 9.706093530273437, "imu2/gyr_x": 3.687022900763359, "imu2/gyr_y": -1.2366412213740459, "imu2/gyr_z": -1.099236641221374, "milliseconds": 71636}