{"cam/image_array": "332_cam-image_array_.jpg", "user/angle": -1.0, "user/throttle": 0.16374032813313646, "user/mode": "user", "imu1/acl_x": 0.12689268798828124, "imu1/acl_y": -0.1197100830078125, "imu1/acl_z": 12.765883251953124, "imu1/gyr_x": -3.969465648854962, "imu1/gyr_y": 2.3587786259541983, "imu1/gyr_z": -1.8778625954198473, "imu2/acl_x": -0.08858546142578125, "imu2/acl_y": 0.028730419921875, "imu2/acl_z": 9.631873278808593, "imu2/gyr_x": 5.809160305343512, "imu2/gyr_y": -1.3587786259541985, "imu2/gyr_z": -0.9770992366412213, "milliseconds": 47764}