{"cam/image_array": "433_cam-image_array_.jpg", "user/angle": 0.0, "user/throttle": -0.5285714285714282, "user/mode": "user", "imu1/acl_x": 0.028730419921875, "imu1/acl_y": -0.08140285644531249, "imu1/acl_z": 12.770671655273437, "imu1/gyr_x": -3.954198473282443, "imu1/gyr_y": 2.3435114503816794, "imu1/gyr_z": -1.7404580152671756, "imu2/acl_x": -0.143652099609375, "imu2/acl_y": -0.0047884033203125, "imu2/acl_z": 9.720458740234374, "imu2/gyr_x": 3.900763358778626, "imu2/gyr_y": -1.3740458015267176, "imu2/gyr_z": -1.0534351145038168, "milliseconds": 54424}