{"cam/image_array": "195_cam-image_array_.jpg", "user/angle": -1.0, "user/throttle": 0.828571428571428, "user/mode": "user", "imu1/acl_x": 0.16759411621093748, "imu1/acl_y": -0.07422025146484375, "imu1/acl_z": 13.014880224609374, "imu1/gyr_x": -3.9083969465648853, "imu1/gyr_y": 2.145038167938931, "imu1/gyr_z": -1.9618320610687023, "imu2/acl_x": -0.11252747802734374, "imu2/acl_y": 0.02633621826171875, "imu2/acl_z": 9.670180505371093, "imu2/gyr_x": 3.6717557251908395, "imu2/gyr_y": -1.3358778625954197, "imu2/gyr_z": -0.8320610687022901, "milliseconds": 38647}