{"cam/image_array": "604_cam-image_array_.jpg", "user/angle": 0.0, "user/throttle": -0.828571428571428, "user/mode": "user", "imu1/acl_x": 0.01915361328125, "imu1/acl_y": -0.076614453125, "imu1/acl_z": 12.959813586425781, "imu1/gyr_x": -5.862595419847328, "imu1/gyr_y": 2.2595419847328246, "imu1/gyr_z": -1.9465648854961832, "imu2/acl_x": -0.086191259765625, "imu2/acl_y": -0.0383072265625, "imu2/acl_z": 9.679757312011718, "imu2/gyr_x": 3.7786259541984735, "imu2/gyr_y": -1.183206106870229, "imu2/gyr_z": -1.0229007633587786, "milliseconds": 64912}