{"cam/image_array": "745_cam-image_array_.jpg", "user/angle": 0.0, "user/throttle": -1.0, "user/mode": "user", "imu1/acl_x": 0.1197100830078125, "imu1/acl_y": -0.07422025146484375, "imu1/acl_z": 12.97178459472656, "imu1/gyr_x": -3.877862595419847, "imu1/gyr_y": 2.33587786259542, "imu1/gyr_z": -2.0076335877862594, "imu2/acl_x": -0.047884033203124995, "imu2/acl_y": -0.0383072265625, "imu2/acl_z": 9.677363110351562, "imu2/gyr_x": 3.6793893129770994, "imu2/gyr_y": -1.2290076335877862, "imu2/gyr_z": -0.8778625954198473, "milliseconds": 74640}