{"cam/image_array": "153_cam-image_array_.jpg", "user/angle": 0.0, "user/throttle": 0.0, "user/mode": "user", "imu1/acl_x": 0.040701428222656245, "imu1/acl_y": -0.12449848632812499, "imu1/acl_z": 12.89038173828125, "imu1/gyr_x": -3.931297709923664, "imu1/gyr_y": 2.267175572519084, "imu1/gyr_z": -1.7099236641221374, "imu2/acl_x": -0.14125789794921875, "imu2/acl_y": -0.0143652099609375, "imu2/acl_z": 9.696516723632811, "imu2/gyr_x": 3.786259541984733, "imu2/gyr_y": -1.0610687022900764, "imu2/gyr_z": -0.9389312977099237, "milliseconds": 36468}