{"cam/image_array": "453_cam-image_array_.jpg", "user/angle": 0.2476447597158047, "user/throttle": 1.0, "user/mode": "user", "imu1/acl_x": 0.0909796630859375, "imu1/acl_y": -0.105344873046875, "imu1/acl_z": 12.921506359863281, "imu1/gyr_x": -1.9618320610687023, "imu1/gyr_y": 2.2748091603053435, "imu1/gyr_z": -1.8778625954198473, "imu2/acl_x": -0.18914193115234373, "imu2/acl_y": 0.031124621582031248, "imu2/acl_z": 9.5001921875, "imu2/gyr_x": 3.7786259541984735, "imu2/gyr_y": -1.2366412213740459, "imu2/gyr_z": -1.0, "milliseconds": 55465}