{"cam/image_array": "557_cam-image_array_.jpg", "user/angle": -1.0, "user/throttle": 0.5571428571428575, "user/mode": "user", "imu1/acl_x": 0.1484405029296875, "imu1/acl_y": -0.055066638183593745, "imu1/acl_z": 12.933477368164061, "imu1/gyr_x": -3.816793893129771, "imu1/gyr_y": 2.366412213740458, "imu1/gyr_z": -1.9618320610687023, "imu2/acl_x": -0.17956512451171874, "imu2/acl_y": 0.023942016601562498, "imu2/acl_z": 9.667786303710937, "imu2/gyr_x": 3.7938931297709924, "imu2/gyr_y": -1.3435114503816794, "imu2/gyr_z": -0.8702290076335878, "milliseconds": 60820}