{"cam/image_array": "461_cam-image_array_.jpg", "user/angle": -0.07784385585427513, "user/throttle": 1.0, "user/mode": "user", "imu1/acl_x": 0.277727392578125, "imu1/acl_y": -0.1388636962890625, "imu1/acl_z": 12.988544006347656, "imu1/gyr_x": -3.969465648854962, "imu1/gyr_y": 2.0839694656488548, "imu1/gyr_z": -1.9465648854961832, "imu2/acl_x": -0.09576806640624999, "imu2/acl_y": 0.00239420166015625, "imu2/acl_z": 9.679757312011718, "imu2/gyr_x": 3.7022900763358777, "imu2/gyr_y": -1.1755725190839694, "imu2/gyr_z": -0.9389312977099237, "milliseconds": 55874}