{"cam/image_array": "163_cam-image_array_.jpg", "user/angle": 0.0, "user/throttle": -0.7857142857142881, "user/mode": "user", "imu1/acl_x": 0.143652099609375, "imu1/acl_y": -0.10773907470703124, "imu1/acl_z": 12.916717956542968, "imu1/gyr_x": -3.931297709923664, "imu1/gyr_y": 2.2900763358778624, "imu1/gyr_z": -2.0916030534351147, "imu2/acl_x": -0.1197100830078125, "imu2/acl_y": 0.04548983154296875, "imu2/acl_z": 9.792284790039062, "imu2/gyr_x": 3.6793893129770994, "imu2/gyr_y": -1.3511450381679388, "imu2/gyr_z": -1.0, "milliseconds": 37004}