{"cam/image_array": "90_cam-image_array_.jpg", "user/angle": 0.0, "user/throttle": -0.6428571428571429, "user/mode": "user", "imu1/acl_x": 0.21068974609375, "imu1/acl_y": -0.1388636962890625, "imu1/acl_z": 12.861651318359375, "imu1/gyr_x": -5.824427480916031, "imu1/gyr_y": 2.2900763358778624, "imu1/gyr_z": -1.8625954198473282, "imu2/acl_x": -0.1197100830078125, "imu2/acl_y": 0.0047884033203125, "imu2/acl_z": 9.60793126220703, "imu2/gyr_x": 3.83206106870229, "imu2/gyr_y": -1.2290076335877862, "imu2/gyr_z": -1.1374045801526718, "milliseconds": 31715}