{"cam/image_array": "935_cam-image_array_.jpg", "user/angle": 0.028571428571428446, "user/throttle": 0.6285714285714286, "user/mode": "user", "imu1/acl_x": 0.016759411621093748, "imu1/acl_y": -0.086191259765625, "imu1/acl_z": 12.85207451171875, "imu1/gyr_x": -4.083969465648855, "imu1/gyr_y": 2.2290076335877864, "imu1/gyr_z": -1.8778625954198473, "imu2/acl_x": -0.08858546142578125, "imu2/acl_y": -0.02154781494140625, "imu2/acl_z": 9.660603698730467, "imu2/gyr_x": 3.854961832061069, "imu2/gyr_y": -1.1908396946564885, "imu2/gyr_z": -1.0763358778625953, "milliseconds": 87351}