{"cam/image_array": "256_cam-image_array_.jpg", "user/angle": -1.0, "user/throttle": 0.3007412204375325, "user/mode": "user", "imu1/acl_x": 0.28730419921875, "imu1/acl_y": -0.13168109130859373, "imu1/acl_z": 12.952630981445312, "imu1/gyr_x": -3.8244274809160306, "imu1/gyr_y": 2.381679389312977, "imu1/gyr_z": -2.0916030534351147, "imu2/acl_x": -0.1388636962890625, "imu2/acl_y": -0.031124621582031248, "imu2/acl_z": 9.641450085449218, "imu2/gyr_x": 1.9618320610687023, "imu2/gyr_y": -1.2061068702290076, "imu2/gyr_z": -1.0610687022900764, "milliseconds": 43075}