{"cam/image_array": "969_cam-image_array_.jpg", "user/angle": 0.0, "user/throttle": -0.5468967759835481, "user/mode": "user", "imu1/acl_x": 0.00718260498046875, "imu1/acl_y": -0.047884033203124995, "imu1/acl_z": 12.761094848632812, "imu1/gyr_x": -3.9923664122137406, "imu1/gyr_y": 2.2290076335877864, "imu1/gyr_z": -2.015267175572519, "imu2/acl_x": -0.14125789794921875, "imu2/acl_y": -0.031124621582031248, "imu2/acl_z": 9.562441430664062, "imu2/gyr_x": 3.7099236641221376, "imu2/gyr_y": -1.251908396946565, "imu2/gyr_z": -1.015267175572519, "milliseconds": 94368}