{"cam/image_array": "171_cam-image_array_.jpg", "user/angle": 0.0, "user/throttle": 0.0, "user/mode": "user", "imu1/acl_x": 0.11252747802734374, "imu1/acl_y": -0.1197100830078125, "imu1/acl_z": 12.923900561523437, "imu1/gyr_x": -3.9770992366412212, "imu1/gyr_y": 2.3893129770992365, "imu1/gyr_z": -1.816793893129771, "imu2/acl_x": -0.12689268798828124, "imu2/acl_y": 0.031124621582031248, "imu2/acl_z": 9.562441430664062, "imu2/gyr_x": 3.7786259541984735, "imu2/gyr_y": -1.2900763358778626, "imu2/gyr_z": -0.8396946564885496, "milliseconds": 37406}