{"cam/image_array": "183_cam-image_array_.jpg", "user/angle": 0.0, "user/throttle": -1.0, "user/mode": "user", "imu1/acl_x": 0.1005564697265625, "imu1/acl_y": -0.143652099609375, "imu1/acl_z": 12.878410729980468, "imu1/gyr_x": -3.9083969465648853, "imu1/gyr_y": 2.3587786259541983, "imu1/gyr_z": -1.8244274809160306, "imu2/acl_x": -0.16759411621093748, "imu2/acl_y": 0.04548983154296875, "imu2/acl_z": 9.665392102050781, "imu2/gyr_x": 3.786259541984733, "imu2/gyr_y": -1.282442748091603, "imu2/gyr_z": -0.9694656488549618, "milliseconds": 38016}