{"cam/image_array": "5_cam-image_array_.jpg", "user/angle": 0.21428571428571438, "user/throttle": 1.0, "user/mode": "user", "imu1/acl_x": 0.1197100830078125, "imu1/acl_y": -0.05746083984375, "imu1/acl_z": 12.969390393066405, "imu1/gyr_x": -3.9160305343511452, "imu1/gyr_y": 2.33587786259542, "imu1/gyr_z": -0.030534351145038167, "imu2/acl_x": -0.09816226806640624, "imu2/acl_y": 0.14125789794921875, "imu2/acl_z": 9.53131680908203, "imu2/gyr_x": 3.7099236641221376, "imu2/gyr_y": -1.2900763358778626, "imu2/gyr_z": -0.9541984732824428, "milliseconds": 26418}