{"cam/image_array": "366_cam-image_array_.jpg", "user/angle": 0.7483501863433123, "user/throttle": 1.0, "user/mode": "user", "imu1/acl_x": 0.09576806640624999, "imu1/acl_y": -0.09576806640624999, "imu1/acl_z": 12.9095353515625, "imu1/gyr_x": -5.824427480916031, "imu1/gyr_y": 2.3053435114503817, "imu1/gyr_z": -3.8473282442748094, "imu2/acl_x": -0.12689268798828124, "imu2/acl_y": 0.0430956298828125, "imu2/acl_z": 9.730035546875, "imu2/gyr_x": 3.6412213740458017, "imu2/gyr_y": -1.3435114503816794, "imu2/gyr_z": -0.9236641221374046, "milliseconds": 49503}