{"cam/image_array": "147_cam-image_array_.jpg", "user/angle": -1.0, "user/throttle": 1.0, "user/mode": "user", "imu1/acl_x": 0.14125789794921875, "imu1/acl_y": -0.12449848632812499, "imu1/acl_z": 12.9095353515625, "imu1/gyr_x": -3.8702290076335877, "imu1/gyr_y": 2.404580152671756, "imu1/gyr_z": -2.1297709923664123, "imu2/acl_x": -0.12449848632812499, "imu2/acl_y": -0.028730419921875, "imu2/acl_z": 9.694122521972655, "imu2/gyr_x": 3.854961832061069, "imu2/gyr_y": -1.3740458015267176, "imu2/gyr_z": -1.1068702290076335, "milliseconds": 35517}