{"cam/image_array": "436_cam-image_array_.jpg", "user/angle": -0.17142857142857165, "user/throttle": 1.0, "user/mode": "user", "imu1/acl_x": 0.13646949462890623, "imu1/acl_y": -0.062249243164062495, "imu1/acl_z": 12.964601989746093, "imu1/gyr_x": -3.8473282442748094, "imu1/gyr_y": 2.4122137404580153, "imu1/gyr_z": -3.8625954198473282, "imu2/acl_x": -0.105344873046875, "imu2/acl_y": 0.13646949462890623, "imu2/acl_z": 9.622296472167967, "imu2/gyr_x": 3.877862595419847, "imu2/gyr_y": -1.2442748091603053, "imu2/gyr_z": -0.9618320610687023, "milliseconds": 54562}