{"cam/image_array": "145_cam-image_array_.jpg", "user/angle": 0.0, "user/throttle": 0.0, "user/mode": "user", "imu1/acl_x": 0.105344873046875, "imu1/acl_y": -0.07422025146484375, "imu1/acl_z": 12.9095353515625, "imu1/gyr_x": -3.7480916030534353, "imu1/gyr_y": 2.198473282442748, "imu1/gyr_z": -1.8473282442748091, "imu2/acl_x": -0.11013327636718749, "imu2/acl_y": -0.011971008300781249, "imu2/acl_z": 9.634267480468749, "imu2/gyr_x": 3.83206106870229, "imu2/gyr_y": -1.366412213740458, "imu2/gyr_z": -0.8702290076335878, "milliseconds": 35413}