{"cam/image_array": "620_cam-image_array_.jpg", "user/angle": 0.5362837401730183, "user/throttle": 1.0, "user/mode": "user", "imu1/acl_x": 0.26336218261718747, "imu1/acl_y": -0.08140285644531249, "imu1/acl_z": 12.955025183105468, "imu1/gyr_x": -3.969465648854962, "imu1/gyr_y": 2.3740458015267176, "imu1/gyr_z": -1.916030534351145, "imu2/acl_x": -0.17956512451171874, "imu2/acl_y": -0.00239420166015625, "imu2/acl_z": 9.660603698730467, "imu2/gyr_x": 3.6564885496183206, "imu2/gyr_y": -1.2595419847328244, "imu2/gyr_z": -1.099236641221374, "milliseconds": 65732}