{"cam/image_array": "462_cam-image_array_.jpg", "user/angle": 0.0, "user/throttle": -1.0, "user/mode": "user", "imu1/acl_x": 0.15083470458984374, "imu1/acl_y": -0.08140285644531249, "imu1/acl_z": 12.899958544921875, "imu1/gyr_x": -3.854961832061069, "imu1/gyr_y": 2.2290076335877864, "imu1/gyr_z": -3.8396946564885495, "imu2/acl_x": -0.2825157958984375, "imu2/acl_y": 0.04548983154296875, "imu2/acl_z": 9.576806640625, "imu2/gyr_x": 5.847328244274809, "imu2/gyr_y": -1.3282442748091603, "imu2/gyr_z": -0.8396946564885496, "milliseconds": 55935}