{"cam/image_array": "684_cam-image_array_.jpg", "user/angle": 0.5359098009967032, "user/throttle": 1.0, "user/mode": "user", "imu1/acl_x": 0.1580173095703125, "imu1/acl_y": -0.07422025146484375, "imu1/acl_z": 12.885593334960937, "imu1/gyr_x": -3.931297709923664, "imu1/gyr_y": 2.351145038167939, "imu1/gyr_z": -1.900763358778626, "imu2/acl_x": -0.16998831787109375, "imu2/acl_y": 0.023942016601562498, "imu2/acl_z": 9.672574707031249, "imu2/gyr_x": 3.8702290076335877, "imu2/gyr_y": -1.3053435114503817, "imu2/gyr_z": -0.9923664122137404, "milliseconds": 69700}