{"cam/image_array": "41_cam-image_array_.jpg", "user/angle": 0.0, "user/throttle": -0.045095754356909726, "user/mode": "user", "imu1/acl_x": 0.2705447875976562, "imu1/acl_y": -0.07900865478515624, "imu1/acl_z": 12.966996191406249, "imu1/gyr_x": -3.9618320610687023, "imu1/gyr_y": 2.4427480916030535, "imu1/gyr_z": -3.885496183206107, "imu2/acl_x": -0.14604630126953125, "imu2/acl_y": 0.0143652099609375, "imu2/acl_z": 9.801861596679688, "imu2/gyr_x": 3.633587786259542, "imu2/gyr_y": -1.2595419847328244, "imu2/gyr_z": -0.9312977099236641, "milliseconds": 28257}