{"cam/image_array": "689_cam-image_array_.jpg", "user/angle": 0.0, "user/throttle": 0.0, "user/mode": "user", "imu1/acl_x": 0.16041151123046873, "imu1/acl_y": -0.028730419921875, "imu1/acl_z": 12.928688964843749, "imu1/gyr_x": -4.022900763358779, "imu1/gyr_y": 2.282442748091603, "imu1/gyr_z": -1.8625954198473282, "imu2/acl_x": -0.1771709228515625, "imu2/acl_y": 0.0143652099609375, "imu2/acl_z": 9.610325463867188, "imu2/gyr_x": 3.8473282442748094, "imu2/gyr_y": -1.2366412213740459, "imu2/gyr_z": -0.9312977099236641, "milliseconds": 69956}