{"cam/image_array": "468_cam-image_array_.jpg", "user/angle": 0.0, "user/throttle": -1.0, "user/mode": "user", "imu1/acl_x": 0.14125789794921875, "imu1/acl_y": -0.05985504150390625, "imu1/acl_z": 12.993332409667968, "imu1/gyr_x": -3.7938931297709924, "imu1/gyr_y": 2.435114503816794, "imu1/gyr_z": -0.05343511450381679, "imu2/acl_x": -0.08858546142578125, "imu2/acl_y": 0.0143652099609375, "imu2/acl_z": 9.74200655517578, "imu2/gyr_x": 3.8244274809160306, "imu2/gyr_y": -1.2671755725190839, "imu2/gyr_z": -0.9770992366412213, "milliseconds": 56240}