{"cam/image_array": "239_cam-image_array_.jpg", "user/angle": -0.8581845977202314, "user/throttle": 1.0, "user/mode": "user", "imu1/acl_x": 0.1484405029296875, "imu1/acl_y": -0.09576806640624999, "imu1/acl_z": 12.887987536621093, "imu1/gyr_x": -3.931297709923664, "imu1/gyr_y": 2.427480916030534, "imu1/gyr_z": -1.7404580152671756, "imu2/acl_x": -0.11013327636718749, "imu2/acl_y": 0.033518823242187495, "imu2/acl_z": 9.595960253906249, "imu2/gyr_x": 3.816793893129771, "imu2/gyr_y": -1.381679389312977, "imu2/gyr_z": -0.9083969465648855, "milliseconds": 42199}