{"cam/image_array": "545_cam-image_array_.jpg", "user/angle": -1.0, "user/throttle": 0.3223973992655552, "user/mode": "user", "imu1/acl_x": 0.2753331909179687, "imu1/acl_y": -0.08379705810546874, "imu1/acl_z": 12.89038173828125, "imu1/gyr_x": -3.9083969465648853, "imu1/gyr_y": 2.2213740458015265, "imu1/gyr_z": -2.0610687022900764, "imu2/acl_x": -0.16759411621093748, "imu2/acl_y": 0.055066638183593745, "imu2/acl_z": 9.6151138671875, "imu2/gyr_x": 3.885496183206107, "imu2/gyr_y": -1.2595419847328244, "imu2/gyr_z": -0.9618320610687023, "milliseconds": 60194}