{"cam/image_array": "519_cam-image_array_.jpg", "user/angle": -0.14364717616443223, "user/throttle": 1.0, "user/mode": "user", "imu1/acl_x": 0.04548983154296875, "imu1/acl_y": -0.06943184814453125, "imu1/acl_z": 12.907141149902342, "imu1/gyr_x": -1.9694656488549618, "imu1/gyr_y": 2.312977099236641, "imu1/gyr_z": -1.984732824427481, "imu2/acl_x": -0.12210428466796874, "imu2/acl_y": 0.009576806640625, "imu2/acl_z": 9.701305126953125, "imu2/gyr_x": 3.8473282442748094, "imu2/gyr_y": -1.1603053435114503, "imu2/gyr_z": -1.0458015267175573, "milliseconds": 58865}