{"cam/image_array": "459_cam-image_array_.jpg", "user/angle": -0.2571428571428572, "user/throttle": 0.014285714285714212, "user/mode": "user", "imu1/acl_x": 0.12689268798828124, "imu1/acl_y": -0.047884033203124995, "imu1/acl_z": 12.86404552001953, "imu1/gyr_x": -3.9083969465648853, "imu1/gyr_y": 2.366412213740458, "imu1/gyr_z": -2.0610687022900764, "imu2/acl_x": -0.1388636962890625, "imu2/acl_y": 0.02633621826171875, "imu2/acl_z": 9.792284790039062, "imu2/gyr_x": 5.816793893129771, "imu2/gyr_y": -1.2290076335877862, "imu2/gyr_z": -0.8702290076335878, "milliseconds": 55767}