{"cam/image_array": "870_cam-image_array_.jpg", "user/angle": 0.0, "user/throttle": -0.16187334463997236, "user/mode": "user", "imu1/acl_x": 0.0718260498046875, "imu1/acl_y": -0.14604630126953125, "imu1/acl_z": 12.878410729980468, "imu1/gyr_x": -3.9618320610687023, "imu1/gyr_y": 2.312977099236641, "imu1/gyr_z": -2.0381679389312977, "imu2/acl_x": -0.13168109130859373, "imu2/acl_y": -0.06943184814453125, "imu2/acl_z": 9.792284790039062, "imu2/gyr_x": 3.7557251908396947, "imu2/gyr_y": -1.297709923664122, "imu2/gyr_z": -0.9770992366412213, "milliseconds": 82203}