{"cam/image_array": "793_cam-image_array_.jpg", "user/angle": 0.0, "user/throttle": 3.061616997868383e-16, "user/mode": "user", "imu1/acl_x": 0.1197100830078125, "imu1/acl_y": -0.08140285644531249, "imu1/acl_z": 12.97178459472656, "imu1/gyr_x": -4.114503816793893, "imu1/gyr_y": 2.4122137404580153, "imu1/gyr_z": -1.900763358778626, "imu2/acl_x": -0.105344873046875, "imu2/acl_y": 0.05746083984375, "imu2/acl_z": 9.658209497070311, "imu2/gyr_x": 3.83206106870229, "imu2/gyr_y": -1.2748091603053435, "imu2/gyr_z": -0.9847328244274809, "milliseconds": 77655}