{"cam/image_array": "686_cam-image_array_.jpg", "user/angle": 0.8239642182997219, "user/throttle": 1.0, "user/mode": "user", "imu1/acl_x": 0.29448680419921874, "imu1/acl_y": -0.0430956298828125, "imu1/acl_z": 12.911929553222656, "imu1/gyr_x": -5.862595419847328, "imu1/gyr_y": 2.49618320610687, "imu1/gyr_z": -1.9465648854961832, "imu2/acl_x": -0.13168109130859373, "imu2/acl_y": -0.1149216796875, "imu2/acl_z": 9.504980590820312, "imu2/gyr_x": 3.946564885496183, "imu2/gyr_y": -1.2900763358778626, "imu2/gyr_z": -1.0610687022900764, "milliseconds": 69803}