{"cam/image_array": "642_cam-image_array_.jpg", "user/angle": 1.0, "user/throttle": 1.0, "user/mode": "user", "imu1/acl_x": 0.09576806640624999, "imu1/acl_y": -0.105344873046875, "imu1/acl_z": 12.9861498046875, "imu1/gyr_x": -3.9618320610687023, "imu1/gyr_y": 2.3282442748091605, "imu1/gyr_z": -1.8854961832061068, "imu2/acl_x": -0.12689268798828124, "imu2/acl_y": 0.0, "imu2/acl_z": 9.665392102050781, "imu2/gyr_x": 3.6030534351145036, "imu2/gyr_y": -1.1984732824427482, "imu2/gyr_z": -0.9465648854961832, "milliseconds": 66854}