{"cam/image_array": "75_cam-image_array_.jpg", "user/angle": -0.014285714285714287, "user/throttle": 0.014285714285714289, "user/mode": "user", "imu1/acl_x": 0.28969840087890625, "imu1/acl_y": -0.105344873046875, "imu1/acl_z": 12.931083166503905, "imu1/gyr_x": -3.954198473282443, "imu1/gyr_y": 2.366412213740458, "imu1/gyr_z": -2.0839694656488548, "imu2/acl_x": -0.09576806640624999, "imu2/acl_y": 0.01915361328125, "imu2/acl_z": 9.686939916992188, "imu2/gyr_x": 3.931297709923664, "imu2/gyr_y": -1.2290076335877862, "imu2/gyr_z": -1.0458015267175573, "milliseconds": 30951}