{"cam/image_array": "558_cam-image_array_.jpg", "user/angle": -1.0, "user/throttle": 0.5571428571428575, "user/mode": "user", "imu1/acl_x": 0.07900865478515624, "imu1/acl_y": -0.09816226806640624, "imu1/acl_z": 12.974178796386719, "imu1/gyr_x": -3.8931297709923665, "imu1/gyr_y": 2.2519083969465647, "imu1/gyr_z": -0.030534351145038167, "imu2/acl_x": -0.086191259765625, "imu2/acl_y": 0.076614453125, "imu2/acl_z": 9.667786303710937, "imu2/gyr_x": 3.9389312977099236, "imu2/gyr_y": -1.3358778625954197, "imu2/gyr_z": -0.9694656488549618, "milliseconds": 60864}