{"cam/image_array": "220_cam-image_array_.jpg", "user/angle": 1.0, "user/throttle": 0.385714285714285, "user/mode": "user", "imu1/acl_x": 0.011971008300781249, "imu1/acl_y": -0.062249243164062495, "imu1/acl_z": 12.926294763183593, "imu1/gyr_x": -4.061068702290076, "imu1/gyr_y": 2.2900763358778624, "imu1/gyr_z": -0.007633587786259542, "imu2/acl_x": -0.13168109130859373, "imu2/acl_y": -0.0047884033203125, "imu2/acl_z": 9.641450085449218, "imu2/gyr_x": 3.7557251908396947, "imu2/gyr_y": -1.3282442748091603, "imu2/gyr_z": -1.083969465648855, "milliseconds": 41201}