{"cam/image_array": "623_cam-image_array_.jpg", "user/angle": 0.0, "user/throttle": -1.0, "user/mode": "user", "imu1/acl_x": 0.047884033203124995, "imu1/acl_y": -0.023942016601562498, "imu1/acl_z": 12.950236779785156, "imu1/gyr_x": -3.9389312977099236, "imu1/gyr_y": 2.5419847328244276, "imu1/gyr_z": -3.900763358778626, "imu2/acl_x": -0.18435352783203124, "imu2/acl_y": 0.028730419921875, "imu2/acl_z": 9.696516723632811, "imu2/gyr_x": 3.816793893129771, "imu2/gyr_y": -1.1984732824427482, "imu2/gyr_z": -1.1145038167938932, "milliseconds": 65886}