{"cam/image_array": "986_cam-image_array_.jpg", "user/angle": 0.0, "user/throttle": -1.0, "user/mode": "user", "imu1/acl_x": 0.1484405029296875, "imu1/acl_y": -0.09337386474609374, "imu1/acl_z": 12.943054174804686, "imu1/gyr_x": -1.9618320610687023, "imu1/gyr_y": 2.236641221374046, "imu1/gyr_z": -3.8396946564885495, "imu2/acl_x": -0.17238251953125, "imu2/acl_y": -0.02154781494140625, "imu2/acl_z": 9.634267480468749, "imu2/gyr_x": 3.801526717557252, "imu2/gyr_y": -1.3206106870229009, "imu2/gyr_z": -0.9083969465648855, "milliseconds": 95905}