{"cam/image_array": "823_cam-image_array_.jpg", "user/angle": 0.28523990943065164, "user/throttle": 1.0, "user/mode": "user", "imu1/acl_x": 0.011971008300781249, "imu1/acl_y": -0.08379705810546874, "imu1/acl_z": 12.871228125, "imu1/gyr_x": -5.809160305343512, "imu1/gyr_y": 2.2213740458015265, "imu1/gyr_z": -2.015267175572519, "imu2/acl_x": -0.08379705810546874, "imu2/acl_y": 0.05746083984375, "imu2/acl_z": 9.770736975097655, "imu2/gyr_x": 4.068702290076335, "imu2/gyr_y": -1.3206106870229009, "imu2/gyr_z": -1.1068702290076335, "milliseconds": 79206}