{"cam/image_array": "547_cam-image_array_.jpg", "user/angle": -1.0, "user/throttle": 0.3223973992655552, "user/mode": "user", "imu1/acl_x": 0.1771709228515625, "imu1/acl_y": -0.143652099609375, "imu1/acl_z": 12.9095353515625, "imu1/gyr_x": -3.946564885496183, "imu1/gyr_y": 2.2290076335877864, "imu1/gyr_z": -1.83206106870229, "imu2/acl_x": -0.13646949462890623, "imu2/acl_y": 0.1292868896484375, "imu2/acl_z": 9.624690673828125, "imu2/gyr_x": 3.816793893129771, "imu2/gyr_y": -1.3129770992366412, "imu2/gyr_z": -1.0305343511450382, "milliseconds": 60311}