{"cam/image_array": "277_cam-image_array_.jpg", "user/angle": 1.0, "user/throttle": 1.0, "user/mode": "user", "imu1/acl_x": 0.16280571289062498, "imu1/acl_y": -0.05746083984375, "imu1/acl_z": 12.89038173828125, "imu1/gyr_x": -4.0, "imu1/gyr_y": 2.282442748091603, "imu1/gyr_z": -1.633587786259542, "imu2/acl_x": -0.1292868896484375, "imu2/acl_y": -0.00718260498046875, "imu2/acl_z": 9.677363110351562, "imu2/gyr_x": 3.931297709923664, "imu2/gyr_y": -1.4427480916030535, "imu2/gyr_z": -1.0076335877862594, "milliseconds": 44905}