{"cam/image_array": "39_cam-image_array_.jpg", "user/angle": 0.0, "user/throttle": 0.0, "user/mode": "user", "imu1/acl_x": 0.076614453125, "imu1/acl_y": -0.08140285644531249, "imu1/acl_z": 12.94065997314453, "imu1/gyr_x": -4.0, "imu1/gyr_y": 2.435114503816794, "imu1/gyr_z": -1.8854961832061068, "imu2/acl_x": -0.1149216796875, "imu2/acl_y": 0.01915361328125, "imu2/acl_z": 9.636661682128906, "imu2/gyr_x": 3.8702290076335877, "imu2/gyr_y": -1.297709923664122, "imu2/gyr_z": -0.9770992366412213, "milliseconds": 28152}