{"cam/image_array": "148_cam-image_array_.jpg", "user/angle": 1.0, "user/throttle": 0.11428571428571366, "user/mode": "user", "imu1/acl_x": 0.13407529296874998, "imu1/acl_y": -0.07422025146484375, "imu1/acl_z": 12.919112158203124, "imu1/gyr_x": -5.8320610687022905, "imu1/gyr_y": 2.3740458015267176, "imu1/gyr_z": -0.015267175572519083, "imu2/acl_x": -0.06943184814453125, "imu2/acl_y": 0.11013327636718749, "imu2/acl_z": 9.662997900390625, "imu2/gyr_x": 3.7786259541984735, "imu2/gyr_y": -1.213740458015267, "imu2/gyr_z": -1.1450381679389312, "milliseconds": 35555}