{"cam/image_array": "56_cam-image_array_.jpg", "user/angle": 0.0, "user/throttle": -0.6857142857142856, "user/mode": "user", "imu1/acl_x": 0.00718260498046875, "imu1/acl_y": -0.08140285644531249, "imu1/acl_z": 12.804190478515624, "imu1/gyr_x": -1.9618320610687023, "imu1/gyr_y": 2.366412213740458, "imu1/gyr_z": -2.2213740458015265, "imu2/acl_x": -0.18435352783203124, "imu2/acl_y": 0.016759411621093748, "imu2/acl_z": 9.727641345214844, "imu2/gyr_x": 3.8091603053435112, "imu2/gyr_y": -1.251908396946565, "imu2/gyr_z": -0.9312977099236641, "milliseconds": 29550}