{"cam/image_array": "625_cam-image_array_.jpg", "user/angle": -0.8332955430091484, "user/throttle": 1.0, "user/mode": "user", "imu1/acl_x": 0.16519991455078123, "imu1/acl_y": -0.105344873046875, "imu1/acl_z": 12.895170141601561, "imu1/gyr_x": -3.8396946564885495, "imu1/gyr_y": 2.213740458015267, "imu1/gyr_z": -2.0916030534351147, "imu2/acl_x": -0.14125789794921875, "imu2/acl_y": 0.00239420166015625, "imu2/acl_z": 9.737218151855469, "imu2/gyr_x": 3.885496183206107, "imu2/gyr_y": -1.2290076335877862, "imu2/gyr_z": -1.0610687022900764, "milliseconds": 65978}