{"cam/image_array": "398_cam-image_array_.jpg", "user/angle": 1.0, "user/throttle": 0.7008154539365258, "user/mode": "user", "imu1/acl_x": 0.13407529296874998, "imu1/acl_y": -0.04548983154296875, "imu1/acl_z": 12.94065997314453, "imu1/gyr_x": -4.030534351145038, "imu1/gyr_y": 2.267175572519084, "imu1/gyr_z": -3.885496183206107, "imu2/acl_x": -0.1388636962890625, "imu2/acl_y": -0.1292868896484375, "imu2/acl_z": 9.670180505371093, "imu2/gyr_x": 3.6717557251908395, "imu2/gyr_y": -1.0763358778625953, "imu2/gyr_z": -0.9236641221374046, "milliseconds": 52095}