{"cam/image_array": "51_cam-image_array_.jpg", "user/angle": -0.7571428571428572, "user/throttle": 0.9142857142857141, "user/mode": "user", "imu1/acl_x": 0.12449848632812499, "imu1/acl_y": -0.07900865478515624, "imu1/acl_z": 12.897564343261719, "imu1/gyr_x": -4.00763358778626, "imu1/gyr_y": 2.4427480916030535, "imu1/gyr_z": -1.9465648854961832, "imu2/acl_x": -0.08140285644531249, "imu2/acl_y": -0.0047884033203125, "imu2/acl_z": 9.665392102050781, "imu2/gyr_x": 3.7786259541984735, "imu2/gyr_y": -1.1755725190839694, "imu2/gyr_z": -1.0458015267175573, "milliseconds": 29319}