{"cam/image_array": "172_cam-image_array_.jpg", "user/angle": 0.0, "user/throttle": -1.0, "user/mode": "user", "imu1/acl_x": 0.17477672119140625, "imu1/acl_y": -0.033518823242187495, "imu1/acl_z": 12.919112158203124, "imu1/gyr_x": -3.877862595419847, "imu1/gyr_y": 2.198473282442748, "imu1/gyr_z": -1.8549618320610688, "imu2/acl_x": -0.1197100830078125, "imu2/acl_y": 0.040701428222656245, "imu2/acl_z": 9.682151513671874, "imu2/gyr_x": 3.7938931297709924, "imu2/gyr_y": -1.3358778625954197, "imu2/gyr_z": -0.9923664122137404, "milliseconds": 37456}