{"cam/image_array": "834_cam-image_array_.jpg", "user/angle": 0.9000000000000001, "user/throttle": 0.6428571428571428, "user/mode": "user", "imu1/acl_x": 0.09816226806640624, "imu1/acl_y": -0.07900865478515624, "imu1/acl_z": 12.97178459472656, "imu1/gyr_x": -4.0, "imu1/gyr_y": 2.381679389312977, "imu1/gyr_z": -2.2290076335877864, "imu2/acl_x": -0.09337386474609374, "imu2/acl_y": 0.062249243164062495, "imu2/acl_z": 9.660603698730467, "imu2/gyr_x": 3.801526717557252, "imu2/gyr_y": -1.3129770992366412, "imu2/gyr_z": -1.0534351145038168, "milliseconds": 79754}