{"cam/image_array": "568_cam-image_array_.jpg", "user/angle": 0.0, "user/throttle": 0.0, "user/mode": "user", "imu1/acl_x": 0.09337386474609374, "imu1/acl_y": -0.047884033203124995, "imu1/acl_z": 12.928688964843749, "imu1/gyr_x": -5.847328244274809, "imu1/gyr_y": 2.2213740458015265, "imu1/gyr_z": -1.7633587786259541, "imu2/acl_x": -0.16998831787109375, "imu2/acl_y": 0.02633621826171875, "imu2/acl_z": 9.600748657226562, "imu2/gyr_x": 3.6412213740458017, "imu2/gyr_y": -1.2366412213740459, "imu2/gyr_z": -1.083969465648855, "milliseconds": 62459}