{"cam/image_array": "383_cam-image_array_.jpg", "user/angle": 0.142857142857143, "user/throttle": 1.0, "user/mode": "user", "imu1/acl_x": 0.13168109130859373, "imu1/acl_y": -0.06703764648437499, "imu1/acl_z": 12.969390393066405, "imu1/gyr_x": -5.854961832061068, "imu1/gyr_y": 2.2061068702290076, "imu1/gyr_z": -1.9083969465648856, "imu2/acl_x": -0.15083470458984374, "imu2/acl_y": 0.04548983154296875, "imu2/acl_z": 9.658209497070311, "imu2/gyr_x": 1.9770992366412214, "imu2/gyr_y": -1.381679389312977, "imu2/gyr_z": -1.0534351145038168, "milliseconds": 50389}