{"cam/image_array": "924_cam-image_array_.jpg", "user/angle": 1.0, "user/throttle": 1.0, "user/mode": "user", "imu1/acl_x": 0.0047884033203125, "imu1/acl_y": -0.05746083984375, "imu1/acl_z": 12.966996191406249, "imu1/gyr_x": -3.9389312977099236, "imu1/gyr_y": 2.282442748091603, "imu1/gyr_z": -3.885496183206107, "imu2/acl_x": -0.086191259765625, "imu2/acl_y": 0.0718260498046875, "imu2/acl_z": 9.627084875488281, "imu2/gyr_x": 3.7404580152671754, "imu2/gyr_y": -1.2213740458015268, "imu2/gyr_z": -1.0610687022900764, "milliseconds": 86803}