{"cam/image_array": "364_cam-image_array_.jpg", "user/angle": -1.0, "user/throttle": 1.0, "user/mode": "user", "imu1/acl_x": 0.086191259765625, "imu1/acl_y": -0.1292868896484375, "imu1/acl_z": 12.926294763183593, "imu1/gyr_x": -3.854961832061069, "imu1/gyr_y": 2.3053435114503817, "imu1/gyr_z": -1.8473282442748091, "imu2/acl_x": -0.1197100830078125, "imu2/acl_y": 0.12689268798828124, "imu2/acl_z": 9.682151513671874, "imu2/gyr_x": 3.9770992366412212, "imu2/gyr_y": -1.3129770992366412, "imu2/gyr_z": -0.8091603053435115, "milliseconds": 49402}