{"cam/image_array": "348_cam-image_array_.jpg", "user/angle": 0.3857142857142859, "user/throttle": 0.3714285714285714, "user/mode": "user", "imu1/acl_x": 0.1388636962890625, "imu1/acl_y": -0.086191259765625, "imu1/acl_z": 12.955025183105468, "imu1/gyr_x": -1.9770992366412214, "imu1/gyr_y": 2.213740458015267, "imu1/gyr_z": -1.8244274809160306, "imu2/acl_x": -0.1580173095703125, "imu2/acl_y": 0.14125789794921875, "imu2/acl_z": 9.74200655517578, "imu2/gyr_x": 3.6946564885496183, "imu2/gyr_y": -1.1603053435114503, "imu2/gyr_z": -0.9312977099236641, "milliseconds": 48572}