{"cam/image_array": "938_cam-image_array_.jpg", "user/angle": 0.0, "user/throttle": -0.585714285714286, "user/mode": "user", "imu1/acl_x": 0.086191259765625, "imu1/acl_y": -0.09576806640624999, "imu1/acl_z": 12.94065997314453, "imu1/gyr_x": -3.8931297709923665, "imu1/gyr_y": 2.2442748091603053, "imu1/gyr_z": -2.0916030534351147, "imu2/acl_x": -0.14604630126953125, "imu2/acl_y": -0.02154781494140625, "imu2/acl_z": 9.694122521972655, "imu2/gyr_x": 3.8473282442748094, "imu2/gyr_y": -1.3511450381679388, "imu2/gyr_z": -1.0229007633587786, "milliseconds": 87515}