{"cam/image_array": "583_cam-image_array_.jpg", "user/angle": 0.0, "user/throttle": 0.0, "user/mode": "user", "imu1/acl_x": 0.1292868896484375, "imu1/acl_y": -0.08379705810546874, "imu1/acl_z": 13.036428039550781, "imu1/gyr_x": -1.9923664122137406, "imu1/gyr_y": 2.3206106870229006, "imu1/gyr_z": -1.916030534351145, "imu2/acl_x": -0.06943184814453125, "imu2/acl_y": 0.0047884033203125, "imu2/acl_z": 9.696516723632811, "imu2/gyr_x": 3.7709923664122136, "imu2/gyr_y": -1.1450381679389312, "imu2/gyr_z": -0.8931297709923665, "milliseconds": 63213}