{"cam/image_array": "529_cam-image_array_.jpg", "user/angle": 0.0, "user/throttle": -0.5555227075021951, "user/mode": "user", "imu1/acl_x": 0.1149216796875, "imu1/acl_y": -0.09337386474609374, "imu1/acl_z": 12.86404552001953, "imu1/gyr_x": -4.0, "imu1/gyr_y": 2.1297709923664123, "imu1/gyr_z": -2.015267175572519, "imu2/acl_x": -0.14125789794921875, "imu2/acl_y": 0.02633621826171875, "imu2/acl_z": 9.564835632324218, "imu2/gyr_x": 3.7938931297709924, "imu2/gyr_y": -1.1908396946564885, "imu2/gyr_z": -0.9389312977099237, "milliseconds": 59373}