{"cam/image_array": "15_cam-image_array_.jpg", "user/angle": 1.0, "user/throttle": 0.7014174795320615, "user/mode": "user", "imu1/acl_x": 0.30406361083984373, "imu1/acl_y": -0.08858546142578125, "imu1/acl_z": 12.947842578125, "imu1/gyr_x": -3.8091603053435112, "imu1/gyr_y": 2.2061068702290076, "imu1/gyr_z": -1.9541984732824427, "imu2/acl_x": -0.00718260498046875, "imu2/acl_y": -0.00239420166015625, "imu2/acl_z": 9.583989245605467, "imu2/gyr_x": 3.717557251908397, "imu2/gyr_y": -1.183206106870229, "imu2/gyr_z": -0.9770992366412213, "milliseconds": 26940}