{"cam/image_array": "739_cam-image_array_.jpg", "user/angle": 1.0, "user/throttle": 1.0, "user/mode": "user", "imu1/acl_x": 0.12689268798828124, "imu1/acl_y": -0.06703764648437499, "imu1/acl_z": 12.94065997314453, "imu1/gyr_x": -3.984732824427481, "imu1/gyr_y": 2.2442748091603053, "imu1/gyr_z": -2.053435114503817, "imu2/acl_x": -0.0526724365234375, "imu2/acl_y": 0.028730419921875, "imu2/acl_z": 9.567229833984374, "imu2/gyr_x": 3.6259541984732824, "imu2/gyr_y": -1.1984732824427482, "imu2/gyr_z": -0.9923664122137404, "milliseconds": 73605}