{"cam/image_array": "774_cam-image_array_.jpg", "user/angle": 0.0, "user/throttle": -1.0, "user/mode": "user", "imu1/acl_x": 0.26815058593749996, "imu1/acl_y": -0.11013327636718749, "imu1/acl_z": 12.895170141601561, "imu1/gyr_x": -3.816793893129771, "imu1/gyr_y": 2.50381679389313, "imu1/gyr_z": -2.0916030534351147, "imu2/acl_x": -0.11252747802734374, "imu2/acl_y": -0.15322890625, "imu2/acl_z": 9.686939916992188, "imu2/gyr_x": 3.8396946564885495, "imu2/gyr_y": -1.1068702290076335, "imu2/gyr_z": -1.083969465648855, "milliseconds": 76125}