{"cam/image_array": "161_cam-image_array_.jpg", "user/angle": 0.0, "user/throttle": -0.7857142857142881, "user/mode": "user", "imu1/acl_x": 0.10295067138671875, "imu1/acl_y": -0.11252747802734374, "imu1/acl_z": 13.022062829589842, "imu1/gyr_x": -3.885496183206107, "imu1/gyr_y": 2.2290076335877864, "imu1/gyr_z": -2.183206106870229, "imu2/acl_x": -0.0047884033203125, "imu2/acl_y": 0.047884033203124995, "imu2/acl_z": 9.53131680908203, "imu2/gyr_x": 3.687022900763359, "imu2/gyr_y": -1.3893129770992367, "imu2/gyr_z": -0.9312977099236641, "milliseconds": 36900}