{"cam/image_array": "725_cam-image_array_.jpg", "user/angle": 0.0, "user/throttle": -1.0, "user/mode": "user", "imu1/acl_x": 0.14125789794921875, "imu1/acl_y": -0.0430956298828125, "imu1/acl_z": 12.97896719970703, "imu1/gyr_x": -1.9618320610687023, "imu1/gyr_y": 2.3206106870229006, "imu1/gyr_z": -3.816793893129771, "imu2/acl_x": -0.0718260498046875, "imu2/acl_y": 0.028730419921875, "imu2/acl_z": 9.694122521972655, "imu2/gyr_x": 3.8396946564885495, "imu2/gyr_y": -1.1374045801526718, "imu2/gyr_z": -0.7938931297709924, "milliseconds": 72902}