{"cam/image_array": "187_cam-image_array_.jpg", "user/angle": 0.45714285714285713, "user/throttle": 1.0, "user/mode": "user", "imu1/acl_x": 0.047884033203124995, "imu1/acl_y": -0.12449848632812499, "imu1/acl_z": 12.725181823730468, "imu1/gyr_x": -1.9618320610687023, "imu1/gyr_y": 2.312977099236641, "imu1/gyr_z": -1.816793893129771, "imu2/acl_x": -0.1388636962890625, "imu2/acl_y": 0.076614453125, "imu2/acl_z": 9.60793126220703, "imu2/gyr_x": 3.66412213740458, "imu2/gyr_y": -1.213740458015267, "imu2/gyr_z": -1.0458015267175573, "milliseconds": 38228}