{"cam/image_array": "478_cam-image_array_.jpg", "user/angle": 0.0, "user/throttle": -0.3994265416881174, "user/mode": "user", "imu1/acl_x": 0.1197100830078125, "imu1/acl_y": -0.1149216796875, "imu1/acl_z": 13.002909216308593, "imu1/gyr_x": -4.0458015267175576, "imu1/gyr_y": 2.3587786259541983, "imu1/gyr_z": -1.916030534351145, "imu2/acl_x": -0.201112939453125, "imu2/acl_y": 0.07422025146484375, "imu2/acl_z": 9.677363110351562, "imu2/gyr_x": 3.763358778625954, "imu2/gyr_y": -1.3206106870229009, "imu2/gyr_z": -0.9694656488549618, "milliseconds": 56742}