{"cam/image_array": "564_cam-image_array_.jpg", "user/angle": -1.0, "user/throttle": 1.0, "user/mode": "user", "imu1/acl_x": 0.1771709228515625, "imu1/acl_y": -0.062249243164062495, "imu1/acl_z": 12.895170141601561, "imu1/gyr_x": -3.854961832061069, "imu1/gyr_y": 2.267175572519084, "imu1/gyr_z": -1.9312977099236641, "imu2/acl_x": -0.1388636962890625, "imu2/acl_y": 0.0047884033203125, "imu2/acl_z": 9.667786303710937, "imu2/gyr_x": 3.854961832061069, "imu2/gyr_y": -1.3053435114503817, "imu2/gyr_z": -0.9541984732824428, "milliseconds": 61169}