{"cam/image_array": "337_cam-image_array_.jpg", "user/angle": 1.0, "user/throttle": 1.0, "user/mode": "user", "imu1/acl_x": 0.009576806640625, "imu1/acl_y": -0.08858546142578125, "imu1/acl_z": 12.777854260253905, "imu1/gyr_x": -3.9618320610687023, "imu1/gyr_y": 2.2748091603053435, "imu1/gyr_z": -2.145038167938931, "imu2/acl_x": -0.12210428466796874, "imu2/acl_y": 0.009576806640625, "imu2/acl_z": 9.639055883789062, "imu2/gyr_x": 3.8396946564885495, "imu2/gyr_y": -1.16793893129771, "imu2/gyr_z": -1.015267175572519, "milliseconds": 48021}