{"cam/image_array": "167_cam-image_array_.jpg", "user/angle": 0.10000000000000019, "user/throttle": 0.8857142857142857, "user/mode": "user", "imu1/acl_x": 0.14125789794921875, "imu1/acl_y": -0.11731588134765625, "imu1/acl_z": 12.926294763183593, "imu1/gyr_x": -4.015267175572519, "imu1/gyr_y": 2.4732824427480917, "imu1/gyr_z": -0.0916030534351145, "imu2/acl_x": -0.11252747802734374, "imu2/acl_y": -0.0526724365234375, "imu2/acl_z": 9.665392102050781, "imu2/gyr_x": 3.786259541984733, "imu2/gyr_y": -1.1145038167938932, "imu2/gyr_z": -1.1603053435114503, "milliseconds": 37210}