{"cam/image_array": "839_cam-image_array_.jpg", "user/angle": 0.0, "user/throttle": -0.3714285714285713, "user/mode": "user", "imu1/acl_x": 0.12210428466796874, "imu1/acl_y": -0.09816226806640624, "imu1/acl_z": 12.89038173828125, "imu1/gyr_x": -3.763358778625954, "imu1/gyr_y": 2.404580152671756, "imu1/gyr_z": -2.053435114503817, "imu2/acl_x": -0.12689268798828124, "imu2/acl_y": 0.13407529296874998, "imu2/acl_z": 9.787496386718749, "imu2/gyr_x": 3.7099236641221376, "imu2/gyr_y": -1.1526717557251909, "imu2/gyr_z": -0.9847328244274809, "milliseconds": 80007}