{"cam/image_array": "679_cam-image_array_.jpg", "user/angle": 0.0, "user/throttle": 0.0, "user/mode": "user", "imu1/acl_x": 0.201112939453125, "imu1/acl_y": -0.07422025146484375, "imu1/acl_z": 12.9861498046875, "imu1/gyr_x": -3.8625954198473282, "imu1/gyr_y": 2.351145038167939, "imu1/gyr_z": -1.7633587786259541, "imu2/acl_x": -0.1292868896484375, "imu2/acl_y": 0.00239420166015625, "imu2/acl_z": 9.76116016845703, "imu2/gyr_x": 3.954198473282443, "imu2/gyr_y": -1.381679389312977, "imu2/gyr_z": -1.015267175572519, "milliseconds": 69444}