{"cam/image_array": "589_cam-image_array_.jpg", "user/angle": 1.0, "user/throttle": 0.5194953487913777, "user/mode": "user", "imu1/acl_x": 0.12689268798828124, "imu1/acl_y": -0.10295067138671875, "imu1/acl_z": 12.89038173828125, "imu1/gyr_x": -3.9770992366412212, "imu1/gyr_y": 2.4656488549618323, "imu1/gyr_z": -1.916030534351145, "imu2/acl_x": -0.1149216796875, "imu2/acl_y": 0.086191259765625, "imu2/acl_z": 9.612719665527344, "imu2/gyr_x": 3.7709923664122136, "imu2/gyr_y": -1.2290076335877862, "imu2/gyr_z": -0.8778625954198473, "milliseconds": 63530}