{"cam/image_array": "921_cam-image_array_.jpg", "user/angle": 0.0, "user/throttle": 0.0, "user/mode": "user", "imu1/acl_x": 0.033518823242187495, "imu1/acl_y": -0.0383072265625, "imu1/acl_z": 12.897564343261719, "imu1/gyr_x": -3.9160305343511452, "imu1/gyr_y": 2.183206106870229, "imu1/gyr_z": -1.7251908396946565, "imu2/acl_x": -0.08140285644531249, "imu2/acl_y": -0.14604630126953125, "imu2/acl_z": 9.579200842285156, "imu2/gyr_x": 3.8244274809160306, "imu2/gyr_y": -1.2671755725190839, "imu2/gyr_z": -0.9541984732824428, "milliseconds": 86162}