{"cam/image_array": "780_cam-image_array_.jpg", "user/angle": 0.0, "user/throttle": -1.0, "user/mode": "user", "imu1/acl_x": 0.011971008300781249, "imu1/acl_y": -0.09337386474609374, "imu1/acl_z": 12.981361401367186, "imu1/gyr_x": -3.8473282442748094, "imu1/gyr_y": 2.351145038167939, "imu1/gyr_z": -1.7938931297709924, "imu2/acl_x": -0.143652099609375, "imu2/acl_y": -0.016759411621093748, "imu2/acl_z": 9.648632690429688, "imu2/gyr_x": 3.83206106870229, "imu2/gyr_y": -1.251908396946565, "imu2/gyr_z": -0.9083969465648855, "milliseconds": 76436}