{"cam/image_array": "476_cam-image_array_.jpg", "user/angle": 0.0, "user/throttle": -0.5998476680203341, "user/mode": "user", "imu1/acl_x": 0.15562310791015624, "imu1/acl_y": -0.09576806640624999, "imu1/acl_z": 12.931083166503905, "imu1/gyr_x": -3.9236641221374047, "imu1/gyr_y": 2.3893129770992365, "imu1/gyr_z": -2.030534351145038, "imu2/acl_x": -0.13407529296874998, "imu2/acl_y": 0.031124621582031248, "imu2/acl_z": 9.591171850585937, "imu2/gyr_x": 3.6793893129770994, "imu2/gyr_y": -1.2442748091603053, "imu2/gyr_z": -0.9389312977099237, "milliseconds": 56640}