{"cam/image_array": "328_cam-image_array_.jpg", "user/angle": 0.0, "user/throttle": -1.0, "user/mode": "user", "imu1/acl_x": 0.0, "imu1/acl_y": -0.07422025146484375, "imu1/acl_z": 12.868833923339842, "imu1/gyr_x": -3.9236641221374047, "imu1/gyr_y": 2.49618320610687, "imu1/gyr_z": -1.9770992366412214, "imu2/acl_x": -0.11252747802734374, "imu2/acl_y": 0.12210428466796874, "imu2/acl_z": 9.749189160156249, "imu2/gyr_x": 1.9541984732824427, "imu2/gyr_y": -1.3435114503816794, "imu2/gyr_z": -0.9312977099236641, "milliseconds": 47556}