{"cam/image_array": "507_cam-image_array_.jpg", "user/angle": -0.2708325198477952, "user/throttle": 1.0, "user/mode": "user", "imu1/acl_x": 0.16519991455078123, "imu1/acl_y": -0.086191259765625, "imu1/acl_z": 12.717999218749998, "imu1/gyr_x": -3.9236641221374047, "imu1/gyr_y": 2.2977099236641223, "imu1/gyr_z": -1.9312977099236641, "imu2/acl_x": -0.0526724365234375, "imu2/acl_y": -0.02633621826171875, "imu2/acl_z": 9.655815295410155, "imu2/gyr_x": 3.717557251908397, "imu2/gyr_y": -1.2290076335877862, "imu2/gyr_z": -1.1145038167938932, "milliseconds": 58256}