{"cam/image_array": "30_cam-image_array_.jpg", "user/angle": 0.0, "user/throttle": -0.7142857142857136, "user/mode": "user", "imu1/acl_x": 0.01915361328125, "imu1/acl_y": -0.086191259765625, "imu1/acl_z": 12.780248461914061, "imu1/gyr_x": -3.8931297709923665, "imu1/gyr_y": 2.198473282442748, "imu1/gyr_z": -2.068702290076336, "imu2/acl_x": -0.16280571289062498, "imu2/acl_y": -0.0143652099609375, "imu2/acl_z": 9.643844287109374, "imu2/gyr_x": 3.763358778625954, "imu2/gyr_y": -1.2366412213740459, "imu2/gyr_z": -0.9465648854961832, "milliseconds": 27700}