{"cam/image_array": "773_cam-image_array_.jpg", "user/angle": 0.0, "user/throttle": -1.0, "user/mode": "user", "imu1/acl_x": 0.105344873046875, "imu1/acl_y": -0.09337386474609374, "imu1/acl_z": 12.842497705078124, "imu1/gyr_x": -3.763358778625954, "imu1/gyr_y": 2.2595419847328246, "imu1/gyr_z": -3.885496183206107, "imu2/acl_x": -0.11731588134765625, "imu2/acl_y": 0.05746083984375, "imu2/acl_z": 9.775525378417969, "imu2/gyr_x": 3.9160305343511452, "imu2/gyr_y": -1.2061068702290076, "imu2/gyr_z": -1.1145038167938932, "milliseconds": 76085}