{"cam/image_array": "533_cam-image_array_.jpg", "user/angle": 1.0, "user/throttle": 0.07014780809039282, "user/mode": "user", "imu1/acl_x": 0.08379705810546874, "imu1/acl_y": -0.09576806640624999, "imu1/acl_z": 12.950236779785156, "imu1/gyr_x": -5.862595419847328, "imu1/gyr_y": 2.4885496183206106, "imu1/gyr_z": -1.7404580152671756, "imu2/acl_x": -0.11013327636718749, "imu2/acl_y": 0.0430956298828125, "imu2/acl_z": 9.756371765136718, "imu2/gyr_x": 3.7709923664122136, "imu2/gyr_y": -1.3206106870229009, "imu2/gyr_z": -0.9007633587786259, "milliseconds": 59569}