{"cam/image_array": "628_cam-image_array_.jpg", "user/angle": 1.0, "user/throttle": 1.0, "user/mode": "user", "imu1/acl_x": 0.15083470458984374, "imu1/acl_y": -0.06703764648437499, "imu1/acl_z": 12.911929553222656, "imu1/gyr_x": -3.877862595419847, "imu1/gyr_y": 2.450381679389313, "imu1/gyr_z": -0.06870229007633588, "imu2/acl_x": -0.2705447875976562, "imu2/acl_y": 0.0383072265625, "imu2/acl_z": 9.679757312011718, "imu2/gyr_x": 3.6564885496183206, "imu2/gyr_y": -1.2442748091603053, "imu2/gyr_z": -0.8854961832061069, "milliseconds": 66155}