{"cam/image_array": "428_cam-image_array_.jpg", "user/angle": 0.0, "user/throttle": -0.9571428571428574, "user/mode": "user", "imu1/acl_x": 0.16998831787109375, "imu1/acl_y": -0.08858546142578125, "imu1/acl_z": 12.899958544921875, "imu1/gyr_x": -2.0076335877862594, "imu1/gyr_y": 2.3206106870229006, "imu1/gyr_z": -0.015267175572519083, "imu2/acl_x": -0.1197100830078125, "imu2/acl_y": 0.05027823486328125, "imu2/acl_z": 9.631873278808593, "imu2/gyr_x": 3.7709923664122136, "imu2/gyr_y": -1.3206106870229009, "imu2/gyr_z": -0.8702290076335878, "milliseconds": 54154}