{"cam/image_array": "419_cam-image_array_.jpg", "user/angle": 0.0, "user/throttle": 0.0, "user/mode": "user", "imu1/acl_x": 0.1149216796875, "imu1/acl_y": -0.08858546142578125, "imu1/acl_z": 13.043610644531249, "imu1/gyr_x": -3.885496183206107, "imu1/gyr_y": 2.3969465648854964, "imu1/gyr_z": -0.11450381679389313, "imu2/acl_x": -0.14125789794921875, "imu2/acl_y": 0.0047884033203125, "imu2/acl_z": 9.775525378417969, "imu2/gyr_x": 3.7099236641221376, "imu2/gyr_y": -1.4885496183206106, "imu2/gyr_z": -0.9312977099236641, "milliseconds": 53695}