{"cam/image_array": "138_cam-image_array_.jpg", "user/angle": 0.0, "user/throttle": -0.5285714285714286, "user/mode": "user", "imu1/acl_x": 0.00718260498046875, "imu1/acl_y": -0.05985504150390625, "imu1/acl_z": 12.969390393066405, "imu1/gyr_x": -3.7786259541984735, "imu1/gyr_y": 2.267175572519084, "imu1/gyr_z": -1.9236641221374047, "imu2/acl_x": -0.17477672119140625, "imu2/acl_y": 0.02633621826171875, "imu2/acl_z": 9.737218151855469, "imu2/gyr_x": 5.8396946564885495, "imu2/gyr_y": -1.366412213740458, "imu2/gyr_z": -1.015267175572519, "milliseconds": 35044}