{"cam/image_array": "363_cam-image_array_.jpg", "user/angle": -1.0, "user/throttle": 0.283624080563973, "user/mode": "user", "imu1/acl_x": 0.3016694091796875, "imu1/acl_y": -0.055066638183593745, "imu1/acl_z": 12.840103503417968, "imu1/gyr_x": -3.7557251908396947, "imu1/gyr_y": 2.4656488549618323, "imu1/gyr_z": -1.8778625954198473, "imu2/acl_x": -0.13168109130859373, "imu2/acl_y": 0.06703764648437499, "imu2/acl_z": 9.6151138671875, "imu2/gyr_x": 3.7786259541984735, "imu2/gyr_y": -1.1221374045801527, "imu2/gyr_z": -1.0229007633587786, "milliseconds": 49351}