{"cam/image_array": "902_cam-image_array_.jpg", "user/angle": -1.0, "user/throttle": 0.6616271927277463, "user/mode": "user", "imu1/acl_x": 0.1388636962890625, "imu1/acl_y": -0.06703764648437499, "imu1/acl_z": 12.904746948242186, "imu1/gyr_x": -3.9770992366412212, "imu1/gyr_y": 2.312977099236641, "imu1/gyr_z": -1.9694656488549618, "imu2/acl_x": -0.1292868896484375, "imu2/acl_y": 0.023942016601562498, "imu2/acl_z": 9.658209497070311, "imu2/gyr_x": 3.9236641221374047, "imu2/gyr_y": -1.2671755725190839, "imu2/gyr_z": -1.015267175572519, "milliseconds": 85194}