{"cam/image_array": "582_cam-image_array_.jpg", "user/angle": 0.0, "user/throttle": -1.0, "user/mode": "user", "imu1/acl_x": 0.1197100830078125, "imu1/acl_y": -0.09337386474609374, "imu1/acl_z": 12.878410729980468, "imu1/gyr_x": -1.9618320610687023, "imu1/gyr_y": 2.427480916030534, "imu1/gyr_z": -1.7709923664122138, "imu2/acl_x": -0.01915361328125, "imu2/acl_y": 0.1388636962890625, "imu2/acl_z": 9.631873278808593, "imu2/gyr_x": 1.9618320610687023, "imu2/gyr_y": -1.2748091603053435, "imu2/gyr_z": -1.0305343511450382, "milliseconds": 63153}