{"cam/image_array": "825_cam-image_array_.jpg", "user/angle": 1.0, "user/throttle": 1.0, "user/mode": "user", "imu1/acl_x": 0.009576806640625, "imu1/acl_y": -0.10295067138671875, "imu1/acl_z": 12.885593334960937, "imu1/gyr_x": -3.9770992366412212, "imu1/gyr_y": 2.3053435114503817, "imu1/gyr_z": -1.748091603053435, "imu2/acl_x": -0.12689268798828124, "imu2/acl_y": -0.00718260498046875, "imu2/acl_z": 9.631873278808593, "imu2/gyr_x": 3.877862595419847, "imu2/gyr_y": -1.4198473282442747, "imu2/gyr_z": -0.8091603053435115, "milliseconds": 79319}