{"cam/image_array": "262_cam-image_array_.jpg", "user/angle": -1.0, "user/throttle": 1.0, "user/mode": "user", "imu1/acl_x": 0.21068974609375, "imu1/acl_y": -0.09337386474609374, "imu1/acl_z": 12.919112158203124, "imu1/gyr_x": -3.931297709923664, "imu1/gyr_y": 2.2442748091603053, "imu1/gyr_z": -1.816793893129771, "imu2/acl_x": -0.10295067138671875, "imu2/acl_y": -0.033518823242187495, "imu2/acl_z": 9.65342109375, "imu2/gyr_x": 3.969465648854962, "imu2/gyr_y": -1.2442748091603053, "imu2/gyr_z": -1.16793893129771, "milliseconds": 43393}