{"cam/image_array": "841_cam-image_array_.jpg", "user/angle": 0.68907776887331, "user/throttle": 1.0, "user/mode": "user", "imu1/acl_x": 0.1580173095703125, "imu1/acl_y": -0.10295067138671875, "imu1/acl_z": 12.794613671875, "imu1/gyr_x": -3.8244274809160306, "imu1/gyr_y": 2.2213740458015265, "imu1/gyr_z": -1.9618320610687023, "imu2/acl_x": -0.062249243164062495, "imu2/acl_y": -0.028730419921875, "imu2/acl_z": 9.593566052246093, "imu2/gyr_x": 3.885496183206107, "imu2/gyr_y": -1.3511450381679388, "imu2/gyr_z": -0.8091603053435115, "milliseconds": 80109}