{"cam/image_array": "976_cam-image_array_.jpg", "user/angle": 0.0, "user/throttle": -1.0, "user/mode": "user", "imu1/acl_x": 0.1388636962890625, "imu1/acl_y": -0.086191259765625, "imu1/acl_z": 12.950236779785156, "imu1/gyr_x": -5.8396946564885495, "imu1/gyr_y": 2.381679389312977, "imu1/gyr_z": -3.816793893129771, "imu2/acl_x": -0.0430956298828125, "imu2/acl_y": -0.0047884033203125, "imu2/acl_z": 9.60793126220703, "imu2/gyr_x": 3.8091603053435112, "imu2/gyr_y": -1.2595419847328244, "imu2/gyr_z": -1.0916030534351144, "milliseconds": 95404}