{"cam/image_array": "987_cam-image_array_.jpg", "user/angle": 0.0, "user/throttle": -1.0, "user/mode": "user", "imu1/acl_x": 0.1867477294921875, "imu1/acl_y": -0.09337386474609374, "imu1/acl_z": 12.950236779785156, "imu1/gyr_x": -3.8396946564885495, "imu1/gyr_y": 2.3053435114503817, "imu1/gyr_z": -2.0229007633587788, "imu2/acl_x": -0.14125789794921875, "imu2/acl_y": -0.0430956298828125, "imu2/acl_z": 9.655815295410155, "imu2/gyr_x": 3.6564885496183206, "imu2/gyr_y": -1.3053435114503817, "imu2/gyr_z": -0.9618320610687023, "milliseconds": 95965}