{"cam/image_array": "574_cam-image_array_.jpg", "user/angle": 0.0, "user/throttle": -1.0, "user/mode": "user", "imu1/acl_x": 0.17238251953125, "imu1/acl_y": -0.086191259765625, "imu1/acl_z": 12.885593334960937, "imu1/gyr_x": -5.847328244274809, "imu1/gyr_y": 2.5114503816793894, "imu1/gyr_z": -1.8396946564885497, "imu2/acl_x": -0.143652099609375, "imu2/acl_y": 0.1484405029296875, "imu2/acl_z": 9.651026892089844, "imu2/gyr_x": 5.801526717557252, "imu2/gyr_y": -1.3129770992366412, "imu2/gyr_z": -1.0229007633587786, "milliseconds": 62754}