{"cam/image_array": "484_cam-image_array_.jpg", "user/angle": 0.0, "user/throttle": -0.17142857142857107, "user/mode": "user", "imu1/acl_x": 0.16280571289062498, "imu1/acl_y": -0.14604630126953125, "imu1/acl_z": 12.86404552001953, "imu1/gyr_x": -3.816793893129771, "imu1/gyr_y": 2.4427480916030535, "imu1/gyr_z": -2.015267175572519, "imu2/acl_x": -0.10295067138671875, "imu2/acl_y": 0.0, "imu2/acl_z": 9.583989245605467, "imu2/gyr_x": 3.786259541984733, "imu2/gyr_y": -1.213740458015267, "imu2/gyr_z": -1.1297709923664123, "milliseconds": 57050}