{"cam/image_array": "238_cam-image_array_.jpg", "user/angle": -1.0, "user/throttle": 0.2569171053579021, "user/mode": "user", "imu1/acl_x": 0.11013327636718749, "imu1/acl_y": -0.0718260498046875, "imu1/acl_z": 12.947842578125, "imu1/gyr_x": -3.8473282442748094, "imu1/gyr_y": 2.3740458015267176, "imu1/gyr_z": -3.885496183206107, "imu2/acl_x": -0.1388636962890625, "imu2/acl_y": 0.02154781494140625, "imu2/acl_z": 9.801861596679688, "imu2/gyr_x": 3.83206106870229, "imu2/gyr_y": -1.083969465648855, "imu2/gyr_z": -1.0763358778625953, "milliseconds": 42161}