{"cam/image_array": "650_cam-image_array_.jpg", "user/angle": 0.0, "user/throttle": -0.10255290242665734, "user/mode": "user", "imu1/acl_x": 0.1197100830078125, "imu1/acl_y": -0.11013327636718749, "imu1/acl_z": 12.883199133300781, "imu1/gyr_x": -4.061068702290076, "imu1/gyr_y": 2.3435114503816794, "imu1/gyr_z": -0.022900763358778626, "imu2/acl_x": -0.11252747802734374, "imu2/acl_y": -0.011971008300781249, "imu2/acl_z": 9.624690673828125, "imu2/gyr_x": 3.7786259541984735, "imu2/gyr_y": -1.2366412213740459, "imu2/gyr_z": -1.015267175572519, "milliseconds": 67921}