{"cam/image_array": "19_cam-image_array_.jpg", "user/angle": 0.0, "user/throttle": -1.0, "user/mode": "user", "imu1/acl_x": 0.08379705810546874, "imu1/acl_y": -0.10295067138671875, "imu1/acl_z": 12.90235274658203, "imu1/gyr_x": -3.8244274809160306, "imu1/gyr_y": 2.3206106870229006, "imu1/gyr_z": -1.7099236641221374, "imu2/acl_x": -0.143652099609375, "imu2/acl_y": -0.13168109130859373, "imu2/acl_z": 9.612719665527344, "imu2/gyr_x": 3.7480916030534353, "imu2/gyr_y": -1.4198473282442747, "imu2/gyr_z": -0.9618320610687023, "milliseconds": 27151}