{"cam/image_array": "109_cam-image_array_.jpg", "user/angle": 0.0, "user/throttle": 0.0, "user/mode": "user", "imu1/acl_x": 0.20350714111328125, "imu1/acl_y": -0.13646949462890623, "imu1/acl_z": 12.931083166503905, "imu1/gyr_x": -5.801526717557252, "imu1/gyr_y": 2.351145038167939, "imu1/gyr_z": -2.1297709923664123, "imu2/acl_x": -0.15083470458984374, "imu2/acl_y": 0.02154781494140625, "imu2/acl_z": 9.634267480468749, "imu2/gyr_x": 3.6412213740458017, "imu2/gyr_y": -1.1526717557251909, "imu2/gyr_z": -1.0229007633587786, "milliseconds": 32703}