{"cam/image_array": "790_cam-image_array_.jpg", "user/angle": 0.0, "user/throttle": 0.0, "user/mode": "user", "imu1/acl_x": 0.19871873779296872, "imu1/acl_y": -0.076614453125, "imu1/acl_z": 12.871228125, "imu1/gyr_x": -3.885496183206107, "imu1/gyr_y": 2.3282442748091605, "imu1/gyr_z": -2.2290076335877864, "imu2/acl_x": -0.09337386474609374, "imu2/acl_y": 0.062249243164062495, "imu2/acl_z": 9.588777648925781, "imu2/gyr_x": 3.7938931297709924, "imu2/gyr_y": -1.3282442748091603, "imu2/gyr_z": -1.0916030534351144, "milliseconds": 77513}