{"cam/image_array": "640_cam-image_array_.jpg", "user/angle": 0.9993750032321363, "user/throttle": 1.0, "user/mode": "user", "imu1/acl_x": 0.2705447875976562, "imu1/acl_y": -0.06464344482421874, "imu1/acl_z": 12.969390393066405, "imu1/gyr_x": -4.0534351145038165, "imu1/gyr_y": 2.3587786259541983, "imu1/gyr_z": -1.900763358778626, "imu2/acl_x": -0.13646949462890623, "imu2/acl_y": 0.028730419921875, "imu2/acl_z": 9.60793126220703, "imu2/gyr_x": 3.816793893129771, "imu2/gyr_y": -1.251908396946565, "imu2/gyr_z": -0.8625954198473282, "milliseconds": 66750}