{"cam/image_array": "245_cam-image_array_.jpg", "user/angle": -1.0, "user/throttle": 1.0, "user/mode": "user", "imu1/acl_x": 0.1149216796875, "imu1/acl_y": -0.062249243164062495, "imu1/acl_z": 12.883199133300781, "imu1/gyr_x": -3.763358778625954, "imu1/gyr_y": 2.4427480916030535, "imu1/gyr_z": -3.900763358778626, "imu2/acl_x": -0.15322890625, "imu2/acl_y": -0.05985504150390625, "imu2/acl_z": 9.612719665527344, "imu2/gyr_x": 3.816793893129771, "imu2/gyr_y": -1.366412213740458, "imu2/gyr_z": -0.9007633587786259, "milliseconds": 42499}