{"cam/image_array": "923_cam-image_array_.jpg", "user/angle": 0.0, "user/throttle": 0.0, "user/mode": "user", "imu1/acl_x": 0.15083470458984374, "imu1/acl_y": -0.11252747802734374, "imu1/acl_z": 12.966996191406249, "imu1/gyr_x": -3.954198473282443, "imu1/gyr_y": 2.183206106870229, "imu1/gyr_z": -2.045801526717557, "imu2/acl_x": -0.15562310791015624, "imu2/acl_y": 0.14604630126953125, "imu2/acl_z": 9.5001921875, "imu2/gyr_x": 3.7099236641221376, "imu2/gyr_y": -1.3129770992366412, "imu2/gyr_z": -0.9847328244274809, "milliseconds": 86751}