{"cam/image_array": "617_cam-image_array_.jpg", "user/angle": 0.0, "user/throttle": -1.0, "user/mode": "user", "imu1/acl_x": 0.1149216796875, "imu1/acl_y": -0.06703764648437499, "imu1/acl_z": 12.97896719970703, "imu1/gyr_x": -4.076335877862595, "imu1/gyr_y": 2.267175572519084, "imu1/gyr_z": -1.9618320610687023, "imu2/acl_x": -0.06943184814453125, "imu2/acl_y": 0.04548983154296875, "imu2/acl_z": 9.64623848876953, "imu2/gyr_x": 3.8244274809160306, "imu2/gyr_y": -1.3969465648854962, "imu2/gyr_z": -1.0687022900763359, "milliseconds": 65563}