{"cam/image_array": "663_cam-image_array_.jpg", "user/angle": 0.0, "user/throttle": 0.0, "user/mode": "user", "imu1/acl_x": 0.105344873046875, "imu1/acl_y": -0.05985504150390625, "imu1/acl_z": 12.89038173828125, "imu1/gyr_x": -3.786259541984733, "imu1/gyr_y": 2.213740458015267, "imu1/gyr_z": -1.786259541984733, "imu2/acl_x": -0.12689268798828124, "imu2/acl_y": 0.062249243164062495, "imu2/acl_z": 9.612719665527344, "imu2/gyr_x": 3.8091603053435112, "imu2/gyr_y": -1.1603053435114503, "imu2/gyr_z": -1.0305343511450382, "milliseconds": 68609}