{"cam/image_array": "216_cam-image_array_.jpg", "user/angle": 0.0, "user/throttle": 0.0, "user/mode": "user", "imu1/acl_x": 0.13646949462890623, "imu1/acl_y": -0.1005564697265625, "imu1/acl_z": 13.01727442626953, "imu1/gyr_x": -3.9923664122137406, "imu1/gyr_y": 2.5267175572519083, "imu1/gyr_z": -2.068702290076336, "imu2/acl_x": -0.07422025146484375, "imu2/acl_y": -0.028730419921875, "imu2/acl_z": 9.765948571777344, "imu2/gyr_x": 1.9618320610687023, "imu2/gyr_y": -1.16793893129771, "imu2/gyr_z": -1.0, "milliseconds": 41014}