{"cam/image_array": "1006_cam-image_array_.jpg", "user/angle": 0.5381959872256793, "user/throttle": 1.0, "user/mode": "user", "imu1/acl_x": 0.11013327636718749, "imu1/acl_y": -0.086191259765625, "imu1/acl_z": 12.84489190673828, "imu1/gyr_x": -5.824427480916031, "imu1/gyr_y": 2.2595419847328246, "imu1/gyr_z": -2.0610687022900764, "imu2/acl_x": -0.12449848632812499, "imu2/acl_y": -0.0143652099609375, "imu2/acl_z": 9.593566052246093, "imu2/gyr_x": 3.7404580152671754, "imu2/gyr_y": -1.16793893129771, "imu2/gyr_z": -1.0534351145038168, "milliseconds": 96954}