{"cam/image_array": "136_cam-image_array_.jpg", "user/angle": 0.0, "user/throttle": -0.6571428571428564, "user/mode": "user", "imu1/acl_x": 0.201112939453125, "imu1/acl_y": -0.1292868896484375, "imu1/acl_z": 12.945448376464842, "imu1/gyr_x": -3.984732824427481, "imu1/gyr_y": 2.2519083969465647, "imu1/gyr_z": -2.0076335877862594, "imu2/acl_x": -0.11731588134765625, "imu2/acl_y": -0.04548983154296875, "imu2/acl_z": 9.555258825683593, "imu2/gyr_x": 3.7480916030534353, "imu2/gyr_y": -1.4427480916030535, "imu2/gyr_z": -1.0, "milliseconds": 34944}