{"cam/image_array": "151_cam-image_array_.jpg", "user/angle": 0.0, "user/throttle": 0.0, "user/mode": "user", "imu1/acl_x": 0.20829554443359374, "imu1/acl_y": -0.062249243164062495, "imu1/acl_z": 12.923900561523437, "imu1/gyr_x": -3.9618320610687023, "imu1/gyr_y": 2.2977099236641223, "imu1/gyr_z": -2.0, "imu2/acl_x": -0.1292868896484375, "imu2/acl_y": 0.00718260498046875, "imu2/acl_z": 9.533711010742186, "imu2/gyr_x": 3.7404580152671754, "imu2/gyr_y": -1.3053435114503817, "imu2/gyr_z": -1.0916030534351144, "milliseconds": 36377}