{"cam/image_array": "867_cam-image_array_.jpg", "user/angle": 0.0, "user/throttle": -0.06196442885790122, "user/mode": "user", "imu1/acl_x": 0.143652099609375, "imu1/acl_y": -0.0430956298828125, "imu1/acl_z": 12.89038173828125, "imu1/gyr_x": -4.0, "imu1/gyr_y": 2.312977099236641, "imu1/gyr_z": -1.7557251908396947, "imu2/acl_x": -0.1149216796875, "imu2/acl_y": 0.05985504150390625, "imu2/acl_z": 9.706093530273437, "imu2/gyr_x": 3.7404580152671754, "imu2/gyr_y": -1.1221374045801527, "imu2/gyr_z": -0.8931297709923665, "milliseconds": 82073}