{"cam/image_array": "720_cam-image_array_.jpg", "user/angle": 0.16805869616059232, "user/throttle": 1.0, "user/mode": "user", "imu1/acl_x": 0.11731588134765625, "imu1/acl_y": -0.08379705810546874, "imu1/acl_z": 12.990938208007812, "imu1/gyr_x": -4.0458015267175576, "imu1/gyr_y": 2.3053435114503817, "imu1/gyr_z": -2.145038167938931, "imu2/acl_x": -0.1149216796875, "imu2/acl_y": 0.009576806640625, "imu2/acl_z": 9.521740002441407, "imu2/gyr_x": 4.022900763358779, "imu2/gyr_y": -1.183206106870229, "imu2/gyr_z": -0.9694656488549618, "milliseconds": 72657}