{"cam/image_array": "730_cam-image_array_.jpg", "user/angle": 1.0, "user/throttle": 1.0, "user/mode": "user", "imu1/acl_x": 0.11731588134765625, "imu1/acl_y": -0.08140285644531249, "imu1/acl_z": 12.950236779785156, "imu1/gyr_x": -3.801526717557252, "imu1/gyr_y": 2.435114503816794, "imu1/gyr_z": -1.8015267175572518, "imu2/acl_x": -0.09816226806640624, "imu2/acl_y": 0.0, "imu2/acl_z": 9.734823950195311, "imu2/gyr_x": 3.7557251908396947, "imu2/gyr_y": -1.1755725190839694, "imu2/gyr_z": -1.015267175572519, "milliseconds": 73166}