{"cam/image_array": "403_cam-image_array_.jpg", "user/angle": 0.0, "user/throttle": -1.0, "user/mode": "user", "imu1/acl_x": 0.12449848632812499, "imu1/acl_y": -0.08379705810546874, "imu1/acl_z": 12.899958544921875, "imu1/gyr_x": -3.9236641221374047, "imu1/gyr_y": 2.435114503816794, "imu1/gyr_z": -1.916030534351145, "imu2/acl_x": -0.1197100830078125, "imu2/acl_y": 0.0430956298828125, "imu2/acl_z": 9.763554370117188, "imu2/gyr_x": 3.7938931297709924, "imu2/gyr_y": -1.297709923664122, "imu2/gyr_z": -1.0687022900763359, "milliseconds": 52362}