{"cam/image_array": "837_cam-image_array_.jpg", "user/angle": 0.0, "user/throttle": 0.0, "user/mode": "user", "imu1/acl_x": 0.181959326171875, "imu1/acl_y": -0.105344873046875, "imu1/acl_z": 12.866439721679686, "imu1/gyr_x": -5.8396946564885495, "imu1/gyr_y": 2.1068702290076335, "imu1/gyr_z": -1.9083969465648856, "imu2/acl_x": -0.09576806640624999, "imu2/acl_y": 0.016759411621093748, "imu2/acl_z": 9.514557397460937, "imu2/gyr_x": 3.7404580152671754, "imu2/gyr_y": -1.213740458015267, "imu2/gyr_z": -1.015267175572519, "milliseconds": 79916}