{"cam/image_array": "967_cam-image_array_.jpg", "user/angle": 0.0, "user/throttle": -0.7619393177594582, "user/mode": "user", "imu1/acl_x": 0.08858546142578125, "imu1/acl_y": -0.0909796630859375, "imu1/acl_z": 12.892775939941405, "imu1/gyr_x": -3.7786259541984735, "imu1/gyr_y": 2.3282442748091605, "imu1/gyr_z": -2.114503816793893, "imu2/acl_x": -0.10295067138671875, "imu2/acl_y": 0.0383072265625, "imu2/acl_z": 9.658209497070311, "imu2/gyr_x": 3.7938931297709924, "imu2/gyr_y": -1.3053435114503817, "imu2/gyr_z": -0.9923664122137404, "milliseconds": 94265}