{"cam/image_array": "827_cam-image_array_.jpg", "user/angle": 0.0, "user/throttle": 0.0, "user/mode": "user", "imu1/acl_x": 0.1005564697265625, "imu1/acl_y": -0.06464344482421874, "imu1/acl_z": 12.926294763183593, "imu1/gyr_x": -3.801526717557252, "imu1/gyr_y": 2.4732824427480917, "imu1/gyr_z": -1.618320610687023, "imu2/acl_x": -0.15083470458984374, "imu2/acl_y": 0.0430956298828125, "imu2/acl_z": 9.655815295410155, "imu2/gyr_x": 3.8702290076335877, "imu2/gyr_y": -1.2671755725190839, "imu2/gyr_z": -1.1068702290076335, "milliseconds": 79400}