{"cam/image_array": "339_cam-image_array_.jpg", "user/angle": 1.0, "user/throttle": 1.0, "user/mode": "user", "imu1/acl_x": 0.13407529296874998, "imu1/acl_y": -0.10295067138671875, "imu1/acl_z": 12.9095353515625, "imu1/gyr_x": -3.7709923664122136, "imu1/gyr_y": 2.282442748091603, "imu1/gyr_z": -1.8015267175572518, "imu2/acl_x": -0.15083470458984374, "imu2/acl_y": 0.016759411621093748, "imu2/acl_z": 9.660603698730467, "imu2/gyr_x": 3.8091603053435112, "imu2/gyr_y": -1.2213740458015268, "imu2/gyr_z": -1.0763358778625953, "milliseconds": 48120}