{"cam/image_array": "460_cam-image_array_.jpg", "user/angle": -0.07784385585427513, "user/throttle": 1.0, "user/mode": "user", "imu1/acl_x": 0.19393033447265623, "imu1/acl_y": -0.0430956298828125, "imu1/acl_z": 12.928688964843749, "imu1/gyr_x": -3.9389312977099236, "imu1/gyr_y": 2.3587786259541983, "imu1/gyr_z": -1.8473282442748091, "imu2/acl_x": -0.12449848632812499, "imu2/acl_y": 0.143652099609375, "imu2/acl_z": 9.792284790039062, "imu2/gyr_x": 3.763358778625954, "imu2/gyr_y": -1.1908396946564885, "imu2/gyr_z": -1.0229007633587786, "milliseconds": 55833}