{"cam/image_array": "336_cam-image_array_.jpg", "user/angle": 1.0, "user/throttle": 1.0, "user/mode": "user", "imu1/acl_x": 0.10773907470703124, "imu1/acl_y": -0.076614453125, "imu1/acl_z": 13.000515014648437, "imu1/gyr_x": -3.9236641221374047, "imu1/gyr_y": 2.3282442748091605, "imu1/gyr_z": -1.9236641221374047, "imu2/acl_x": -0.08140285644531249, "imu2/acl_y": 0.06464344482421874, "imu2/acl_z": 9.801861596679688, "imu2/gyr_x": 3.7709923664122136, "imu2/gyr_y": -1.213740458015267, "imu2/gyr_z": -1.1145038167938932, "milliseconds": 47970}