{"cam/image_array": "742_cam-image_array_.jpg", "user/angle": 0.0, "user/throttle": 0.0, "user/mode": "user", "imu1/acl_x": 0.086191259765625, "imu1/acl_y": -0.08140285644531249, "imu1/acl_z": 12.873622326660156, "imu1/gyr_x": -3.8702290076335877, "imu1/gyr_y": 2.4198473282442747, "imu1/gyr_z": -1.8702290076335877, "imu2/acl_x": -0.07422025146484375, "imu2/acl_y": 0.040701428222656245, "imu2/acl_z": 9.593566052246093, "imu2/gyr_x": 3.969465648854962, "imu2/gyr_y": -1.3587786259541985, "imu2/gyr_z": -1.015267175572519, "milliseconds": 74474}