{"cam/image_array": "651_cam-image_array_.jpg", "user/angle": 0.0, "user/throttle": -0.10255290242665734, "user/mode": "user", "imu1/acl_x": 0.15083470458984374, "imu1/acl_y": -0.047884033203124995, "imu1/acl_z": 13.012486022949219, "imu1/gyr_x": -3.969465648854962, "imu1/gyr_y": 2.3435114503816794, "imu1/gyr_z": -1.9541984732824427, "imu2/acl_x": -0.2059013427734375, "imu2/acl_y": 0.0, "imu2/acl_z": 9.753977563476562, "imu2/gyr_x": 3.8244274809160306, "imu2/gyr_y": -1.465648854961832, "imu2/gyr_z": -1.015267175572519, "milliseconds": 67988}