{"cam/image_array": "68_cam-image_array_.jpg", "user/angle": 0.0, "user/throttle": -1.0, "user/mode": "user", "imu1/acl_x": 0.09576806640624999, "imu1/acl_y": -0.040701428222656245, "imu1/acl_z": 12.725181823730468, "imu1/gyr_x": -3.8473282442748094, "imu1/gyr_y": 2.3282442748091605, "imu1/gyr_z": -2.2061068702290076, "imu2/acl_x": -0.09576806640624999, "imu2/acl_y": 0.05746083984375, "imu2/acl_z": 9.787496386718749, "imu2/gyr_x": 3.7938931297709924, "imu2/gyr_y": -1.0534351145038168, "imu2/gyr_z": -1.0458015267175573, "milliseconds": 30158}