{"cam/image_array": "518_cam-image_array_.jpg", "user/angle": 0.0, "user/throttle": 0.0, "user/mode": "user", "imu1/acl_x": 0.09576806640624999, "imu1/acl_y": -0.08140285644531249, "imu1/acl_z": 12.97896719970703, "imu1/gyr_x": -4.015267175572519, "imu1/gyr_y": 2.1755725190839694, "imu1/gyr_z": -1.8244274809160306, "imu2/acl_x": -0.05985504150390625, "imu2/acl_y": 0.055066638183593745, "imu2/acl_z": 9.655815295410155, "imu2/gyr_x": 3.8396946564885495, "imu2/gyr_y": -1.3129770992366412, "imu2/gyr_z": -1.0763358778625953, "milliseconds": 58813}