{"cam/image_array": "933_cam-image_array_.jpg", "user/angle": 0.0, "user/throttle": -1.0, "user/mode": "user", "imu1/acl_x": 0.15083470458984374, "imu1/acl_y": -0.12210428466796874, "imu1/acl_z": 12.976572998046874, "imu1/gyr_x": -3.9618320610687023, "imu1/gyr_y": 2.2595419847328246, "imu1/gyr_z": -1.900763358778626, "imu2/acl_x": -0.12210428466796874, "imu2/acl_y": -0.031124621582031248, "imu2/acl_z": 9.679757312011718, "imu2/gyr_x": 3.801526717557252, "imu2/gyr_y": -1.1526717557251909, "imu2/gyr_z": -1.0534351145038168, "milliseconds": 87256}