{"cam/image_array": "931_cam-image_array_.jpg", "user/angle": 0.0, "user/throttle": 0.0, "user/mode": "user", "imu1/acl_x": 0.10295067138671875, "imu1/acl_y": -0.07900865478515624, "imu1/acl_z": 12.959813586425781, "imu1/gyr_x": -5.847328244274809, "imu1/gyr_y": 2.3587786259541983, "imu1/gyr_z": -2.0916030534351147, "imu2/acl_x": -0.11252747802734374, "imu2/acl_y": -0.15322890625, "imu2/acl_z": 9.509768994140625, "imu2/gyr_x": 3.7786259541984735, "imu2/gyr_y": -1.282442748091603, "imu2/gyr_z": -0.9847328244274809, "milliseconds": 87154}