{"cam/image_array": "250_cam-image_array_.jpg", "user/angle": 0.0, "user/throttle": 0.0, "user/mode": "user", "imu1/acl_x": 0.13646949462890623, "imu1/acl_y": -0.0430956298828125, "imu1/acl_z": 12.945448376464842, "imu1/gyr_x": -5.847328244274809, "imu1/gyr_y": 2.3969465648854964, "imu1/gyr_z": -1.8854961832061068, "imu2/acl_x": -0.08379705810546874, "imu2/acl_y": 0.06703764648437499, "imu2/acl_z": 9.6151138671875, "imu2/gyr_x": 1.9541984732824427, "imu2/gyr_y": -1.213740458015267, "imu2/gyr_z": -0.9923664122137404, "milliseconds": 42769}