{"cam/image_array": "143_cam-image_array_.jpg", "user/angle": 1.0, "user/throttle": 0.9356957856131596, "user/mode": "user", "imu1/acl_x": 0.16041151123046873, "imu1/acl_y": -0.0430956298828125, "imu1/acl_z": 12.892775939941405, "imu1/gyr_x": -3.83206106870229, "imu1/gyr_y": 2.3587786259541983, "imu1/gyr_z": -1.7328244274809161, "imu2/acl_x": -0.11731588134765625, "imu2/acl_y": -0.00239420166015625, "imu2/acl_z": 9.579200842285156, "imu2/gyr_x": 3.687022900763359, "imu2/gyr_y": -1.282442748091603, "imu2/gyr_z": -0.9618320610687023, "milliseconds": 35315}