{"cam/image_array": "527_cam-image_array_.jpg", "user/angle": 0.0, "user/throttle": -1.0, "user/mode": "user", "imu1/acl_x": 0.17238251953125, "imu1/acl_y": -0.07900865478515624, "imu1/acl_z": 12.923900561523437, "imu1/gyr_x": -3.7786259541984735, "imu1/gyr_y": 2.3435114503816794, "imu1/gyr_z": -1.7938931297709924, "imu2/acl_x": -0.13646949462890623, "imu2/acl_y": 0.0143652099609375, "imu2/acl_z": 9.658209497070311, "imu2/gyr_x": 3.732824427480916, "imu2/gyr_y": -1.1145038167938932, "imu2/gyr_z": -1.0076335877862594, "milliseconds": 59273}