{"cam/image_array": "129_cam-image_array_.jpg", "user/angle": 0.0, "user/throttle": -1.0, "user/mode": "user", "imu1/acl_x": 0.11252747802734374, "imu1/acl_y": -0.06943184814453125, "imu1/acl_z": 12.911929553222656, "imu1/gyr_x": -3.9923664122137406, "imu1/gyr_y": 2.312977099236641, "imu1/gyr_z": -1.6946564885496183, "imu2/acl_x": -0.10295067138671875, "imu2/acl_y": 0.031124621582031248, "imu2/acl_z": 9.662997900390625, "imu2/gyr_x": 3.7709923664122136, "imu2/gyr_y": -1.3358778625954197, "imu2/gyr_z": -1.083969465648855, "milliseconds": 34596}