{"cam/image_array": "925_cam-image_array_.jpg", "user/angle": 1.0, "user/throttle": 1.0, "user/mode": "user", "imu1/acl_x": 0.1484405029296875, "imu1/acl_y": -0.07422025146484375, "imu1/acl_z": 12.926294763183593, "imu1/gyr_x": -3.816793893129771, "imu1/gyr_y": 2.2290076335877864, "imu1/gyr_z": -1.717557251908397, "imu2/acl_x": -0.1292868896484375, "imu2/acl_y": 0.023942016601562498, "imu2/acl_z": 9.528922607421874, "imu2/gyr_x": 5.847328244274809, "imu2/gyr_y": -1.3969465648854962, "imu2/gyr_z": -1.0, "milliseconds": 86855}