{"cam/image_array": "685_cam-image_array_.jpg", "user/angle": 0.5359098009967032, "user/throttle": 1.0, "user/mode": "user", "imu1/acl_x": 0.08858546142578125, "imu1/acl_y": -0.105344873046875, "imu1/acl_z": 13.134590307617186, "imu1/gyr_x": -3.9770992366412212, "imu1/gyr_y": 2.33587786259542, "imu1/gyr_z": -1.916030534351145, "imu2/acl_x": -0.09337386474609374, "imu2/acl_y": 0.023942016601562498, "imu2/acl_z": 9.670180505371093, "imu2/gyr_x": 3.8244274809160306, "imu2/gyr_y": -1.2213740458015268, "imu2/gyr_z": -0.9389312977099237, "milliseconds": 69756}