{"cam/image_array": "895_cam-image_array_.jpg", "user/angle": -1.0, "user/throttle": 0.5563426329255703, "user/mode": "user", "imu1/acl_x": 0.12210428466796874, "imu1/acl_y": -0.076614453125, "imu1/acl_z": 12.955025183105468, "imu1/gyr_x": -4.0, "imu1/gyr_y": 2.3435114503816794, "imu1/gyr_z": -3.900763358778626, "imu2/acl_x": -0.143652099609375, "imu2/acl_y": -0.12210428466796874, "imu2/acl_z": 9.706093530273437, "imu2/gyr_x": 3.7938931297709924, "imu2/gyr_y": -1.3587786259541985, "imu2/gyr_z": -0.9770992366412213, "milliseconds": 84118}