{"cam/image_array": "962_cam-image_array_.jpg", "user/angle": 0.0, "user/throttle": 3.061616997868383e-16, "user/mode": "user", "imu1/acl_x": 0.08140285644531249, "imu1/acl_y": -0.07900865478515624, "imu1/acl_z": 12.907141149902342, "imu1/gyr_x": -3.8091603053435112, "imu1/gyr_y": 2.3282442748091605, "imu1/gyr_z": -2.0839694656488548, "imu2/acl_x": -0.16998831787109375, "imu2/acl_y": 0.040701428222656245, "imu2/acl_z": 9.64623848876953, "imu2/gyr_x": 3.633587786259542, "imu2/gyr_y": -1.2748091603053435, "imu2/gyr_z": -0.9465648854961832, "milliseconds": 94004}