{"cam/image_array": "621_cam-image_array_.jpg", "user/angle": 1.0, "user/throttle": 0.6929016282554518, "user/mode": "user", "imu1/acl_x": 0.0143652099609375, "imu1/acl_y": -0.08140285644531249, "imu1/acl_z": 12.911929553222656, "imu1/gyr_x": -3.984732824427481, "imu1/gyr_y": 2.351145038167939, "imu1/gyr_z": -1.8549618320610688, "imu2/acl_x": -0.21308394775390624, "imu2/acl_y": 0.0143652099609375, "imu2/acl_z": 9.672574707031249, "imu2/gyr_x": 3.8625954198473282, "imu2/gyr_y": -1.1526717557251909, "imu2/gyr_z": -0.9923664122137404, "milliseconds": 65783}