{"cam/image_array": "188_cam-image_array_.jpg", "user/angle": 0.45714285714285713, "user/throttle": 1.0, "user/mode": "user", "imu1/acl_x": 0.15322890625, "imu1/acl_y": -0.033518823242187495, "imu1/acl_z": 12.916717956542968, "imu1/gyr_x": -5.854961832061068, "imu1/gyr_y": 2.312977099236641, "imu1/gyr_z": -1.7404580152671756, "imu2/acl_x": -0.13646949462890623, "imu2/acl_y": 0.00718260498046875, "imu2/acl_z": 9.665392102050781, "imu2/gyr_x": 3.763358778625954, "imu2/gyr_y": -1.2595419847328244, "imu2/gyr_z": -1.0381679389312977, "milliseconds": 38272}