{"cam/image_array": "552_cam-image_array_.jpg", "user/angle": -1.0, "user/throttle": 0.09375299065456011, "user/mode": "user", "imu1/acl_x": 0.02154781494140625, "imu1/acl_y": -0.0047884033203125, "imu1/acl_z": 12.914323754882812, "imu1/gyr_x": -3.900763358778626, "imu1/gyr_y": 2.33587786259542, "imu1/gyr_z": -2.045801526717557, "imu2/acl_x": -0.1197100830078125, "imu2/acl_y": 0.03591302490234375, "imu2/acl_z": 9.622296472167967, "imu2/gyr_x": 3.8473282442748094, "imu2/gyr_y": -1.4274809160305344, "imu2/gyr_z": -1.0534351145038168, "milliseconds": 60545}