{"cam/image_array": "28_cam-image_array_.jpg", "user/angle": 1.0, "user/throttle": 1.0, "user/mode": "user", "imu1/acl_x": 0.10773907470703124, "imu1/acl_y": -0.086191259765625, "imu1/acl_z": 12.921506359863281, "imu1/gyr_x": -3.7022900763358777, "imu1/gyr_y": 2.351145038167939, "imu1/gyr_z": -1.916030534351145, "imu2/acl_x": -0.1388636962890625, "imu2/acl_y": 0.1005564697265625, "imu2/acl_z": 9.670180505371093, "imu2/gyr_x": 3.83206106870229, "imu2/gyr_y": -1.366412213740458, "imu2/gyr_z": -1.0458015267175573, "milliseconds": 27598}