{"cam/image_array": "73_cam-image_array_.jpg", "user/angle": 0.0, "user/throttle": -0.08571428571428569, "user/mode": "user", "imu1/acl_x": 0.00718260498046875, "imu1/acl_y": -0.06464344482421874, "imu1/acl_z": 12.921506359863281, "imu1/gyr_x": -3.900763358778626, "imu1/gyr_y": 2.351145038167939, "imu1/gyr_z": -2.045801526717557, "imu2/acl_x": -0.10295067138671875, "imu2/acl_y": 0.13168109130859373, "imu2/acl_z": 9.634267480468749, "imu2/gyr_x": 3.877862595419847, "imu2/gyr_y": -1.4885496183206106, "imu2/gyr_z": -0.9923664122137404, "milliseconds": 30445}