{"cam/image_array": "614_cam-image_array_.jpg", "user/angle": 1.0, "user/throttle": 1.0, "user/mode": "user", "imu1/acl_x": 0.08140285644531249, "imu1/acl_y": -0.086191259765625, "imu1/acl_z": 12.995726611328124, "imu1/gyr_x": -5.8320610687022905, "imu1/gyr_y": 2.2213740458015265, "imu1/gyr_z": -2.0763358778625953, "imu2/acl_x": -0.12449848632812499, "imu2/acl_y": 0.11252747802734374, "imu2/acl_z": 9.6151138671875, "imu2/gyr_x": 3.877862595419847, "imu2/gyr_y": -1.16793893129771, "imu2/gyr_z": -0.9083969465648855, "milliseconds": 65402}