{"cam/image_array": "885_cam-image_array_.jpg", "user/angle": -1.0, "user/throttle": 0.6428571428571429, "user/mode": "user", "imu1/acl_x": 0.16759411621093748, "imu1/acl_y": -0.07900865478515624, "imu1/acl_z": 12.94065997314453, "imu1/gyr_x": -3.9236641221374047, "imu1/gyr_y": 2.404580152671756, "imu1/gyr_z": -1.83206106870229, "imu2/acl_x": -0.13168109130859373, "imu2/acl_y": 0.040701428222656245, "imu2/acl_z": 9.751583361816406, "imu2/gyr_x": 3.816793893129771, "imu2/gyr_y": -1.2595419847328244, "imu2/gyr_z": -0.8702290076335878, "milliseconds": 82990}