{"cam/image_array": "120_cam-image_array_.jpg", "user/angle": -1.0, "user/throttle": 0.18749276662229927, "user/mode": "user", "imu1/acl_x": 0.16041151123046873, "imu1/acl_y": -0.1197100830078125, "imu1/acl_z": 12.928688964843749, "imu1/gyr_x": -3.9160305343511452, "imu1/gyr_y": 2.427480916030534, "imu1/gyr_z": -1.8778625954198473, "imu2/acl_x": -0.26336218261718747, "imu2/acl_y": 0.04548983154296875, "imu2/acl_z": 9.603142858886718, "imu2/gyr_x": 3.877862595419847, "imu2/gyr_y": -1.297709923664122, "imu2/gyr_z": -0.9923664122137404, "milliseconds": 34125}