{"cam/image_array": "516_cam-image_array_.jpg", "user/angle": -0.38571428571428573, "user/throttle": 0.35714285714285704, "user/mode": "user", "imu1/acl_x": 0.09576806640624999, "imu1/acl_y": -0.13168109130859373, "imu1/acl_z": 12.945448376464842, "imu1/gyr_x": -3.877862595419847, "imu1/gyr_y": 2.351145038167939, "imu1/gyr_z": -0.015267175572519083, "imu2/acl_x": -0.1005564697265625, "imu2/acl_y": -0.0047884033203125, "imu2/acl_z": 9.670180505371093, "imu2/gyr_x": 3.7099236641221376, "imu2/gyr_y": -1.2595419847328244, "imu2/gyr_z": -0.916030534351145, "milliseconds": 58702}