{"cam/image_array": "7_cam-image_array_.jpg", "user/angle": 1.0, "user/throttle": 1.0, "user/mode": "user", "imu1/acl_x": 0.14604630126953125, "imu1/acl_y": -0.0526724365234375, "imu1/acl_z": 12.950236779785156, "imu1/gyr_x": -2.0076335877862594, "imu1/gyr_y": 2.33587786259542, "imu1/gyr_z": -3.8702290076335877, "imu2/acl_x": -0.13168109130859373, "imu2/acl_y": 0.028730419921875, "imu2/acl_z": 9.576806640625, "imu2/gyr_x": 3.7786259541984735, "imu2/gyr_y": -1.251908396946565, "imu2/gyr_z": -1.083969465648855, "milliseconds": 26522}