{"cam/image_array": "257_cam-image_array_.jpg", "user/angle": -1.0, "user/throttle": 0.7613515235509158, "user/mode": "user", "imu1/acl_x": 0.1484405029296875, "imu1/acl_y": -0.0718260498046875, "imu1/acl_z": 12.866439721679686, "imu1/gyr_x": -3.8396946564885495, "imu1/gyr_y": 2.3893129770992365, "imu1/gyr_z": -2.2061068702290076, "imu2/acl_x": -0.296881005859375, "imu2/acl_y": 0.028730419921875, "imu2/acl_z": 9.636661682128906, "imu2/gyr_x": 5.847328244274809, "imu2/gyr_y": -1.2671755725190839, "imu2/gyr_z": -0.9541984732824428, "milliseconds": 24925}