{"cam/image_array": "3_cam-image_array_.jpg", "user/angle": 0.0, "user/throttle": -0.042857142857142906, "user/mode": "user", "imu1/acl_x": 0.09576806640624999, "imu1/acl_y": -0.076614453125, "imu1/acl_z": 12.808978881835937, "imu1/gyr_x": -3.946564885496183, "imu1/gyr_y": 2.312977099236641, "imu1/gyr_z": -1.8702290076335877, "imu2/acl_x": -0.18435352783203124, "imu2/acl_y": 0.033518823242187495, "imu2/acl_z": 9.634267480468749, "imu2/gyr_x": 1.9618320610687023, "imu2/gyr_y": -1.2900763358778626, "imu2/gyr_z": -0.9847328244274809, "milliseconds": 7990}