{"cam/image_array": "93_cam-image_array_.jpg", "user/angle": -0.34199254622152175, "user/throttle": 1.0, "user/mode": "user", "imu1/acl_x": 0.29927520751953124, "imu1/acl_y": -0.040701428222656245, "imu1/acl_z": 13.019668627929686, "imu1/gyr_x": -3.8473282442748094, "imu1/gyr_y": 2.435114503816794, "imu1/gyr_z": -1.816793893129771, "imu2/acl_x": -0.19153613281249998, "imu2/acl_y": -0.11013327636718749, "imu2/acl_z": 9.512163195800781, "imu2/gyr_x": 3.8473282442748094, "imu2/gyr_y": -1.2366412213740459, "imu2/gyr_z": -1.0305343511450382, "milliseconds": 12632}