{"cam/image_array": "309_cam-image_array_.jpg", "user/angle": -1.0, "user/throttle": 0.21199957600127195, "user/mode": "user", "imu1/acl_x": 0.1388636962890625, "imu1/acl_y": -0.0718260498046875, "imu1/acl_z": 12.916717956542968, "imu1/gyr_x": -3.877862595419847, "imu1/gyr_y": 2.381679389312977, "imu1/gyr_z": -1.7404580152671756, "imu2/acl_x": -0.14125789794921875, "imu2/acl_y": -0.04548983154296875, "imu2/acl_z": 9.622296472167967, "imu2/gyr_x": 3.7022900763358777, "imu2/gyr_y": -1.1297709923664123, "imu2/gyr_z": -1.0305343511450382, "milliseconds": 27601}