{"cam/image_array": "229_cam-image_array_.jpg", "user/angle": 0.0, "user/throttle": 2.5017784611153075e-16, "user/mode": "user", "imu1/acl_x": 0.11013327636718749, "imu1/acl_y": -0.047884033203124995, "imu1/acl_z": 12.904746948242186, "imu1/gyr_x": -3.8931297709923665, "imu1/gyr_y": 2.404580152671756, "imu1/gyr_z": -1.702290076335878, "imu2/acl_x": -0.086191259765625, "imu2/acl_y": -0.023942016601562498, "imu2/acl_z": 9.694122521972655, "imu2/gyr_x": 3.8244274809160306, "imu2/gyr_y": -1.2595419847328244, "imu2/gyr_z": -1.2442748091603053, "milliseconds": 23498}