{"cam/image_array": "286_cam-image_array_.jpg", "user/angle": 0.0, "user/throttle": 0.0, "user/mode": "user", "imu1/acl_x": 0.1292868896484375, "imu1/acl_y": -0.105344873046875, "imu1/acl_z": 12.734758630371093, "imu1/gyr_x": -3.9160305343511452, "imu1/gyr_y": 2.480916030534351, "imu1/gyr_z": -1.7251908396946565, "imu2/acl_x": -0.11013327636718749, "imu2/acl_y": 0.011971008300781249, "imu2/acl_z": 9.586383447265625, "imu2/gyr_x": 3.9083969465648853, "imu2/gyr_y": -1.2595419847328244, "imu2/gyr_z": -0.8778625954198473, "milliseconds": 26396}