{"cam/image_array": "251_cam-image_array_.jpg", "user/angle": -1.0, "user/throttle": 0.25776518636221957, "user/mode": "user", "imu1/acl_x": 0.15322890625, "imu1/acl_y": -0.05985504150390625, "imu1/acl_z": 12.993332409667968, "imu1/gyr_x": -1.9694656488549618, "imu1/gyr_y": 2.3435114503816794, "imu1/gyr_z": -1.8091603053435115, "imu2/acl_x": -0.1005564697265625, "imu2/acl_y": 0.009576806640625, "imu2/acl_z": 9.746794958496093, "imu2/gyr_x": 2.0610687022900764, "imu2/gyr_y": -1.2213740458015268, "imu2/gyr_z": -0.9770992366412213, "milliseconds": 24604}