{"cam/image_array": "187_cam-image_array_.jpg", "user/angle": 0.0, "user/throttle": -1.0, "user/mode": "user", "imu1/acl_x": 0.1149216796875, "imu1/acl_y": -0.076614453125, "imu1/acl_z": 12.758700646972656, "imu1/gyr_x": -4.038167938931298, "imu1/gyr_y": 2.49618320610687, "imu1/gyr_z": -1.7938931297709924, "imu2/acl_x": -0.0143652099609375, "imu2/acl_y": 0.14604630126953125, "imu2/acl_z": 9.72285294189453, "imu2/gyr_x": 3.732824427480916, "imu2/gyr_y": -1.2900763358778626, "imu2/gyr_z": -1.0381679389312977, "milliseconds": 18536}