{"cam/image_array": "97_cam-image_array_.jpg", "user/angle": 0.0, "user/throttle": -1.0, "user/mode": "user", "imu1/acl_x": 0.1580173095703125, "imu1/acl_y": -0.0718260498046875, "imu1/acl_z": 12.883199133300781, "imu1/gyr_x": -4.015267175572519, "imu1/gyr_y": 2.3435114503816794, "imu1/gyr_z": -3.8396946564885495, "imu2/acl_x": -0.08379705810546874, "imu2/acl_y": 0.14604630126953125, "imu2/acl_z": 9.787496386718749, "imu2/gyr_x": 3.9923664122137406, "imu2/gyr_y": -1.2671755725190839, "imu2/gyr_z": -1.015267175572519, "milliseconds": 12833}