{"cam/image_array": "163_cam-image_array_.jpg", "user/angle": -1.0, "user/throttle": 1.0, "user/mode": "user", "imu1/acl_x": 0.12689268798828124, "imu1/acl_y": -0.009576806640625, "imu1/acl_z": 12.849680310058593, "imu1/gyr_x": -3.9770992366412212, "imu1/gyr_y": 2.4427480916030535, "imu1/gyr_z": -0.10687022900763359, "imu2/acl_x": -0.1292868896484375, "imu2/acl_y": 0.00718260498046875, "imu2/acl_z": 9.744400756835937, "imu2/gyr_x": 3.8396946564885495, "imu2/gyr_y": -1.2366412213740459, "imu2/gyr_z": -0.8320610687022901, "milliseconds": 16239}