{"cam/image_array": "19_cam-image_array_.jpg", "user/angle": 0.0, "user/throttle": -1.0, "user/mode": "user", "imu1/acl_x": 0.143652099609375, "imu1/acl_y": -0.0909796630859375, "imu1/acl_z": 12.8329208984375, "imu1/gyr_x": -3.954198473282443, "imu1/gyr_y": 2.366412213740458, "imu1/gyr_z": -1.8396946564885497, "imu2/acl_x": -0.277727392578125, "imu2/acl_y": 0.1197100830078125, "imu2/acl_z": 9.5001921875, "imu2/gyr_x": 3.7251908396946565, "imu2/gyr_y": -1.2900763358778626, "imu2/gyr_z": -1.0534351145038168, "milliseconds": 8790}