{"cam/image_array": "228_cam-image_array_.jpg", "user/angle": 0.0, "user/throttle": 2.5017784611153075e-16, "user/mode": "user", "imu1/acl_x": 0.181959326171875, "imu1/acl_y": -0.09816226806640624, "imu1/acl_z": 12.914323754882812, "imu1/gyr_x": -3.946564885496183, "imu1/gyr_y": 2.2442748091603053, "imu1/gyr_z": -1.900763358778626, "imu2/acl_x": -0.023942016601562498, "imu2/acl_y": -0.143652099609375, "imu2/acl_z": 9.655815295410155, "imu2/gyr_x": 3.8091603053435112, "imu2/gyr_y": -1.1755725190839694, "imu2/gyr_z": -0.9618320610687023, "milliseconds": 23430}