{"cam/image_array": "304_cam-image_array_.jpg", "user/angle": -1.0, "user/throttle": 0.20447974617626755, "user/mode": "user", "imu1/acl_x": 0.1197100830078125, "imu1/acl_y": -0.07422025146484375, "imu1/acl_z": 12.880804931640624, "imu1/gyr_x": -1.984732824427481, "imu1/gyr_y": 2.3587786259541983, "imu1/gyr_z": -2.015267175572519, "imu2/acl_x": -0.19153613281249998, "imu2/acl_y": 0.12210428466796874, "imu2/acl_z": 9.792284790039062, "imu2/gyr_x": 3.9389312977099236, "imu2/gyr_y": -1.282442748091603, "imu2/gyr_z": -0.9618320610687023, "milliseconds": 27346}