{"cam/image_array": "306_cam-image_array_.jpg", "user/angle": -1.0, "user/throttle": 0.22702166214899044, "user/mode": "user", "imu1/acl_x": 0.181959326171875, "imu1/acl_y": -0.1149216796875, "imu1/acl_z": 12.899958544921875, "imu1/gyr_x": -3.854961832061069, "imu1/gyr_y": 2.3282442748091605, "imu1/gyr_z": -1.6641221374045803, "imu2/acl_x": -0.10295067138671875, "imu2/acl_y": 0.016759411621093748, "imu2/acl_z": 9.701305126953125, "imu2/gyr_x": 3.877862595419847, "imu2/gyr_y": -1.2900763358778626, "imu2/gyr_z": -1.015267175572519, "milliseconds": 27441}