{"cam/image_array": "151_cam-image_array_.jpg", "user/angle": -1.0, "user/throttle": 0.016501290698930384, "user/mode": "user", "imu1/acl_x": 0.08858546142578125, "imu1/acl_y": -0.02633621826171875, "imu1/acl_z": 12.880804931640624, "imu1/gyr_x": -5.801526717557252, "imu1/gyr_y": 2.5114503816793894, "imu1/gyr_z": -2.0, "imu2/acl_x": -0.29927520751953124, "imu2/acl_y": -0.15083470458984374, "imu2/acl_z": 9.696516723632811, "imu2/gyr_x": 5.8320610687022905, "imu2/gyr_y": -1.3053435114503817, "imu2/gyr_z": -1.0458015267175573, "milliseconds": 15628}