{"cam/image_array": "106_cam-image_array_.jpg", "user/angle": 0.0, "user/throttle": -1.0, "user/mode": "user", "imu1/acl_x": 0.09576806640624999, "imu1/acl_y": -0.07422025146484375, "imu1/acl_z": 12.876016528320312, "imu1/gyr_x": -5.847328244274809, "imu1/gyr_y": 2.381679389312977, "imu1/gyr_z": -1.6946564885496183, "imu2/acl_x": -0.1388636962890625, "imu2/acl_y": 0.016759411621093748, "imu2/acl_z": 9.794678991699218, "imu2/gyr_x": 3.7099236641221376, "imu2/gyr_y": -1.3129770992366412, "imu2/gyr_z": -0.9312977099236641, "milliseconds": 13277}