{"cam/image_array": "121_cam-image_array_.jpg", "user/angle": -1.0, "user/throttle": 0.6648224953145332, "user/mode": "user", "imu1/acl_x": 0.11731588134765625, "imu1/acl_y": -0.10773907470703124, "imu1/acl_z": 12.959813586425781, "imu1/gyr_x": -2.0, "imu1/gyr_y": 2.3740458015267176, "imu1/gyr_z": -1.7633587786259541, "imu2/acl_x": -0.09337386474609374, "imu2/acl_y": 0.00239420166015625, "imu2/acl_z": 9.639055883789062, "imu2/gyr_x": 3.8625954198473282, "imu2/gyr_y": -1.1450381679389312, "imu2/gyr_z": -0.9923664122137404, "milliseconds": 14053}