{"cam/image_array": "56_cam-image_array_.jpg", "user/angle": 0.0, "user/throttle": -1.0, "user/mode": "user", "imu1/acl_x": 0.1771709228515625, "imu1/acl_y": -0.11252747802734374, "imu1/acl_z": 12.753912243652342, "imu1/gyr_x": -3.984732824427481, "imu1/gyr_y": 2.49618320610687, "imu1/gyr_z": -2.114503816793893, "imu2/acl_x": -0.11252747802734374, "imu2/acl_y": 0.0718260498046875, "imu2/acl_z": 9.68454571533203, "imu2/gyr_x": 3.816793893129771, "imu2/gyr_y": -1.3969465648854962, "imu2/gyr_z": -1.0381679389312977, "milliseconds": 10720}