{"cam/image_array": "260_cam-image_array_.jpg", "user/angle": -1.0, "user/throttle": 0.7539923712991294, "user/mode": "user", "imu1/acl_x": 0.0143652099609375, "imu1/acl_y": -0.11731588134765625, "imu1/acl_z": 13.000515014648437, "imu1/gyr_x": -4.0458015267175576, "imu1/gyr_y": 2.381679389312977, "imu1/gyr_z": -1.8931297709923665, "imu2/acl_x": -0.15083470458984374, "imu2/acl_y": 0.0, "imu2/acl_z": 9.643844287109374, "imu2/gyr_x": 3.8396946564885495, "imu2/gyr_y": -1.1908396946564885, "imu2/gyr_z": -1.015267175572519, "milliseconds": 25067}