{"cam/image_array": "226_cam-image_array_.jpg", "user/angle": 0.0, "user/throttle": 0.0, "user/mode": "user", "imu1/acl_x": 0.05746083984375, "imu1/acl_y": -0.10773907470703124, "imu1/acl_z": 13.022062829589842, "imu1/gyr_x": -4.038167938931298, "imu1/gyr_y": 2.3969465648854964, "imu1/gyr_z": -1.8625954198473282, "imu2/acl_x": -0.16519991455078123, "imu2/acl_y": 0.00239420166015625, "imu2/acl_z": 9.667786303710937, "imu2/gyr_x": 3.885496183206107, "imu2/gyr_y": -1.0, "imu2/gyr_z": -0.9923664122137404, "milliseconds": 23313}