{"cam/image_array": "152_cam-image_array_.jpg", "user/angle": -1.0, "user/throttle": 1.0, "user/mode": "user", "imu1/acl_x": 0.1292868896484375, "imu1/acl_y": -0.040701428222656245, "imu1/acl_z": 12.974178796386719, "imu1/gyr_x": -4.00763358778626, "imu1/gyr_y": 2.366412213740458, "imu1/gyr_z": -1.8625954198473282, "imu2/acl_x": -0.29927520751953124, "imu2/acl_y": 0.0430956298828125, "imu2/acl_z": 9.777919580078125, "imu2/gyr_x": 3.717557251908397, "imu2/gyr_y": -1.1526717557251909, "imu2/gyr_z": -0.9541984732824428, "milliseconds": 15664}