{"cam/image_array": "148_cam-image_array_.jpg", "user/angle": 0.0, "user/throttle": -0.024751262099031678, "user/mode": "user", "imu1/acl_x": 0.15562310791015624, "imu1/acl_y": -0.09576806640624999, "imu1/acl_z": 13.022062829589842, "imu1/gyr_x": -3.83206106870229, "imu1/gyr_y": 2.366412213740458, "imu1/gyr_z": -3.801526717557252, "imu2/acl_x": -0.11731588134765625, "imu2/acl_y": 0.05746083984375, "imu2/acl_z": 9.660603698730467, "imu2/gyr_x": 3.8473282442748094, "imu2/gyr_y": -1.297709923664122, "imu2/gyr_z": -1.1603053435114503, "milliseconds": 15445}