{"cam/image_array": "18_cam-image_array_.jpg", "user/angle": 0.0, "user/throttle": -1.0, "user/mode": "user", "imu1/acl_x": 0.1867477294921875, "imu1/acl_y": -0.0718260498046875, "imu1/acl_z": 12.830526696777342, "imu1/gyr_x": -1.9694656488549618, "imu1/gyr_y": 2.3053435114503817, "imu1/gyr_z": -3.900763358778626, "imu2/acl_x": -0.011971008300781249, "imu2/acl_y": 0.062249243164062495, "imu2/acl_z": 9.686939916992188, "imu2/gyr_x": 3.9083969465648853, "imu2/gyr_y": -1.1297709923664123, "imu2/gyr_z": -1.0458015267175573, "milliseconds": 8761}