{"cam/image_array": "119_cam-image_array_.jpg", "user/angle": -0.8714285714285714, "user/throttle": 0.40000000000000013, "user/mode": "user", "imu1/acl_x": 0.1388636962890625, "imu1/acl_y": -0.09337386474609374, "imu1/acl_z": 12.885593334960937, "imu1/gyr_x": -1.9618320610687023, "imu1/gyr_y": 2.49618320610687, "imu1/gyr_z": -0.06870229007633588, "imu2/acl_x": -0.1149216796875, "imu2/acl_y": 0.00239420166015625, "imu2/acl_z": 9.715670336914062, "imu2/gyr_x": 3.763358778625954, "imu2/gyr_y": -1.4732824427480915, "imu2/gyr_z": -0.9389312977099237, "milliseconds": 13943}