{"cam/image_array": "77_cam-image_array_.jpg", "user/angle": 0.0, "user/throttle": -0.1285714285714288, "user/mode": "user", "imu1/acl_x": 0.11013327636718749, "imu1/acl_y": -0.07900865478515624, "imu1/acl_z": 12.9095353515625, "imu1/gyr_x": -5.854961832061068, "imu1/gyr_y": 2.33587786259542, "imu1/gyr_z": -1.8625954198473282, "imu2/acl_x": -0.1388636962890625, "imu2/acl_y": 0.12210428466796874, "imu2/acl_z": 9.718064538574218, "imu2/gyr_x": 3.885496183206107, "imu2/gyr_y": -1.297709923664122, "imu2/gyr_z": -1.0229007633587786, "milliseconds": 11788}