{"cam/image_array": "27_cam-image_array_.jpg", "user/angle": 0.0, "user/throttle": -1.0, "user/mode": "user", "imu1/acl_x": 0.181959326171875, "imu1/acl_y": -0.07900865478515624, "imu1/acl_z": 12.897564343261719, "imu1/gyr_x": -3.969465648854962, "imu1/gyr_y": 2.2748091603053435, "imu1/gyr_z": -1.8625954198473282, "imu2/acl_x": -0.09576806640624999, "imu2/acl_y": 0.023942016601562498, "imu2/acl_z": 9.662997900390625, "imu2/gyr_x": 3.83206106870229, "imu2/gyr_y": -1.1374045801526718, "imu2/gyr_z": -0.8702290076335878, "milliseconds": 9198}