{"cam/image_array": "326_cam-image_array_.jpg", "user/angle": 1.0, "user/throttle": 0.6453041010184686, "user/mode": "user", "imu1/acl_x": 0.143652099609375, "imu1/acl_y": -0.0909796630859375, "imu1/acl_z": 12.80658468017578, "imu1/gyr_x": -3.8702290076335877, "imu1/gyr_y": 2.427480916030534, "imu1/gyr_z": -1.7099236641221374, "imu2/acl_x": -0.033518823242187495, "imu2/acl_y": -0.13407529296874998, "imu2/acl_z": 9.68454571533203, "imu2/gyr_x": 5.8320610687022905, "imu2/gyr_y": -1.3053435114503817, "imu2/gyr_z": -1.0229007633587786, "milliseconds": 29339}