{"cam/image_array": "242_cam-image_array_.jpg", "user/angle": 0.0, "user/throttle": -0.15643266233984526, "user/mode": "user", "imu1/acl_x": 0.11731588134765625, "imu1/acl_y": -0.13646949462890623, "imu1/acl_z": 12.899958544921875, "imu1/gyr_x": -3.8702290076335877, "imu1/gyr_y": 2.381679389312977, "imu1/gyr_z": -1.9923664122137406, "imu2/acl_x": -0.11731588134765625, "imu2/acl_y": 0.0143652099609375, "imu2/acl_z": 9.636661682128906, "imu2/gyr_x": 3.8702290076335877, "imu2/gyr_y": -1.2595419847328244, "imu2/gyr_z": -0.8778625954198473, "milliseconds": 24153}