{"cam/image_array": "212_cam-image_array_.jpg", "user/angle": 0.02438908323603044, "user/throttle": 1.0, "user/mode": "user", "imu1/acl_x": 0.1197100830078125, "imu1/acl_y": -0.05746083984375, "imu1/acl_z": 12.90235274658203, "imu1/gyr_x": -4.106870229007634, "imu1/gyr_y": 2.2748091603053435, "imu1/gyr_z": -1.6641221374045803, "imu2/acl_x": -0.1005564697265625, "imu2/acl_y": -0.031124621582031248, "imu2/acl_z": 9.662997900390625, "imu2/gyr_x": 3.763358778625954, "imu2/gyr_y": -1.1603053435114503, "imu2/gyr_z": -0.9236641221374046, "milliseconds": 21812}