{"cam/image_array": "274_cam-image_array_.jpg", "user/angle": -1.0, "user/throttle": 0.7198536572942194, "user/mode": "user", "imu1/acl_x": 0.10295067138671875, "imu1/acl_y": -0.047884033203124995, "imu1/acl_z": 12.866439721679686, "imu1/gyr_x": -1.9694656488549618, "imu1/gyr_y": 2.404580152671756, "imu1/gyr_z": -1.984732824427481, "imu2/acl_x": -0.1484405029296875, "imu2/acl_y": 0.03591302490234375, "imu2/acl_z": 9.629479077148437, "imu2/gyr_x": 3.6946564885496183, "imu2/gyr_y": -1.3206106870229009, "imu2/gyr_z": -0.9083969465648855, "milliseconds": 25799}