{"cam/image_array": "20_cam-image_array_.jpg", "user/angle": 0.0, "user/throttle": -1.0, "user/mode": "user", "imu1/acl_x": 0.12449848632812499, "imu1/acl_y": -0.076614453125, "imu1/acl_z": 12.931083166503905, "imu1/gyr_x": -4.076335877862595, "imu1/gyr_y": 2.435114503816794, "imu1/gyr_z": -1.8702290076335877, "imu2/acl_x": -0.016759411621093748, "imu2/acl_y": 0.06703764648437499, "imu2/acl_z": 9.670180505371093, "imu2/gyr_x": 3.7251908396946565, "imu2/gyr_y": -1.2061068702290076, "imu2/gyr_z": -1.0687022900763359, "milliseconds": 8863}