{"cam/image_array": "73_cam-image_array_.jpg", "user/angle": 0.0, "user/throttle": -0.7285714285714286, "user/mode": "user", "imu1/acl_x": 0.16759411621093748, "imu1/acl_y": -0.06464344482421874, "imu1/acl_z": 12.904746948242186, "imu1/gyr_x": -3.7557251908396947, "imu1/gyr_y": 2.4885496183206106, "imu1/gyr_z": -1.9618320610687023, "imu2/acl_x": -0.15562310791015624, "imu2/acl_y": 0.143652099609375, "imu2/acl_z": 9.698910925292969, "imu2/gyr_x": 3.877862595419847, "imu2/gyr_y": -1.1984732824427482, "imu2/gyr_z": -1.0916030534351144, "milliseconds": 11605}