{"cam/image_array": "86_cam-image_array_.jpg", "user/angle": 1.0, "user/throttle": 0.18571428571428544, "user/mode": "user", "imu1/acl_x": 0.00718260498046875, "imu1/acl_y": -0.1005564697265625, "imu1/acl_z": 12.933477368164061, "imu1/gyr_x": -3.900763358778626, "imu1/gyr_y": 2.351145038167939, "imu1/gyr_z": -1.8473282442748091, "imu2/acl_x": -0.086191259765625, "imu2/acl_y": -0.009576806640625, "imu2/acl_z": 9.641450085449218, "imu2/gyr_x": 3.687022900763359, "imu2/gyr_y": -1.2900763358778626, "imu2/gyr_z": -0.9465648854961832, "milliseconds": 12278}