{"cam/image_array": "16_cam-image_array_.jpg", "user/angle": 0.0, "user/throttle": -1.0, "user/mode": "user", "imu1/acl_x": 0.18914193115234373, "imu1/acl_y": -0.1292868896484375, "imu1/acl_z": 12.907141149902342, "imu1/gyr_x": -4.076335877862595, "imu1/gyr_y": 2.3206106870229006, "imu1/gyr_z": -1.8702290076335877, "imu2/acl_x": -0.14604630126953125, "imu2/acl_y": -0.0047884033203125, "imu2/acl_z": 9.631873278808593, "imu2/gyr_x": 3.8702290076335877, "imu2/gyr_y": -1.213740458015267, "imu2/gyr_z": -1.0076335877862594, "milliseconds": 8658}