{"cam/image_array": "320_cam-image_array_.jpg", "user/angle": 1.0, "user/throttle": 0.6453041010184686, "user/mode": "user", "imu1/acl_x": 0.00239420166015625, "imu1/acl_y": -0.055066638183593745, "imu1/acl_z": 12.887987536621093, "imu1/gyr_x": -3.9389312977099236, "imu1/gyr_y": 2.5801526717557253, "imu1/gyr_z": -1.9694656488549618, "imu2/acl_x": -0.28490999755859375, "imu2/acl_y": -0.1149216796875, "imu2/acl_z": 9.516951599121093, "imu2/gyr_x": 3.763358778625954, "imu2/gyr_y": -1.3587786259541985, "imu2/gyr_z": -0.8778625954198473, "milliseconds": 29028}