{"cam/image_array": "269_cam-image_array_.jpg", "user/angle": -1.0, "user/throttle": 0.7539923712991294, "user/mode": "user", "imu1/acl_x": 0.23702596435546874, "imu1/acl_y": -0.00239420166015625, "imu1/acl_z": 12.732364428710937, "imu1/gyr_x": -4.0534351145038165, "imu1/gyr_y": 2.2748091603053435, "imu1/gyr_z": -1.7786259541984732, "imu2/acl_x": -0.086191259765625, "imu2/acl_y": 0.0143652099609375, "imu2/acl_z": 9.634267480468749, "imu2/gyr_x": 3.877862595419847, "imu2/gyr_y": -1.083969465648855, "imu2/gyr_z": -1.0381679389312977, "milliseconds": 25542}