{"cam/image_array": "221_cam-image_array_.jpg", "user/angle": 0.04901018733611449, "user/throttle": 1.0, "user/mode": "user", "imu1/acl_x": 0.09816226806640624, "imu1/acl_y": -0.11731588134765625, "imu1/acl_z": 12.933477368164061, "imu1/gyr_x": -3.9389312977099236, "imu1/gyr_y": 2.519083969465649, "imu1/gyr_z": -2.183206106870229, "imu2/acl_x": -0.1292868896484375, "imu2/acl_y": -0.028730419921875, "imu2/acl_z": 9.739612353515625, "imu2/gyr_x": 3.786259541984733, "imu2/gyr_y": -1.366412213740458, "imu2/gyr_z": -1.1908396946564885, "milliseconds": 22298}