{"cam/image_array": "168_cam-image_array_.jpg", "user/angle": -1.0, "user/throttle": 1.0, "user/mode": "user", "imu1/acl_x": 0.076614453125, "imu1/acl_y": -0.02633621826171875, "imu1/acl_z": 12.76827745361328, "imu1/gyr_x": -3.969465648854962, "imu1/gyr_y": 2.427480916030534, "imu1/gyr_z": -1.916030534351145, "imu2/acl_x": -0.09337386474609374, "imu2/acl_y": 0.011971008300781249, "imu2/acl_z": 9.686939916992188, "imu2/gyr_x": 3.900763358778626, "imu2/gyr_y": -1.2900763358778626, "imu2/gyr_z": -0.9847328244274809, "milliseconds": 16473}