{"cam/image_array": "328_cam-image_array_.jpg", "user/angle": 1.0, "user/throttle": 0.6453041010184686, "user/mode": "user", "imu1/acl_x": 0.1197100830078125, "imu1/acl_y": -0.03591302490234375, "imu1/acl_z": 12.89038173828125, "imu1/gyr_x": -4.0, "imu1/gyr_y": 2.3740458015267176, "imu1/gyr_z": -2.015267175572519, "imu2/acl_x": -0.09816226806640624, "imu2/acl_y": 0.05027823486328125, "imu2/acl_z": 9.725247143554688, "imu2/gyr_x": 3.8244274809160306, "imu2/gyr_y": -1.3740458015267176, "imu2/gyr_z": -1.1450381679389312, "milliseconds": 29441}