{"cam/image_array": "285_cam-image_array_.jpg", "user/angle": 0.0, "user/throttle": -0.04572405781342099, "user/mode": "user", "imu1/acl_x": 0.0143652099609375, "imu1/acl_y": -0.09337386474609374, "imu1/acl_z": 12.907141149902342, "imu1/gyr_x": -3.954198473282443, "imu1/gyr_y": 2.351145038167939, "imu1/gyr_z": -3.801526717557252, "imu2/acl_x": -0.08858546142578125, "imu2/acl_y": 0.047884033203124995, "imu2/acl_z": 9.643844287109374, "imu2/gyr_x": 3.7480916030534353, "imu2/gyr_y": -1.3206106870229009, "imu2/gyr_z": -0.9312977099236641, "milliseconds": 26352}