{"cam/image_array": "160_cam-image_array_.jpg", "user/angle": -1.0, "user/throttle": 1.0, "user/mode": "user", "imu1/acl_x": 0.14125789794921875, "imu1/acl_y": -0.06943184814453125, "imu1/acl_z": 12.974178796386719, "imu1/gyr_x": -3.9618320610687023, "imu1/gyr_y": 2.3969465648854964, "imu1/gyr_z": -1.8702290076335877, "imu2/acl_x": -0.076614453125, "imu2/acl_y": 0.0143652099609375, "imu2/acl_z": 9.72285294189453, "imu2/gyr_x": 3.83206106870229, "imu2/gyr_y": -1.3358778625954197, "imu2/gyr_z": -0.916030534351145, "milliseconds": 16072}