{"cam/image_array": "96_cam-image_array_.jpg", "user/angle": 0.0, "user/throttle": -1.0, "user/mode": "user", "imu1/acl_x": 0.14125789794921875, "imu1/acl_y": -0.16759411621093748, "imu1/acl_z": 12.952630981445312, "imu1/gyr_x": -2.030534351145038, "imu1/gyr_y": 2.3740458015267176, "imu1/gyr_z": -3.8931297709923665, "imu2/acl_x": -0.14604630126953125, "imu2/acl_y": 0.09576806640624999, "imu2/acl_z": 9.576806640625, "imu2/gyr_x": 3.7786259541984735, "imu2/gyr_y": -1.3511450381679388, "imu2/gyr_z": -1.0076335877862594, "milliseconds": 12766}