{"cam/image_array": "172_cam-image_array_.jpg", "user/angle": 0.0, "user/throttle": -1.0, "user/mode": "user", "imu1/acl_x": 0.09576806640624999, "imu1/acl_y": -0.062249243164062495, "imu1/acl_z": 13.007697619628905, "imu1/gyr_x": -3.877862595419847, "imu1/gyr_y": 2.50381679389313, "imu1/gyr_z": -1.7328244274809161, "imu2/acl_x": -0.13168109130859373, "imu2/acl_y": 0.00718260498046875, "imu2/acl_z": 9.756371765136718, "imu2/gyr_x": 3.83206106870229, "imu2/gyr_y": -1.16793893129771, "imu2/gyr_z": -0.9007633587786259, "milliseconds": 17766}