{"cam/image_array": "135_cam-image_array_.jpg", "user/angle": 0.0, "user/throttle": -0.3571428571428571, "user/mode": "user", "imu1/acl_x": 0.1005564697265625, "imu1/acl_y": -0.08858546142578125, "imu1/acl_z": 12.880804931640624, "imu1/gyr_x": -3.8931297709923665, "imu1/gyr_y": 2.33587786259542, "imu1/gyr_z": -1.9923664122137406, "imu2/acl_x": -0.3064578125, "imu2/acl_y": 0.11013327636718749, "imu2/acl_z": 9.667786303710937, "imu2/gyr_x": 3.8931297709923665, "imu2/gyr_y": -1.1374045801526718, "imu2/gyr_z": -0.9465648854961832, "milliseconds": 14772}