{"cam/image_array": "87_cam-image_array_.jpg", "user/angle": 1.0, "user/throttle": 0.18571428571428544, "user/mode": "user", "imu1/acl_x": 0.10773907470703124, "imu1/acl_y": -0.07422025146484375, "imu1/acl_z": 12.919112158203124, "imu1/gyr_x": -3.931297709923664, "imu1/gyr_y": 2.2748091603053435, "imu1/gyr_z": -1.9389312977099236, "imu2/acl_x": -0.16280571289062498, "imu2/acl_y": -0.0143652099609375, "imu2/acl_z": 9.643844287109374, "imu2/gyr_x": 3.66412213740458, "imu2/gyr_y": -1.183206106870229, "imu2/gyr_z": -1.083969465648855, "milliseconds": 12313}