{"cam/image_array": "162_cam-image_array_.jpg", "user/angle": -1.0, "user/throttle": 1.0, "user/mode": "user", "imu1/acl_x": 0.06943184814453125, "imu1/acl_y": -0.1197100830078125, "imu1/acl_z": 12.928688964843749, "imu1/gyr_x": -3.9389312977099236, "imu1/gyr_y": 2.3053435114503817, "imu1/gyr_z": -1.7404580152671756, "imu2/acl_x": -0.10295067138671875, "imu2/acl_y": -0.13168109130859373, "imu2/acl_z": 9.775525378417969, "imu2/gyr_x": 3.7557251908396947, "imu2/gyr_y": -1.2671755725190839, "imu2/gyr_z": -1.0381679389312977, "milliseconds": 16177}