{"cam/image_array": "141_cam-image_array_.jpg", "user/angle": 0.0, "user/throttle": -0.06308670005756742, "user/mode": "user", "imu1/acl_x": 0.1580173095703125, "imu1/acl_y": -0.0526724365234375, "imu1/acl_z": 12.928688964843749, "imu1/gyr_x": -3.877862595419847, "imu1/gyr_y": 2.3893129770992365, "imu1/gyr_z": -3.8091603053435112, "imu2/acl_x": -0.13407529296874998, "imu2/acl_y": 0.02633621826171875, "imu2/acl_z": 9.696516723632811, "imu2/gyr_x": 3.9389312977099236, "imu2/gyr_y": -1.2366412213740459, "imu2/gyr_z": -1.0076335877862594, "milliseconds": 15110}