{"cam/image_array": "216_cam-image_array_.jpg", "user/angle": 0.04901018733611449, "user/throttle": 1.0, "user/mode": "user", "imu1/acl_x": 0.0909796630859375, "imu1/acl_y": -0.1149216796875, "imu1/acl_z": 12.878410729980468, "imu1/gyr_x": -1.9923664122137406, "imu1/gyr_y": 2.267175572519084, "imu1/gyr_z": -1.7709923664122138, "imu2/acl_x": -0.07900865478515624, "imu2/acl_y": -0.12449848632812499, "imu2/acl_z": 9.727641345214844, "imu2/gyr_x": 5.8396946564885495, "imu2/gyr_y": -1.3587786259541985, "imu2/gyr_z": -0.9236641221374046, "milliseconds": 22017}