{"cam/image_array": "115_cam-image_array_.jpg", "user/angle": 0.0, "user/throttle": -0.2714285714285703, "user/mode": "user", "imu1/acl_x": 0.011971008300781249, "imu1/acl_y": -0.0430956298828125, "imu1/acl_z": 12.8329208984375, "imu1/gyr_x": -4.038167938931298, "imu1/gyr_y": 2.5343511450381677, "imu1/gyr_z": -3.877862595419847, "imu2/acl_x": -0.17477672119140625, "imu2/acl_y": 0.009576806640625, "imu2/acl_z": 9.655815295410155, "imu2/gyr_x": 3.8625954198473282, "imu2/gyr_y": -1.4427480916030535, "imu2/gyr_z": -0.8091603053435115, "milliseconds": 13741}