{"cam/image_array": "288_cam-image_array_.jpg", "user/angle": 0.0, "user/throttle": -0.10661024826997109, "user/mode": "user", "imu1/acl_x": 0.12449848632812499, "imu1/acl_y": -0.11252747802734374, "imu1/acl_z": 12.90235274658203, "imu1/gyr_x": -3.885496183206107, "imu1/gyr_y": 2.33587786259542, "imu1/gyr_z": -2.1297709923664123, "imu2/acl_x": -0.16759411621093748, "imu2/acl_y": 0.047884033203124995, "imu2/acl_z": 9.655815295410155, "imu2/gyr_x": 3.7099236641221376, "imu2/gyr_y": -1.3740458015267176, "imu2/gyr_z": -0.9923664122137404, "milliseconds": 26505}