{"cam/image_array": "139_cam-image_array_.jpg", "user/angle": 0.0, "user/throttle": -0.3571428571428571, "user/mode": "user", "imu1/acl_x": 0.1149216796875, "imu1/acl_y": -0.1388636962890625, "imu1/acl_z": 12.792219470214842, "imu1/gyr_x": -4.076335877862595, "imu1/gyr_y": 2.5419847328244276, "imu1/gyr_z": -0.015267175572519083, "imu2/acl_x": -0.105344873046875, "imu2/acl_y": -0.06703764648437499, "imu2/acl_z": 9.648632690429688, "imu2/gyr_x": 5.7251908396946565, "imu2/gyr_y": -1.2213740458015268, "imu2/gyr_z": -1.1526717557251909, "milliseconds": 14989}