{"cam/image_array": "29_cam-image_array_.jpg", "user/angle": 0.0, "user/throttle": -1.0, "user/mode": "user", "imu1/acl_x": 0.13407529296874998, "imu1/acl_y": -0.0909796630859375, "imu1/acl_z": 12.868833923339842, "imu1/gyr_x": -4.0, "imu1/gyr_y": 2.0916030534351147, "imu1/gyr_z": -2.114503816793893, "imu2/acl_x": -0.1388636962890625, "imu2/acl_y": 0.0047884033203125, "imu2/acl_z": 9.605537060546874, "imu2/gyr_x": 3.7557251908396947, "imu2/gyr_y": -1.2366412213740459, "imu2/gyr_z": -0.9083969465648855, "milliseconds": 9311}