{"cam/image_array": "2_cam-image_array_.jpg", "user/angle": 0.0, "user/throttle": 0.0, "user/mode": "user", "imu1/acl_x": 0.25139117431640623, "imu1/acl_y": -0.0909796630859375, "imu1/acl_z": 12.892775939941405, "imu1/gyr_x": -4.129770992366412, "imu1/gyr_y": 2.404580152671756, "imu1/gyr_z": -3.8931297709923665, "imu2/acl_x": -0.11731588134765625, "imu2/acl_y": -0.05985504150390625, "imu2/acl_z": 9.639055883789062, "imu2/gyr_x": 3.854961832061069, "imu2/gyr_y": -1.2671755725190839, "imu2/gyr_z": -1.0458015267175573, "milliseconds": 7915}