{"cam/image_array": "267_cam-image_array_.jpg", "user/angle": -1.0, "user/throttle": 0.7539923712991294, "user/mode": "user", "imu1/acl_x": 0.2705447875976562, "imu1/acl_y": -0.09576806640624999, "imu1/acl_z": 12.911929553222656, "imu1/gyr_x": -4.145038167938932, "imu1/gyr_y": 2.1755725190839694, "imu1/gyr_z": -2.015267175572519, "imu2/acl_x": -0.10773907470703124, "imu2/acl_y": 0.11731588134765625, "imu2/acl_z": 9.662997900390625, "imu2/gyr_x": 3.7022900763358777, "imu2/gyr_y": -1.3358778625954197, "imu2/gyr_z": -0.9694656488549618, "milliseconds": 25437}