{"cam/image_array": "188_cam-image_array_.jpg", "user/angle": 0.0, "user/throttle": -1.0, "user/mode": "user", "imu1/acl_x": 0.062249243164062495, "imu1/acl_y": -0.0526724365234375, "imu1/acl_z": 12.914323754882812, "imu1/gyr_x": -3.801526717557252, "imu1/gyr_y": 2.381679389312977, "imu1/gyr_z": -1.8549618320610688, "imu2/acl_x": -0.143652099609375, "imu2/acl_y": -0.040701428222656245, "imu2/acl_z": 9.648632690429688, "imu2/gyr_x": 5.824427480916031, "imu2/gyr_y": -1.4045801526717556, "imu2/gyr_z": -0.9923664122137404, "milliseconds": 18601}