{"cam/image_array": "138_cam-image_array_.jpg", "user/angle": 0.0, "user/throttle": -0.3571428571428571, "user/mode": "user", "imu1/acl_x": 0.11013327636718749, "imu1/acl_y": -0.07900865478515624, "imu1/acl_z": 12.926294763183593, "imu1/gyr_x": -5.847328244274809, "imu1/gyr_y": 2.4198473282442747, "imu1/gyr_z": -2.0, "imu2/acl_x": -0.07900865478515624, "imu2/acl_y": 0.028730419921875, "imu2/acl_z": 9.718064538574218, "imu2/gyr_x": 3.7099236641221376, "imu2/gyr_y": -1.2213740458015268, "imu2/gyr_z": -1.015267175572519, "milliseconds": 14920}