{"cam/image_array": "314_cam-image_array_.jpg", "user/angle": 1.0, "user/throttle": 0.6502870196567192, "user/mode": "user", "imu1/acl_x": 0.14125789794921875, "imu1/acl_y": -0.07422025146484375, "imu1/acl_z": 12.943054174804686, "imu1/gyr_x": -4.061068702290076, "imu1/gyr_y": 2.4732824427480917, "imu1/gyr_z": -2.145038167938931, "imu2/acl_x": -0.19871873779296872, "imu2/acl_y": -0.0047884033203125, "imu2/acl_z": 9.629479077148437, "imu2/gyr_x": 3.7480916030534353, "imu2/gyr_y": -1.183206106870229, "imu2/gyr_z": -1.1603053435114503, "milliseconds": 28708}