{"cam/image_array": "175_cam-image_array_.jpg", "user/angle": 0.0, "user/throttle": -1.0, "user/mode": "user", "imu1/acl_x": 0.11013327636718749, "imu1/acl_y": -0.08140285644531249, "imu1/acl_z": 12.974178796386719, "imu1/gyr_x": -3.9236641221374047, "imu1/gyr_y": 2.3969465648854964, "imu1/gyr_z": -1.4961832061068703, "imu2/acl_x": -0.12689268798828124, "imu2/acl_y": 0.04548983154296875, "imu2/acl_z": 9.639055883789062, "imu2/gyr_x": 3.786259541984733, "imu2/gyr_y": -1.2213740458015268, "imu2/gyr_z": -0.9770992366412213, "milliseconds": 17943}