{"cam/image_array": "54_cam-image_array_.jpg", "user/angle": 0.0, "user/throttle": -1.0, "user/mode": "user", "imu1/acl_x": 0.02154781494140625, "imu1/acl_y": -0.08140285644531249, "imu1/acl_z": 12.97896719970703, "imu1/gyr_x": -4.022900763358779, "imu1/gyr_y": 2.3435114503816794, "imu1/gyr_z": -1.8778625954198473, "imu2/acl_x": -0.13168109130859373, "imu2/acl_y": -0.0430956298828125, "imu2/acl_z": 9.732429748535155, "imu2/gyr_x": 3.8396946564885495, "imu2/gyr_y": -1.3511450381679388, "imu2/gyr_z": -0.916030534351145, "milliseconds": 10620}