{"cam/image_array": "64_cam-image_array_.jpg", "user/angle": -0.014285714285714238, "user/throttle": 0.24285714285714285, "user/mode": "user", "imu1/acl_x": 0.11252747802734374, "imu1/acl_y": -0.10295067138671875, "imu1/acl_z": 12.876016528320312, "imu1/gyr_x": -2.0076335877862594, "imu1/gyr_y": 2.282442748091603, "imu1/gyr_z": -1.9694656488549618, "imu2/acl_x": -0.14125789794921875, "imu2/acl_y": 0.016759411621093748, "imu2/acl_z": 9.708487731933593, "imu2/gyr_x": 3.801526717557252, "imu2/gyr_y": -1.1526717557251909, "imu2/gyr_z": -0.9389312977099237, "milliseconds": 11133}