{"cam/image_array": "211_cam-image_array_.jpg", "user/angle": 2.4492935982947065e-17, "user/throttle": 0.39999999999999997, "user/mode": "user", "imu1/acl_x": 0.19153613281249998, "imu1/acl_y": -0.10773907470703124, "imu1/acl_z": 12.919112158203124, "imu1/gyr_x": -3.816793893129771, "imu1/gyr_y": 2.3893129770992365, "imu1/gyr_z": -1.83206106870229, "imu2/acl_x": -0.13168109130859373, "imu2/acl_y": 0.02633621826171875, "imu2/acl_z": 9.64623848876953, "imu2/gyr_x": 3.7099236641221376, "imu2/gyr_y": -1.4045801526717556, "imu2/gyr_z": -1.0, "milliseconds": 21767}