{"cam/image_array": "124_cam-image_array_.jpg", "user/angle": 0.0, "user/throttle": -0.29679907567590896, "user/mode": "user", "imu1/acl_x": 0.11013327636718749, "imu1/acl_y": -0.0526724365234375, "imu1/acl_z": 12.876016528320312, "imu1/gyr_x": -5.824427480916031, "imu1/gyr_y": 2.3893129770992365, "imu1/gyr_z": -2.030534351145038, "imu2/acl_x": -0.17238251953125, "imu2/acl_y": 0.033518823242187495, "imu2/acl_z": 9.655815295410155, "imu2/gyr_x": 3.7404580152671754, "imu2/gyr_y": -1.3435114503816794, "imu2/gyr_z": -1.1145038167938932, "milliseconds": 14200}