{"cam/image_array": "233_cam-image_array_.jpg", "user/angle": 0.0, "user/throttle": -0.15741571837777657, "user/mode": "user", "imu1/acl_x": 0.239420166015625, "imu1/acl_y": -0.08140285644531249, "imu1/acl_z": 12.876016528320312, "imu1/gyr_x": -3.9160305343511452, "imu1/gyr_y": 2.366412213740458, "imu1/gyr_z": -1.8625954198473282, "imu2/acl_x": -0.17477672119140625, "imu2/acl_y": 0.03591302490234375, "imu2/acl_z": 9.662997900390625, "imu2/gyr_x": 4.0, "imu2/gyr_y": -1.2366412213740459, "imu2/gyr_z": -1.0763358778625953, "milliseconds": 23712}