{"cam/image_array": "33_cam-image_array_.jpg", "user/angle": 0.0, "user/throttle": -1.0, "user/mode": "user", "imu1/acl_x": 0.1197100830078125, "imu1/acl_y": -0.08140285644531249, "imu1/acl_z": 12.919112158203124, "imu1/gyr_x": -4.106870229007634, "imu1/gyr_y": 2.2061068702290076, "imu1/gyr_z": -1.7328244274809161, "imu2/acl_x": -0.14125789794921875, "imu2/acl_y": -0.143652099609375, "imu2/acl_z": 9.72285294189453, "imu2/gyr_x": 1.9541984732824427, "imu2/gyr_y": -1.4274809160305344, "imu2/gyr_z": -1.1221374045801527, "milliseconds": 9526}