{"cam/image_array": "322_cam-image_array_.jpg", "user/angle": 1.0, "user/throttle": 0.6453041010184686, "user/mode": "user", "imu1/acl_x": 0.17477672119140625, "imu1/acl_y": -0.07422025146484375, "imu1/acl_z": 12.981361401367186, "imu1/gyr_x": -1.9618320610687023, "imu1/gyr_y": 2.3053435114503817, "imu1/gyr_z": -2.183206106870229, "imu2/acl_x": -0.19632453613281248, "imu2/acl_y": -0.011971008300781249, "imu2/acl_z": 9.744400756835937, "imu2/gyr_x": 5.8396946564885495, "imu2/gyr_y": -1.1450381679389312, "imu2/gyr_z": -1.0458015267175573, "milliseconds": 29122}