{"cam/image_array": "313_cam-image_array_.jpg", "user/angle": 1.0, "user/throttle": 0.5142857142857147, "user/mode": "user", "imu1/acl_x": 0.15562310791015624, "imu1/acl_y": -0.08140285644531249, "imu1/acl_z": 12.931083166503905, "imu1/gyr_x": -3.9083969465648853, "imu1/gyr_y": 2.312977099236641, "imu1/gyr_z": -1.9236641221374047, "imu2/acl_x": -0.04548983154296875, "imu2/acl_y": 0.023942016601562498, "imu2/acl_z": 9.612719665527344, "imu2/gyr_x": 3.83206106870229, "imu2/gyr_y": -1.297709923664122, "imu2/gyr_z": -1.0076335877862594, "milliseconds": 28647}