{"cam/image_array": "26_cam-image_array_.jpg", "user/angle": 0.0, "user/throttle": 0.0, "user/mode": "user", "imu1/acl_x": 0.14604630126953125, "imu1/acl_y": -0.0526724365234375, "imu1/acl_z": 12.923900561523437, "imu1/gyr_x": -3.9923664122137406, "imu1/gyr_y": 2.3282442748091605, "imu1/gyr_z": -1.786259541984733, "imu2/acl_x": -0.1005564697265625, "imu2/acl_y": 0.0526724365234375, "imu2/acl_z": 9.651026892089844, "imu2/gyr_x": 3.6717557251908395, "imu2/gyr_y": -1.3969465648854962, "imu2/gyr_z": -1.0610687022900764, "milliseconds": 9166}