{"cam/image_array": "161_cam-image_array_.jpg", "user/angle": -1.0, "user/throttle": 1.0, "user/mode": "user", "imu1/acl_x": 0.1388636962890625, "imu1/acl_y": -0.1197100830078125, "imu1/acl_z": 12.861651318359375, "imu1/gyr_x": -5.801526717557252, "imu1/gyr_y": 2.4885496183206106, "imu1/gyr_z": -2.0839694656488548, "imu2/acl_x": -0.14125789794921875, "imu2/acl_y": -0.0047884033203125, "imu2/acl_z": 9.68454571533203, "imu2/gyr_x": 3.786259541984733, "imu2/gyr_y": -1.2671755725190839, "imu2/gyr_z": -0.9923664122137404, "milliseconds": 16110}