{"cam/image_array": "72_cam-image_array_.jpg", "user/angle": 0.0, "user/throttle": -0.7285714285714286, "user/mode": "user", "imu1/acl_x": 0.16519991455078123, "imu1/acl_y": -0.11013327636718749, "imu1/acl_z": 12.887987536621093, "imu1/gyr_x": -3.786259541984733, "imu1/gyr_y": 2.519083969465649, "imu1/gyr_z": -1.7557251908396947, "imu2/acl_x": -0.09816226806640624, "imu2/acl_y": 0.00718260498046875, "imu2/acl_z": 9.612719665527344, "imu2/gyr_x": 3.7557251908396947, "imu2/gyr_y": -1.3129770992366412, "imu2/gyr_z": -1.0381679389312977, "milliseconds": 11534}