{"cam/image_array": "131_cam-image_array_.jpg", "user/angle": 0.0, "user/throttle": -0.12337888742153846, "user/mode": "user", "imu1/acl_x": 0.16041151123046873, "imu1/acl_y": -0.05746083984375, "imu1/acl_z": 12.74912384033203, "imu1/gyr_x": -1.9923664122137406, "imu1/gyr_y": 2.549618320610687, "imu1/gyr_z": -2.0381679389312977, "imu2/acl_x": -0.06943184814453125, "imu2/acl_y": 0.00239420166015625, "imu2/acl_z": 9.775525378417969, "imu2/gyr_x": 5.854961832061068, "imu2/gyr_y": -1.3129770992366412, "imu2/gyr_z": -1.083969465648855, "milliseconds": 14573}