{"cam/image_array": "108_cam-image_array_.jpg", "user/angle": 0.0, "user/throttle": -1.0, "user/mode": "user", "imu1/acl_x": 0.1292868896484375, "imu1/acl_y": -0.1149216796875, "imu1/acl_z": 12.897564343261719, "imu1/gyr_x": -5.847328244274809, "imu1/gyr_y": 2.366412213740458, "imu1/gyr_z": -1.9618320610687023, "imu2/acl_x": -0.12449848632812499, "imu2/acl_y": 0.00239420166015625, "imu2/acl_z": 9.576806640625, "imu2/gyr_x": 3.8702290076335877, "imu2/gyr_y": -1.366412213740458, "imu2/gyr_z": -0.9465648854961832, "milliseconds": 13387}