{"cam/image_array": "239_cam-image_array_.jpg", "user/angle": 0.0, "user/throttle": -0.15643266233984526, "user/mode": "user", "imu1/acl_x": 0.26815058593749996, "imu1/acl_y": -0.11013327636718749, "imu1/acl_z": 12.830526696777342, "imu1/gyr_x": -3.8091603053435112, "imu1/gyr_y": 2.4580152671755724, "imu1/gyr_z": -2.0763358778625953, "imu2/acl_x": -0.12449848632812499, "imu2/acl_y": 0.13407529296874998, "imu2/acl_z": 9.624690673828125, "imu2/gyr_x": 3.618320610687023, "imu2/gyr_y": -1.2442748091603053, "imu2/gyr_z": -0.9541984732824428, "milliseconds": 23997}