{"cam/image_array": "171_cam-image_array_.jpg", "user/angle": 0.0, "user/throttle": 0.0, "user/mode": "user", "imu1/acl_x": 0.0143652099609375, "imu1/acl_y": -0.10773907470703124, "imu1/acl_z": 12.866439721679686, "imu1/gyr_x": -3.931297709923664, "imu1/gyr_y": 2.4198473282442747, "imu1/gyr_z": -1.786259541984733, "imu2/acl_x": -0.0909796630859375, "imu2/acl_y": 0.04548983154296875, "imu2/acl_z": 9.744400756835937, "imu2/gyr_x": 3.717557251908397, "imu2/gyr_y": -1.2748091603053435, "imu2/gyr_z": -0.9923664122137404, "milliseconds": 17738}