{"cam/image_array": "145_cam-image_array_.jpg", "user/angle": 0.0, "user/throttle": -0.024751262099031678, "user/mode": "user", "imu1/acl_x": 0.1149216796875, "imu1/acl_y": -0.06943184814453125, "imu1/acl_z": 12.966996191406249, "imu1/gyr_x": -2.0229007633587788, "imu1/gyr_y": 2.5114503816793894, "imu1/gyr_z": -0.030534351145038167, "imu2/acl_x": -0.1149216796875, "imu2/acl_y": 0.06703764648437499, "imu2/acl_z": 9.679757312011718, "imu2/gyr_x": 3.8091603053435112, "imu2/gyr_y": -1.3969465648854962, "imu2/gyr_z": -1.0381679389312977, "milliseconds": 15312}