{"cam/image_array": "41_cam-image_array_.jpg", "user/angle": 1.0, "user/throttle": 0.3714285714285712, "user/mode": "user", "imu1/acl_x": 0.1867477294921875, "imu1/acl_y": -0.08379705810546874, "imu1/acl_z": 12.897564343261719, "imu1/gyr_x": -4.038167938931298, "imu1/gyr_y": 2.3587786259541983, "imu1/gyr_z": -1.8549618320610688, "imu2/acl_x": -0.09576806640624999, "imu2/acl_y": 0.031124621582031248, "imu2/acl_z": 9.5384994140625, "imu2/gyr_x": 3.7404580152671754, "imu2/gyr_y": -1.3358778625954197, "imu2/gyr_z": -1.0534351145038168, "milliseconds": 9948}