{"cam/image_array": "206_cam-image_array_.jpg", "user/angle": 0.0, "user/throttle": -1.0, "user/mode": "user", "imu1/acl_x": 0.2657563842773437, "imu1/acl_y": -0.05746083984375, "imu1/acl_z": 12.990938208007812, "imu1/gyr_x": -2.015267175572519, "imu1/gyr_y": 2.3740458015267176, "imu1/gyr_z": -3.9083969465648853, "imu2/acl_x": -0.11731588134765625, "imu2/acl_y": 0.03591302490234375, "imu2/acl_z": 9.744400756835937, "imu2/gyr_x": 3.7022900763358777, "imu2/gyr_y": -1.2366412213740459, "imu2/gyr_z": -1.0, "milliseconds": 20594}