{"cam/image_array": "52_cam-image_array_.jpg", "user/angle": 0.0, "user/throttle": -1.0, "user/mode": "user", "imu1/acl_x": 0.14604630126953125, "imu1/acl_y": -0.09337386474609374, "imu1/acl_z": 12.921506359863281, "imu1/gyr_x": -4.0, "imu1/gyr_y": 2.435114503816794, "imu1/gyr_z": -1.8244274809160306, "imu2/acl_x": -0.09576806640624999, "imu2/acl_y": 0.0383072265625, "imu2/acl_z": 9.519345800781249, "imu2/gyr_x": 3.8625954198473282, "imu2/gyr_y": -1.2748091603053435, "imu2/gyr_z": -1.0229007633587786, "milliseconds": 10511}