{"cam/image_array": "203_cam-image_array_.jpg", "user/angle": 0.0, "user/throttle": -1.0, "user/mode": "user", "imu1/acl_x": 0.06703764648437499, "imu1/acl_y": -0.0909796630859375, "imu1/acl_z": 12.85207451171875, "imu1/gyr_x": -3.9770992366412212, "imu1/gyr_y": 2.3740458015267176, "imu1/gyr_z": -1.8244274809160306, "imu2/acl_x": -0.086191259765625, "imu2/acl_y": 0.05746083984375, "imu2/acl_z": 9.64623848876953, "imu2/gyr_x": 3.8931297709923665, "imu2/gyr_y": -1.2671755725190839, "imu2/gyr_z": -0.9923664122137404, "milliseconds": 20456}