{"cam/image_array": "43_cam-image_array_.jpg", "user/angle": 0.0, "user/throttle": -1.0, "user/mode": "user", "imu1/acl_x": 0.27293898925781246, "imu1/acl_y": -0.0430956298828125, "imu1/acl_z": 12.943054174804686, "imu1/gyr_x": -3.9236641221374047, "imu1/gyr_y": 2.2442748091603053, "imu1/gyr_z": -3.8244274809160306, "imu2/acl_x": -0.033518823242187495, "imu2/acl_y": 0.02633621826171875, "imu2/acl_z": 9.789890588378906, "imu2/gyr_x": 3.877862595419847, "imu2/gyr_y": -1.3435114503816794, "imu2/gyr_z": -1.1145038167938932, "milliseconds": 10036}