{"cam/image_array": "302_cam-image_array_.jpg", "user/angle": -1.0, "user/throttle": 0.20447974617626755, "user/mode": "user", "imu1/acl_x": 0.13646949462890623, "imu1/acl_y": -0.05027823486328125, "imu1/acl_z": 13.022062829589842, "imu1/gyr_x": -3.9083969465648853, "imu1/gyr_y": 2.351145038167939, "imu1/gyr_z": -1.8854961832061068, "imu2/acl_x": -0.07422025146484375, "imu2/acl_y": 0.031124621582031248, "imu2/acl_z": 9.70369932861328, "imu2/gyr_x": 3.801526717557252, "imu2/gyr_y": -1.3511450381679388, "imu2/gyr_z": -1.2061068702290076, "milliseconds": 27227}