{"cam/image_array": "236_cam-image_array_.jpg", "user/angle": 0.0, "user/throttle": -0.15643266233984526, "user/mode": "user", "imu1/acl_x": 0.2705447875976562, "imu1/acl_y": -0.07422025146484375, "imu1/acl_z": 12.868833923339842, "imu1/gyr_x": -5.854961832061068, "imu1/gyr_y": 2.404580152671756, "imu1/gyr_z": -3.8702290076335877, "imu2/acl_x": -0.2705447875976562, "imu2/acl_y": 0.143652099609375, "imu2/acl_z": 9.701305126953125, "imu2/gyr_x": 3.7786259541984735, "imu2/gyr_y": -1.4732824427480915, "imu2/gyr_z": -0.9923664122137404, "milliseconds": 23843}