{"cam/image_array": "296_cam-image_array_.jpg", "user/angle": 0.0, "user/throttle": -0.19936305570722468, "user/mode": "user", "imu1/acl_x": 0.09816226806640624, "imu1/acl_y": -0.07900865478515624, "imu1/acl_z": 12.746729638671875, "imu1/gyr_x": -4.022900763358779, "imu1/gyr_y": 2.2977099236641223, "imu1/gyr_z": -1.816793893129771, "imu2/acl_x": -0.0909796630859375, "imu2/acl_y": -0.0143652099609375, "imu2/acl_z": 9.634267480468749, "imu2/gyr_x": 3.7404580152671754, "imu2/gyr_y": -1.3206106870229009, "imu2/gyr_z": -1.0534351145038168, "milliseconds": 26929}