{"cam/image_array": "266_cam-image_array_.jpg", "user/angle": -1.0, "user/throttle": 0.7539923712991294, "user/mode": "user", "imu1/acl_x": 0.0909796630859375, "imu1/acl_y": -0.11252747802734374, "imu1/acl_z": 12.935871569824219, "imu1/gyr_x": -3.9618320610687023, "imu1/gyr_y": 2.4885496183206106, "imu1/gyr_z": -1.7938931297709924, "imu2/acl_x": -0.09576806640624999, "imu2/acl_y": -0.023942016601562498, "imu2/acl_z": 9.667786303710937, "imu2/gyr_x": 3.8396946564885495, "imu2/gyr_y": -1.366412213740458, "imu2/gyr_z": -0.9389312977099237, "milliseconds": 25374}