{"cam/image_array": "164_cam-image_array_.jpg", "user/angle": -1.0, "user/throttle": 1.0, "user/mode": "user", "imu1/acl_x": 0.07900865478515624, "imu1/acl_y": -0.09816226806640624, "imu1/acl_z": 12.962207788085937, "imu1/gyr_x": -3.854961832061069, "imu1/gyr_y": 2.3969465648854964, "imu1/gyr_z": -1.9389312977099236, "imu2/acl_x": -0.086191259765625, "imu2/acl_y": -0.15322890625, "imu2/acl_z": 9.674968908691406, "imu2/gyr_x": 3.763358778625954, "imu2/gyr_y": -1.3511450381679388, "imu2/gyr_z": -1.0229007633587786, "milliseconds": 16278}