{"cam/image_array": "246_cam-image_array_.jpg", "user/angle": 0.0, "user/throttle": -0.07784385585427553, "user/mode": "user", "imu1/acl_x": 0.14604630126953125, "imu1/acl_y": -0.07422025146484375, "imu1/acl_z": 12.897564343261719, "imu1/gyr_x": -3.9160305343511452, "imu1/gyr_y": 2.3206106870229006, "imu1/gyr_z": -2.030534351145038, "imu2/acl_x": -0.06703764648437499, "imu2/acl_y": 0.05027823486328125, "imu2/acl_z": 9.775525378417969, "imu2/gyr_x": 3.7938931297709924, "imu2/gyr_y": -1.083969465648855, "imu2/gyr_z": -0.916030534351145, "milliseconds": 24371}