{"cam/image_array": "270_cam-image_array_.jpg", "user/angle": -1.0, "user/throttle": 0.7539923712991294, "user/mode": "user", "imu1/acl_x": 0.13646949462890623, "imu1/acl_y": -0.143652099609375, "imu1/acl_z": 12.921506359863281, "imu1/gyr_x": -3.946564885496183, "imu1/gyr_y": 2.366412213740458, "imu1/gyr_z": -1.7404580152671756, "imu2/acl_x": -0.14604630126953125, "imu2/acl_y": 0.0, "imu2/acl_z": 9.696516723632811, "imu2/gyr_x": 3.7480916030534353, "imu2/gyr_y": -1.297709923664122, "imu2/gyr_z": -1.1145038167938932, "milliseconds": 25586}