{"cam/image_array": "213_cam-image_array_.jpg", "user/angle": 0.02438908323603044, "user/throttle": 1.0, "user/mode": "user", "imu1/acl_x": 0.17956512451171874, "imu1/acl_y": -0.09337386474609374, "imu1/acl_z": 12.933477368164061, "imu1/gyr_x": -3.816793893129771, "imu1/gyr_y": 2.4656488549618323, "imu1/gyr_z": -3.885496183206107, "imu2/acl_x": -0.3016694091796875, "imu2/acl_y": 0.033518823242187495, "imu2/acl_z": 9.718064538574218, "imu2/gyr_x": 3.9160305343511452, "imu2/gyr_y": -1.2213740458015268, "imu2/gyr_z": -0.9389312977099237, "milliseconds": 21880}