{"cam/image_array": "311_cam-image_array_.jpg", "user/angle": 0.0, "user/throttle": 0.0, "user/mode": "user", "imu1/acl_x": 0.16041151123046873, "imu1/acl_y": -0.08858546142578125, "imu1/acl_z": 12.801796276855468, "imu1/gyr_x": -4.0458015267175576, "imu1/gyr_y": 2.3893129770992365, "imu1/gyr_z": -2.045801526717557, "imu2/acl_x": -0.12449848632812499, "imu2/acl_y": 0.03591302490234375, "imu2/acl_z": 9.74200655517578, "imu2/gyr_x": 3.6793893129770994, "imu2/gyr_y": -1.183206106870229, "imu2/gyr_z": -0.9083969465648855, "milliseconds": 28554}