{"cam/image_array": "146_cam-image_array_.jpg", "user/angle": 0.0, "user/throttle": -0.024751262099031678, "user/mode": "user", "imu1/acl_x": 0.11013327636718749, "imu1/acl_y": -0.11252747802734374, "imu1/acl_z": 12.981361401367186, "imu1/gyr_x": -3.9923664122137406, "imu1/gyr_y": 2.267175572519084, "imu1/gyr_z": -0.022900763358778626, "imu2/acl_x": -0.143652099609375, "imu2/acl_y": -0.1388636962890625, "imu2/acl_z": 9.648632690429688, "imu2/gyr_x": 3.7786259541984735, "imu2/gyr_y": -1.1755725190839694, "imu2/gyr_z": -1.0076335877862594, "milliseconds": 15342}