{"cam/image_array": "81_cam-image_array_.jpg", "user/angle": -1.0, "user/throttle": 0.09427252475062942, "user/mode": "user", "imu1/acl_x": 0.1197100830078125, "imu1/acl_y": -0.08379705810546874, "imu1/acl_z": 12.921506359863281, "imu1/gyr_x": -3.885496183206107, "imu1/gyr_y": 2.549618320610687, "imu1/gyr_z": -1.8473282442748091, "imu2/acl_x": -0.12449848632812499, "imu2/acl_y": 0.05027823486328125, "imu2/acl_z": 9.627084875488281, "imu2/gyr_x": 3.732824427480916, "imu2/gyr_y": -1.4198473282442747, "imu2/gyr_z": -0.9923664122137404, "milliseconds": 11996}