{"cam/image_array": "174_cam-image_array_.jpg", "user/angle": 0.0, "user/throttle": -1.0, "user/mode": "user", "imu1/acl_x": 0.016759411621093748, "imu1/acl_y": -0.10295067138671875, "imu1/acl_z": 12.962207788085937, "imu1/gyr_x": -5.8396946564885495, "imu1/gyr_y": 2.33587786259542, "imu1/gyr_z": -1.83206106870229, "imu2/acl_x": -0.3016694091796875, "imu2/acl_y": 0.1388636962890625, "imu2/acl_z": 9.720458740234374, "imu2/gyr_x": 3.786259541984733, "imu2/gyr_y": -1.2900763358778626, "imu2/gyr_z": -0.9389312977099237, "milliseconds": 17867}