{"cam/image_array": "280_cam-image_array_.jpg", "user/angle": -1.0, "user/throttle": 0.3871230849554204, "user/mode": "user", "imu1/acl_x": 0.086191259765625, "imu1/acl_y": -0.06703764648437499, "imu1/acl_z": 12.765883251953124, "imu1/gyr_x": -3.946564885496183, "imu1/gyr_y": 2.3893129770992365, "imu1/gyr_z": -0.030534351145038167, "imu2/acl_x": -0.143652099609375, "imu2/acl_y": 0.00239420166015625, "imu2/acl_z": 9.617508068847656, "imu2/gyr_x": 3.7557251908396947, "imu2/gyr_y": -1.4351145038167938, "imu2/gyr_z": -1.0763358778625953, "milliseconds": 26088}