{"cam/image_array": "198_cam-image_array_.jpg", "user/angle": 0.0, "user/throttle": -1.0, "user/mode": "user", "imu1/acl_x": 0.20350714111328125, "imu1/acl_y": -0.06943184814453125, "imu1/acl_z": 12.818555688476561, "imu1/gyr_x": -3.8931297709923665, "imu1/gyr_y": 2.435114503816794, "imu1/gyr_z": -3.8931297709923665, "imu2/acl_x": -0.10295067138671875, "imu2/acl_y": 0.13407529296874998, "imu2/acl_z": 9.734823950195311, "imu2/gyr_x": 3.8091603053435112, "imu2/gyr_y": -1.3587786259541985, "imu2/gyr_z": -1.0381679389312977, "milliseconds": 20188}