{"cam/image_array": "89_cam-image_array_.jpg", "user/angle": -1.0, "user/throttle": 0.45714285714285724, "user/mode": "user", "imu1/acl_x": 0.1771709228515625, "imu1/acl_y": -0.08140285644531249, "imu1/acl_z": 12.955025183105468, "imu1/gyr_x": -4.022900763358779, "imu1/gyr_y": 2.282442748091603, "imu1/gyr_z": -2.053435114503817, "imu2/acl_x": -0.16041151123046873, "imu2/acl_y": 0.062249243164062495, "imu2/acl_z": 9.7683427734375, "imu2/gyr_x": 3.7480916030534353, "imu2/gyr_y": -1.251908396946565, "imu2/gyr_z": -1.0534351145038168, "milliseconds": 12419}