{"cam/image_array": "22_cam-image_array_.jpg", "user/angle": 0.0, "user/throttle": -1.0, "user/mode": "user", "imu1/acl_x": 0.11013327636718749, "imu1/acl_y": -0.13168109130859373, "imu1/acl_z": 12.955025183105468, "imu1/gyr_x": -3.8473282442748094, "imu1/gyr_y": 2.4427480916030535, "imu1/gyr_z": -1.9465648854961832, "imu2/acl_x": -0.27293898925781246, "imu2/acl_y": 0.01915361328125, "imu2/acl_z": 9.662997900390625, "imu2/gyr_x": 3.6946564885496183, "imu2/gyr_y": -1.2442748091603053, "imu2/gyr_z": -1.0381679389312977, "milliseconds": 8967}