{"cam/image_array": "180_cam-image_array_.jpg", "user/angle": 0.0, "user/throttle": -1.0, "user/mode": "user", "imu1/acl_x": 0.181959326171875, "imu1/acl_y": -0.055066638183593745, "imu1/acl_z": 12.911929553222656, "imu1/gyr_x": -3.8091603053435112, "imu1/gyr_y": 2.3587786259541983, "imu1/gyr_z": -1.9694656488549618, "imu2/acl_x": -0.1005564697265625, "imu2/acl_y": -0.15322890625, "imu2/acl_z": 9.507374792480467, "imu2/gyr_x": 3.7251908396946565, "imu2/gyr_y": -1.3053435114503817, "imu2/gyr_z": -1.1145038167938932, "milliseconds": 18174}