{"cam/image_array": "120_cam-image_array_.jpg", "user/angle": -1.0, "user/throttle": 0.6648224953145332, "user/mode": "user", "imu1/acl_x": 0.02154781494140625, "imu1/acl_y": -0.06464344482421874, "imu1/acl_z": 12.976572998046874, "imu1/gyr_x": -3.984732824427481, "imu1/gyr_y": 2.351145038167939, "imu1/gyr_z": -1.8702290076335877, "imu2/acl_x": -0.1005564697265625, "imu2/acl_y": -0.028730419921875, "imu2/acl_z": 9.624690673828125, "imu2/gyr_x": 3.7938931297709924, "imu2/gyr_y": -1.3129770992366412, "imu2/gyr_z": -0.9236641221374046, "milliseconds": 13993}