{"cam/image_array": "230_cam-image_array_.jpg", "user/angle": 0.0, "user/throttle": -0.1525926574188283, "user/mode": "user", "imu1/acl_x": 0.12210428466796874, "imu1/acl_y": -0.0909796630859375, "imu1/acl_z": 12.899958544921875, "imu1/gyr_x": -3.969465648854962, "imu1/gyr_y": 2.427480916030534, "imu1/gyr_z": -2.053435114503817, "imu2/acl_x": -0.07422025146484375, "imu2/acl_y": 0.03591302490234375, "imu2/acl_z": 9.706093530273437, "imu2/gyr_x": 3.969465648854962, "imu2/gyr_y": -1.2213740458015268, "imu2/gyr_z": -0.8931297709923665, "milliseconds": 23524}