{"cam/image_array": "265_cam-image_array_.jpg", "user/angle": -1.0, "user/throttle": 0.7539923712991294, "user/mode": "user", "imu1/acl_x": 0.105344873046875, "imu1/acl_y": -0.12449848632812499, "imu1/acl_z": 12.744335437011719, "imu1/gyr_x": -3.763358778625954, "imu1/gyr_y": 2.381679389312977, "imu1/gyr_z": -1.717557251908397, "imu2/acl_x": -0.14125789794921875, "imu2/acl_y": 0.033518823242187495, "imu2/acl_z": 9.763554370117188, "imu2/gyr_x": 5.854961832061068, "imu2/gyr_y": -1.4732824427480915, "imu2/gyr_z": -0.916030534351145, "milliseconds": 25334}