{"cam/image_array": "48_cam-image_array_.jpg", "user/angle": 0.0, "user/throttle": 0.0, "user/mode": "user", "imu1/acl_x": 0.16041151123046873, "imu1/acl_y": -0.076614453125, "imu1/acl_z": 12.77546005859375, "imu1/gyr_x": -4.022900763358779, "imu1/gyr_y": 2.404580152671756, "imu1/gyr_z": -0.04580152671755725, "imu2/acl_x": -0.105344873046875, "imu2/acl_y": 0.00239420166015625, "imu2/acl_z": 9.720458740234374, "imu2/gyr_x": 3.7557251908396947, "imu2/gyr_y": -1.1755725190839694, "imu2/gyr_z": -1.1145038167938932, "milliseconds": 10304}