{"cam/image_array": "292_cam-image_array_.jpg", "user/angle": 0.0, "user/throttle": -0.244969261635354, "user/mode": "user", "imu1/acl_x": 0.00239420166015625, "imu1/acl_y": -0.033518823242187495, "imu1/acl_z": 12.914323754882812, "imu1/gyr_x": -3.9618320610687023, "imu1/gyr_y": 2.5801526717557253, "imu1/gyr_z": -1.8549618320610688, "imu2/acl_x": -0.10773907470703124, "imu2/acl_y": 0.03591302490234375, "imu2/acl_z": 9.715670336914062, "imu2/gyr_x": 3.8473282442748094, "imu2/gyr_y": -1.1603053435114503, "imu2/gyr_z": -0.9083969465648855, "milliseconds": 26735}