{"cam/image_array": "69_cam-image_array_.jpg", "user/angle": 0.0, "user/throttle": -0.18885278182347567, "user/mode": "user", "imu1/acl_x": 0.06703764648437499, "imu1/acl_y": -0.09576806640624999, "imu1/acl_z": 12.959813586425781, "imu1/gyr_x": -3.885496183206107, "imu1/gyr_y": 2.381679389312977, "imu1/gyr_z": -1.7328244274809161, "imu2/acl_x": -0.08858546142578125, "imu2/acl_y": 0.00718260498046875, "imu2/acl_z": 9.718064538574218, "imu2/gyr_x": 3.7480916030534353, "imu2/gyr_y": -1.2290076335877862, "imu2/gyr_z": -1.0687022900763359, "milliseconds": 11396}