{"cam/image_array": "300_cam-image_array_.jpg", "user/angle": -1.0, "user/throttle": 0.20447974617626755, "user/mode": "user", "imu1/acl_x": 0.1149216796875, "imu1/acl_y": -0.10295067138671875, "imu1/acl_z": 12.847286108398437, "imu1/gyr_x": -3.954198473282443, "imu1/gyr_y": 2.3969465648854964, "imu1/gyr_z": -0.07633587786259542, "imu2/acl_x": -0.15083470458984374, "imu2/acl_y": 0.02633621826171875, "imu2/acl_z": 9.670180505371093, "imu2/gyr_x": 3.816793893129771, "imu2/gyr_y": -1.1984732824427482, "imu2/gyr_z": -1.0534351145038168, "milliseconds": 27123}