{"cam/image_array": "133_cam-image_array_.jpg", "user/angle": 0.0, "user/throttle": -0.45714285714285685, "user/mode": "user", "imu1/acl_x": 0.14604630126953125, "imu1/acl_y": -0.09337386474609374, "imu1/acl_z": 12.770671655273437, "imu1/gyr_x": -3.931297709923664, "imu1/gyr_y": 2.2748091603053435, "imu1/gyr_z": -2.030534351145038, "imu2/acl_x": -0.1484405029296875, "imu2/acl_y": 0.07900865478515624, "imu2/acl_z": 9.605537060546874, "imu2/gyr_x": 3.854961832061069, "imu2/gyr_y": -1.3282442748091603, "imu2/gyr_z": -0.9389312977099237, "milliseconds": 14684}