{"cam/image_array": "134_cam-image_array_.jpg", "user/angle": 0.0, "user/throttle": -0.3571428571428571, "user/mode": "user", "imu1/acl_x": 0.1149216796875, "imu1/acl_y": -0.040701428222656245, "imu1/acl_z": 12.94065997314453, "imu1/gyr_x": -4.0, "imu1/gyr_y": 2.33587786259542, "imu1/gyr_z": -0.030534351145038167, "imu2/acl_x": -0.09337386474609374, "imu2/acl_y": 0.047884033203124995, "imu2/acl_z": 9.718064538574218, "imu2/gyr_x": 3.8396946564885495, "imu2/gyr_y": -1.3587786259541985, "imu2/gyr_z": -1.1221374045801527, "milliseconds": 14710}