{"cam/image_array": "45_cam-image_array_.jpg", "user/angle": -1.0, "user/throttle": 0.09999999999999921, "user/mode": "user", "imu1/acl_x": 0.1580173095703125, "imu1/acl_y": -0.047884033203124995, "imu1/acl_z": 12.964601989746093, "imu1/gyr_x": -3.9236641221374047, "imu1/gyr_y": 2.4656488549618323, "imu1/gyr_z": -2.045801526717557, "imu2/acl_x": -0.14604630126953125, "imu2/acl_y": 0.011971008300781249, "imu2/acl_z": 9.655815295410155, "imu2/gyr_x": 5.809160305343512, "imu2/gyr_y": -1.3358778625954197, "imu2/gyr_z": -0.9694656488549618, "milliseconds": 10150}