{"cam/image_array": "190_cam-image_array_.jpg", "user/angle": 0.0, "user/throttle": 0.0, "user/mode": "user", "imu1/acl_x": 0.1149216796875, "imu1/acl_y": -0.09816226806640624, "imu1/acl_z": 12.828132495117186, "imu1/gyr_x": -3.885496183206107, "imu1/gyr_y": 2.213740458015267, "imu1/gyr_z": -2.1297709923664123, "imu2/acl_x": -0.10295067138671875, "imu2/acl_y": -0.1149216796875, "imu2/acl_z": 9.674968908691406, "imu2/gyr_x": 3.83206106870229, "imu2/gyr_y": -1.3282442748091603, "imu2/gyr_z": -0.8473282442748091, "milliseconds": 19761}