{"cam/image_array": "237_cam-image_array_.jpg", "user/angle": 0.0, "user/throttle": -0.15643266233984526, "user/mode": "user", "imu1/acl_x": 0.15562310791015624, "imu1/acl_y": -0.08858546142578125, "imu1/acl_z": 12.928688964843749, "imu1/gyr_x": -3.801526717557252, "imu1/gyr_y": 2.3893129770992365, "imu1/gyr_z": -1.8473282442748091, "imu2/acl_x": -0.11252747802734374, "imu2/acl_y": 0.00718260498046875, "imu2/acl_z": 9.6917283203125, "imu2/gyr_x": 3.801526717557252, "imu2/gyr_y": -1.3053435114503817, "imu2/gyr_z": -0.9083969465648855, "milliseconds": 23896}