{"cam/image_array": "94_cam-image_array_.jpg", "user/angle": 0.0, "user/throttle": -0.1714285714285714, "user/mode": "user", "imu1/acl_x": 0.1149216796875, "imu1/acl_y": -0.076614453125, "imu1/acl_z": 12.883199133300781, "imu1/gyr_x": -3.931297709923664, "imu1/gyr_y": 2.2977099236641223, "imu1/gyr_z": -3.7786259541984735, "imu2/acl_x": -0.07900865478515624, "imu2/acl_y": 0.07900865478515624, "imu2/acl_z": 9.727641345214844, "imu2/gyr_x": 3.7404580152671754, "imu2/gyr_y": -1.3129770992366412, "imu2/gyr_z": -0.9541984732824428, "milliseconds": 12682}