{"cam/image_array": "67_cam-image_array_.jpg", "user/angle": 0.0, "user/throttle": 0.0, "user/mode": "user", "imu1/acl_x": 0.1197100830078125, "imu1/acl_y": -0.09576806640624999, "imu1/acl_z": 12.962207788085937, "imu1/gyr_x": -3.9389312977099236, "imu1/gyr_y": 2.4427480916030535, "imu1/gyr_z": -1.9770992366412214, "imu2/acl_x": -0.09816226806640624, "imu2/acl_y": 0.040701428222656245, "imu2/acl_z": 9.648632690429688, "imu2/gyr_x": 3.8396946564885495, "imu2/gyr_y": -1.297709923664122, "imu2/gyr_z": -1.1068702290076335, "milliseconds": 11286}