{"cam/image_array": "40_cam-image_array_.jpg", "user/angle": 0.07142857142857169, "user/throttle": 1.0, "user/mode": "user", "imu1/acl_x": 0.17956512451171874, "imu1/acl_y": -0.01915361328125, "imu1/acl_z": 12.928688964843749, "imu1/gyr_x": -3.8931297709923665, "imu1/gyr_y": 2.450381679389313, "imu1/gyr_z": -1.6870229007633588, "imu2/acl_x": -0.12689268798828124, "imu2/acl_y": 0.02633621826171875, "imu2/acl_z": 9.686939916992188, "imu2/gyr_x": 3.8396946564885495, "imu2/gyr_y": -1.3893129770992367, "imu2/gyr_z": -0.9541984732824428, "milliseconds": 9891}