{"cam/image_array": "83_cam-image_array_.jpg", "user/angle": -1.0, "user/throttle": 0.1982374536451602, "user/mode": "user", "imu1/acl_x": 0.11731588134765625, "imu1/acl_y": -0.06703764648437499, "imu1/acl_z": 13.002909216308593, "imu1/gyr_x": -3.9770992366412212, "imu1/gyr_y": 2.3893129770992365, "imu1/gyr_z": -1.8015267175572518, "imu2/acl_x": -0.08140285644531249, "imu2/acl_y": 0.023942016601562498, "imu2/acl_z": 9.689334118652344, "imu2/gyr_x": 3.8091603053435112, "imu2/gyr_y": -1.2366412213740459, "imu2/gyr_z": -0.9236641221374046, "milliseconds": 12098}