{"cam/image_array": "76_cam-image_array_.jpg", "user/angle": 0.0, "user/throttle": -0.1285714285714288, "user/mode": "user", "imu1/acl_x": 0.3016694091796875, "imu1/acl_y": -0.05985504150390625, "imu1/acl_z": 12.84489190673828, "imu1/gyr_x": -3.83206106870229, "imu1/gyr_y": 2.267175572519084, "imu1/gyr_z": -1.8473282442748091, "imu2/acl_x": -0.17477672119140625, "imu2/acl_y": 0.01915361328125, "imu2/acl_z": 9.605537060546874, "imu2/gyr_x": 3.8244274809160306, "imu2/gyr_y": -1.4198473282442747, "imu2/gyr_z": -0.8854961832061069, "milliseconds": 11739}