{"cam/image_array": "11_cam-image_array_.jpg", "user/angle": 1.0, "user/throttle": 1.0, "user/mode": "user", "imu1/acl_x": 0.00239420166015625, "imu1/acl_y": -0.05027823486328125, "imu1/acl_z": 13.014880224609374, "imu1/gyr_x": -1.9618320610687023, "imu1/gyr_y": 2.3969465648854964, "imu1/gyr_z": -3.8931297709923665, "imu2/acl_x": -0.16041151123046873, "imu2/acl_y": 0.040701428222656245, "imu2/acl_z": 9.765948571777344, "imu2/gyr_x": 3.8702290076335877, "imu2/gyr_y": -1.1297709923664123, "imu2/gyr_z": -1.1221374045801527, "milliseconds": 8401}