{"cam/image_array": "142_cam-image_array_.jpg", "user/angle": 0.0, "user/throttle": -0.024792169255995224, "user/mode": "user", "imu1/acl_x": 0.10773907470703124, "imu1/acl_y": -0.07422025146484375, "imu1/acl_z": 13.002909216308593, "imu1/gyr_x": -3.9770992366412212, "imu1/gyr_y": 2.450381679389313, "imu1/gyr_z": -0.04580152671755725, "imu2/acl_x": -0.16519991455078123, "imu2/acl_y": 0.13646949462890623, "imu2/acl_z": 9.658209497070311, "imu2/gyr_x": 3.885496183206107, "imu2/gyr_y": -1.1908396946564885, "imu2/gyr_z": -0.9389312977099237, "milliseconds": 15138}