{"cam/image_array": "74_cam-image_array_.jpg", "user/angle": 0.0, "user/throttle": -0.3741176409296447, "user/mode": "user", "imu1/acl_x": 0.1580173095703125, "imu1/acl_y": -0.13407529296874998, "imu1/acl_z": 12.974178796386719, "imu1/gyr_x": -3.9083969465648853, "imu1/gyr_y": 2.351145038167939, "imu1/gyr_z": -2.145038167938931, "imu2/acl_x": -0.15083470458984374, "imu2/acl_y": 0.0143652099609375, "imu2/acl_z": 9.710881933593749, "imu2/gyr_x": 3.786259541984733, "imu2/gyr_y": -1.2442748091603053, "imu2/gyr_z": -0.9847328244274809, "milliseconds": 11646}