{"cam/image_array": "293_cam-image_array_.jpg", "user/angle": 0.0, "user/throttle": -0.244969261635354, "user/mode": "user", "imu1/acl_x": 0.19393033447265623, "imu1/acl_y": -0.13407529296874998, "imu1/acl_z": 12.883199133300781, "imu1/gyr_x": -3.9770992366412212, "imu1/gyr_y": 2.3053435114503817, "imu1/gyr_z": -3.816793893129771, "imu2/acl_x": -0.0718260498046875, "imu2/acl_y": 0.00239420166015625, "imu2/acl_z": 9.665392102050781, "imu2/gyr_x": 3.83206106870229, "imu2/gyr_y": -1.251908396946565, "imu2/gyr_z": -1.1068702290076335, "milliseconds": 26765}