{"cam/image_array": "118_cam-image_array_.jpg", "user/angle": -0.8714285714285714, "user/throttle": 0.40000000000000013, "user/mode": "user", "imu1/acl_x": 0.277727392578125, "imu1/acl_y": -0.0909796630859375, "imu1/acl_z": 12.871228125, "imu1/gyr_x": -5.8396946564885495, "imu1/gyr_y": 2.2061068702290076, "imu1/gyr_z": -1.900763358778626, "imu2/acl_x": -0.105344873046875, "imu2/acl_y": -0.033518823242187495, "imu2/acl_z": 9.639055883789062, "imu2/gyr_x": 3.83206106870229, "imu2/gyr_y": -1.381679389312977, "imu2/gyr_z": -1.0381679389312977, "milliseconds": 13911}