{"cam/image_array": "209_cam-image_array_.jpg", "user/angle": 0.0, "user/throttle": 0.0, "user/mode": "user", "imu1/acl_x": 0.17956512451171874, "imu1/acl_y": -0.13168109130859373, "imu1/acl_z": 12.938265771484375, "imu1/gyr_x": -2.0076335877862594, "imu1/gyr_y": 2.312977099236641, "imu1/gyr_z": -0.007633587786259542, "imu2/acl_x": -0.09337386474609374, "imu2/acl_y": 0.047884033203124995, "imu2/acl_z": 9.548076220703125, "imu2/gyr_x": 3.8625954198473282, "imu2/gyr_y": -1.4198473282442747, "imu2/gyr_z": -0.9465648854961832, "milliseconds": 21670}