{"cam/image_array": "254_cam-image_array_.jpg", "user/angle": -1.0, "user/throttle": 0.535651640339373, "user/mode": "user", "imu1/acl_x": 0.1005564697265625, "imu1/acl_y": -0.11252747802734374, "imu1/acl_z": 12.887987536621093, "imu1/gyr_x": -4.022900763358779, "imu1/gyr_y": 2.351145038167939, "imu1/gyr_z": -1.9083969465648856, "imu2/acl_x": -0.009576806640625, "imu2/acl_y": -0.10295067138671875, "imu2/acl_z": 9.600748657226562, "imu2/gyr_x": 3.9160305343511452, "imu2/gyr_y": -1.2061068702290076, "imu2/gyr_z": -1.1526717557251909, "milliseconds": 24745}