{"cam/image_array": "42_cam-image_array_.jpg", "user/angle": 1.0, "user/throttle": 0.3714285714285712, "user/mode": "user", "imu1/acl_x": 0.09816226806640624, "imu1/acl_y": -0.08858546142578125, "imu1/acl_z": 12.89038173828125, "imu1/gyr_x": -1.9694656488549618, "imu1/gyr_y": 2.49618320610687, "imu1/gyr_z": -2.068702290076336, "imu2/acl_x": -0.3016694091796875, "imu2/acl_y": 0.1484405029296875, "imu2/acl_z": 9.545682019042967, "imu2/gyr_x": 1.9770992366412214, "imu2/gyr_y": -1.4580152671755726, "imu2/gyr_z": -1.0229007633587786, "milliseconds": 9999}