{"cam/image_array": "95_cam-image_array_.jpg", "user/angle": 0.0, "user/throttle": 0.0, "user/mode": "user", "imu1/acl_x": 0.258573779296875, "imu1/acl_y": -0.11252747802734374, "imu1/acl_z": 12.899958544921875, "imu1/gyr_x": -3.954198473282443, "imu1/gyr_y": 2.2900763358778624, "imu1/gyr_z": -2.1374045801526718, "imu2/acl_x": -0.08858546142578125, "imu2/acl_y": -0.04548983154296875, "imu2/acl_z": 9.74200655517578, "imu2/gyr_x": 3.9618320610687023, "imu2/gyr_y": -1.1374045801526718, "imu2/gyr_z": -1.0916030534351144, "milliseconds": 12722}