{"cam/image_array": "103_cam-image_array_.jpg", "user/angle": 0.499584285939352, "user/throttle": 1.0, "user/mode": "user", "imu1/acl_x": 0.09816226806640624, "imu1/acl_y": -0.062249243164062495, "imu1/acl_z": 12.928688964843749, "imu1/gyr_x": -3.969465648854962, "imu1/gyr_y": 2.2900763358778624, "imu1/gyr_z": -0.05343511450381679, "imu2/acl_x": -0.062249243164062495, "imu2/acl_y": 0.0047884033203125, "imu2/acl_z": 9.64623848876953, "imu2/gyr_x": 3.8091603053435112, "imu2/gyr_y": -1.2442748091603053, "imu2/gyr_z": -1.1068702290076335, "milliseconds": 13145}