{"cam/image_array": "36_cam-image_array_.jpg", "user/angle": 0.0, "user/throttle": -1.0, "user/mode": "user", "imu1/acl_x": 0.3016694091796875, "imu1/acl_y": -0.12449848632812499, "imu1/acl_z": 12.969390393066405, "imu1/gyr_x": -3.9618320610687023, "imu1/gyr_y": 2.4427480916030535, "imu1/gyr_z": -1.6717557251908397, "imu2/acl_x": -0.01915361328125, "imu2/acl_y": -0.1005564697265625, "imu2/acl_z": 9.588777648925781, "imu2/gyr_x": 3.816793893129771, "imu2/gyr_y": -1.3511450381679388, "imu2/gyr_z": -1.099236641221374, "milliseconds": 9686}