{"cam/image_array": "51_cam-image_array_.jpg", "user/angle": 0.0, "user/throttle": -1.0, "user/mode": "user", "imu1/acl_x": 0.08379705810546874, "imu1/acl_y": -0.13646949462890623, "imu1/acl_z": 12.830526696777342, "imu1/gyr_x": -5.862595419847328, "imu1/gyr_y": 2.3893129770992365, "imu1/gyr_z": -1.9389312977099236, "imu2/acl_x": -0.15562310791015624, "imu2/acl_y": 0.01915361328125, "imu2/acl_z": 9.746794958496093, "imu2/gyr_x": 3.7022900763358777, "imu2/gyr_y": -1.297709923664122, "imu2/gyr_z": -0.9847328244274809, "milliseconds": 10451}