{"cam/image_array": "49_cam-image_array_.jpg", "user/angle": 0.0, "user/throttle": -1.0, "user/mode": "user", "imu1/acl_x": 0.16280571289062498, "imu1/acl_y": -0.062249243164062495, "imu1/acl_z": 12.935871569824219, "imu1/gyr_x": -3.9236641221374047, "imu1/gyr_y": 2.3282442748091605, "imu1/gyr_z": -0.061068702290076333, "imu2/acl_x": -0.062249243164062495, "imu2/acl_y": 0.04548983154296875, "imu2/acl_z": 9.744400756835937, "imu2/gyr_x": 3.687022900763359, "imu2/gyr_y": -1.1984732824427482, "imu2/gyr_z": -0.9007633587786259, "milliseconds": 10354}