{"cam/image_array": "259_cam-image_array_.jpg", "user/angle": -1.0, "user/throttle": 0.7539923712991294, "user/mode": "user", "imu1/acl_x": 0.1149216796875, "imu1/acl_y": -0.1149216796875, "imu1/acl_z": 12.9095353515625, "imu1/gyr_x": -3.9770992366412212, "imu1/gyr_y": 2.50381679389313, "imu1/gyr_z": -1.9465648854961832, "imu2/acl_x": -0.09816226806640624, "imu2/acl_y": 0.040701428222656245, "imu2/acl_z": 9.751583361816406, "imu2/gyr_x": 3.6564885496183206, "imu2/gyr_y": -1.2213740458015268, "imu2/gyr_z": -1.015267175572519, "milliseconds": 25027}