{"cam/image_array": "61_cam-image_array_.jpg", "user/angle": 0.0, "user/throttle": -1.0, "user/mode": "user", "imu1/acl_x": 0.1197100830078125, "imu1/acl_y": -0.0909796630859375, "imu1/acl_z": 12.758700646972656, "imu1/gyr_x": -3.854961832061069, "imu1/gyr_y": 2.2519083969465647, "imu1/gyr_z": -1.9694656488549618, "imu2/acl_x": -0.1292868896484375, "imu2/acl_y": 0.08858546142578125, "imu2/acl_z": 9.696516723632811, "imu2/gyr_x": 5.801526717557252, "imu2/gyr_y": -1.16793893129771, "imu2/gyr_z": -0.9618320610687023, "milliseconds": 10966}