{"cam/image_array": "224_cam-image_array_.jpg", "user/angle": 0.04901018733611449, "user/throttle": 1.0, "user/mode": "user", "imu1/acl_x": 0.1484405029296875, "imu1/acl_y": -0.1149216796875, "imu1/acl_z": 12.887987536621093, "imu1/gyr_x": -4.122137404580153, "imu1/gyr_y": 2.33587786259542, "imu1/gyr_z": -2.015267175572519, "imu2/acl_x": -0.181959326171875, "imu2/acl_y": -0.0143652099609375, "imu2/acl_z": 9.689334118652344, "imu2/gyr_x": 3.854961832061069, "imu2/gyr_y": -1.16793893129771, "imu2/gyr_z": -0.9923664122137404, "milliseconds": 22435}