{"cam/image_array": "5_cam-image_array_.jpg", "user/angle": -1.0, "user/throttle": 0.20000000000000048, "user/mode": "user", "imu1/acl_x": 0.143652099609375, "imu1/acl_y": -0.05746083984375, "imu1/acl_z": 12.938265771484375, "imu1/gyr_x": -3.984732824427481, "imu1/gyr_y": 2.351145038167939, "imu1/gyr_z": -1.8396946564885497, "imu2/acl_x": -0.143652099609375, "imu2/acl_y": 0.07900865478515624, "imu2/acl_z": 9.744400756835937, "imu2/gyr_x": 3.7786259541984735, "imu2/gyr_y": -1.3282442748091603, "imu2/gyr_z": -1.0305343511450382, "milliseconds": 8094}