{"cam/image_array": "122_cam-image_array_.jpg", "user/angle": -0.22857142857142862, "user/throttle": 0.2571428571428571, "user/mode": "user", "imu1/acl_x": 0.16998831787109375, "imu1/acl_y": -0.07900865478515624, "imu1/acl_z": 12.9095353515625, "imu1/gyr_x": -3.877862595419847, "imu1/gyr_y": 2.381679389312977, "imu1/gyr_z": -1.8549618320610688, "imu2/acl_x": -0.12449848632812499, "imu2/acl_y": 0.00239420166015625, "imu2/acl_z": 9.545682019042967, "imu2/gyr_x": 3.763358778625954, "imu2/gyr_y": -1.2442748091603053, "imu2/gyr_z": -1.0458015267175573, "milliseconds": 14098}