{"cam/image_array": "305_cam-image_array_.jpg", "user/angle": -1.0, "user/throttle": 0.22702166214899044, "user/mode": "user", "imu1/acl_x": 0.076614453125, "imu1/acl_y": -0.1149216796875, "imu1/acl_z": 12.97178459472656, "imu1/gyr_x": -3.9236641221374047, "imu1/gyr_y": 2.49618320610687, "imu1/gyr_z": -2.122137404580153, "imu2/acl_x": -0.13646949462890623, "imu2/acl_y": -0.0430956298828125, "imu2/acl_z": 9.701305126953125, "imu2/gyr_x": 3.732824427480916, "imu2/gyr_y": -1.3969465648854962, "imu2/gyr_z": -1.0458015267175573, "milliseconds": 27385}