{"cam/image_array": "92_cam-image_array_.jpg", "user/angle": -0.34199254622152175, "user/throttle": 1.0, "user/mode": "user", "imu1/acl_x": 0.10295067138671875, "imu1/acl_y": -0.0718260498046875, "imu1/acl_z": 12.911929553222656, "imu1/gyr_x": -3.8396946564885495, "imu1/gyr_y": 2.3740458015267176, "imu1/gyr_z": -1.8244274809160306, "imu2/acl_x": -0.08140285644531249, "imu2/acl_y": 0.105344873046875, "imu2/acl_z": 9.706093530273437, "imu2/gyr_x": 1.9541984732824427, "imu2/gyr_y": -1.3129770992366412, "imu2/gyr_z": -0.9083969465648855, "milliseconds": 12582}