{"cam/image_array": "244_cam-image_array_.jpg", "user/angle": 0.0, "user/throttle": -0.1486394035050551, "user/mode": "user", "imu1/acl_x": 0.08858546142578125, "imu1/acl_y": -0.06703764648437499, "imu1/acl_z": 12.959813586425781, "imu1/gyr_x": -3.885496183206107, "imu1/gyr_y": 2.213740458015267, "imu1/gyr_z": -1.7709923664122138, "imu2/acl_x": -0.12210428466796874, "imu2/acl_y": 0.02154781494140625, "imu2/acl_z": 9.777919580078125, "imu2/gyr_x": 3.7709923664122136, "imu2/gyr_y": -1.1603053435114503, "imu2/gyr_z": -1.1297709923664123, "milliseconds": 24256}