{"cam/image_array": "199_cam-image_array_.jpg", "user/angle": 0.0, "user/throttle": -1.0, "user/mode": "user", "imu1/acl_x": 0.12689268798828124, "imu1/acl_y": -0.06943184814453125, "imu1/acl_z": 12.926294763183593, "imu1/gyr_x": -3.900763358778626, "imu1/gyr_y": 2.3587786259541983, "imu1/gyr_z": -1.83206106870229, "imu2/acl_x": -0.09816226806640624, "imu2/acl_y": 0.02154781494140625, "imu2/acl_z": 9.674968908691406, "imu2/gyr_x": 3.648854961832061, "imu2/gyr_y": -1.2366412213740459, "imu2/gyr_z": -0.8778625954198473, "milliseconds": 20248}