{"cam/image_array": "324_cam-image_array_.jpg", "user/angle": 1.0, "user/throttle": 0.6453041010184686, "user/mode": "user", "imu1/acl_x": 0.1197100830078125, "imu1/acl_y": -0.0430956298828125, "imu1/acl_z": 12.830526696777342, "imu1/gyr_x": -5.847328244274809, "imu1/gyr_y": 2.50381679389313, "imu1/gyr_z": -3.900763358778626, "imu2/acl_x": -0.12689268798828124, "imu2/acl_y": -0.1388636962890625, "imu2/acl_z": 9.591171850585937, "imu2/gyr_x": 3.8702290076335877, "imu2/gyr_y": -1.1755725190839694, "imu2/gyr_z": -0.8549618320610687, "milliseconds": 29235}