{"cam/image_array": "291_cam-image_array_.jpg", "user/angle": 0.0, "user/throttle": -0.1987553838152742, "user/mode": "user", "imu1/acl_x": 0.14125789794921875, "imu1/acl_y": -0.023942016601562498, "imu1/acl_z": 12.892775939941405, "imu1/gyr_x": -3.8625954198473282, "imu1/gyr_y": 2.351145038167939, "imu1/gyr_z": -0.022900763358778626, "imu2/acl_x": -0.11013327636718749, "imu2/acl_y": -0.15322890625, "imu2/acl_z": 9.526528405761718, "imu2/gyr_x": 3.8396946564885495, "imu2/gyr_y": -1.16793893129771, "imu2/gyr_z": -1.083969465648855, "milliseconds": 26681}