{"cam/image_array": "167_cam-image_array_.jpg", "user/angle": -1.0, "user/throttle": 1.0, "user/mode": "user", "imu1/acl_x": 0.16998831787109375, "imu1/acl_y": -0.07900865478515624, "imu1/acl_z": 12.923900561523437, "imu1/gyr_x": -3.900763358778626, "imu1/gyr_y": 2.3740458015267176, "imu1/gyr_z": -1.9770992366412214, "imu2/acl_x": -0.1484405029296875, "imu2/acl_y": 0.06703764648437499, "imu2/acl_z": 9.737218151855469, "imu2/gyr_x": 3.984732824427481, "imu2/gyr_y": -1.2213740458015268, "imu2/gyr_z": -1.0229007633587786, "milliseconds": 16441}