{"cam/image_array": "169_cam-image_array_.jpg", "user/angle": -1.0, "user/throttle": 1.0, "user/mode": "user", "imu1/acl_x": 0.08379705810546874, "imu1/acl_y": -0.07422025146484375, "imu1/acl_z": 12.950236779785156, "imu1/gyr_x": -3.969465648854962, "imu1/gyr_y": 2.3587786259541983, "imu1/gyr_z": -1.9312977099236641, "imu2/acl_x": -0.12449848632812499, "imu2/acl_y": 0.023942016601562498, "imu2/acl_z": 9.76116016845703, "imu2/gyr_x": 3.801526717557252, "imu2/gyr_y": -1.3587786259541985, "imu2/gyr_z": -1.0916030534351144, "milliseconds": 16539}