{"cam/image_array": "205_cam-image_array_.jpg", "user/angle": 0.0, "user/throttle": -1.0, "user/mode": "user", "imu1/acl_x": 0.29448680419921874, "imu1/acl_y": -0.08140285644531249, "imu1/acl_z": 12.957419384765624, "imu1/gyr_x": -4.083969465648855, "imu1/gyr_y": 2.312977099236641, "imu1/gyr_z": -0.03816793893129771, "imu2/acl_x": -0.1580173095703125, "imu2/acl_y": 0.0143652099609375, "imu2/acl_z": 9.603142858886718, "imu2/gyr_x": 3.8244274809160306, "imu2/gyr_y": -1.2900763358778626, "imu2/gyr_z": -1.0381679389312977, "milliseconds": 20557}