{"cam/image_array": "262_cam-image_array_.jpg", "user/angle": -1.0, "user/throttle": 0.7539923712991294, "user/mode": "user", "imu1/acl_x": 0.1292868896484375, "imu1/acl_y": -0.11252747802734374, "imu1/acl_z": 12.959813586425781, "imu1/gyr_x": -4.0, "imu1/gyr_y": 2.450381679389313, "imu1/gyr_z": -1.748091603053435, "imu2/acl_x": -0.13407529296874998, "imu2/acl_y": 0.0047884033203125, "imu2/acl_z": 9.660603698730467, "imu2/gyr_x": 3.7099236641221376, "imu2/gyr_y": -1.1603053435114503, "imu2/gyr_z": -1.1450381679389312, "milliseconds": 25182}