{"cam/image_array": "7_cam-image_array_.jpg", "user/angle": -0.8428571428571425, "user/throttle": 1.0, "user/mode": "user", "imu1/acl_x": 0.1388636962890625, "imu1/acl_y": -0.05746083984375, "imu1/acl_z": 13.022062829589842, "imu1/gyr_x": -3.877862595419847, "imu1/gyr_y": 2.351145038167939, "imu1/gyr_z": -2.030534351145038, "imu2/acl_x": -0.10295067138671875, "imu2/acl_y": -0.0143652099609375, "imu2/acl_z": 9.648632690429688, "imu2/gyr_x": 3.618320610687023, "imu2/gyr_y": -1.1984732824427482, "imu2/gyr_z": -1.0381679389312977, "milliseconds": 8183}