{"cam/image_array": "111_cam-image_array_.jpg", "user/angle": 0.0, "user/throttle": -0.6325693609838142, "user/mode": "user", "imu1/acl_x": 0.105344873046875, "imu1/acl_y": -0.0383072265625, "imu1/acl_z": 12.911929553222656, "imu1/gyr_x": -3.931297709923664, "imu1/gyr_y": 2.3969465648854964, "imu1/gyr_z": -3.816793893129771, "imu2/acl_x": -0.229843359375, "imu2/acl_y": 0.1484405029296875, "imu2/acl_z": 9.773131176757811, "imu2/gyr_x": 3.8396946564885495, "imu2/gyr_y": -1.3282442748091603, "imu2/gyr_z": -0.9847328244274809, "milliseconds": 13553}