{"cam/image_array": "245_cam-image_array_.jpg", "user/angle": 0.0, "user/throttle": -0.07784385585427553, "user/mode": "user", "imu1/acl_x": 0.10773907470703124, "imu1/acl_y": -0.28730419921875, "imu1/acl_z": 12.993332409667968, "imu1/gyr_x": -3.7557251908396947, "imu1/gyr_y": 2.312977099236641, "imu1/gyr_z": -1.8625954198473282, "imu2/acl_x": -0.10295067138671875, "imu2/acl_y": -0.016759411621093748, "imu2/acl_z": 9.679757312011718, "imu2/gyr_x": 3.8931297709923665, "imu2/gyr_y": -1.2366412213740459, "imu2/gyr_z": -0.9618320610687023, "milliseconds": 24305}