{"cam/image_array": "10_cam-image_array_.jpg", "user/angle": 1.0, "user/throttle": 1.0, "user/mode": "user", "imu1/acl_x": 0.16041151123046873, "imu1/acl_y": -0.01915361328125, "imu1/acl_z": 12.926294763183593, "imu1/gyr_x": -3.984732824427481, "imu1/gyr_y": 2.3282442748091605, "imu1/gyr_z": -2.0381679389312977, "imu2/acl_x": -0.23702596435546874, "imu2/acl_y": -0.12210428466796874, "imu2/acl_z": 9.698910925292969, "imu2/gyr_x": 3.9618320610687023, "imu2/gyr_y": -1.1068702290076335, "imu2/gyr_z": -1.0229007633587786, "milliseconds": 8341}