{"cam/image_array": "315_cam-image_array_.jpg", "user/angle": 1.0, "user/throttle": 0.6502870196567192, "user/mode": "user", "imu1/acl_x": 0.1197100830078125, "imu1/acl_y": -0.1197100830078125, "imu1/acl_z": 12.943054174804686, "imu1/gyr_x": -1.9923664122137406, "imu1/gyr_y": 2.2977099236641223, "imu1/gyr_z": -1.8778625954198473, "imu2/acl_x": -0.2346317626953125, "imu2/acl_y": 0.011971008300781249, "imu2/acl_z": 9.698910925292969, "imu2/gyr_x": 3.900763358778626, "imu2/gyr_y": -1.282442748091603, "imu2/gyr_z": -0.9770992366412213, "milliseconds": 28753}