{"cam/image_array": "248_cam-image_array_.jpg", "user/angle": -1.0, "user/throttle": 0.16022040561004616, "user/mode": "user", "imu1/acl_x": 0.08379705810546874, "imu1/acl_y": -0.033518823242187495, "imu1/acl_z": 12.74912384033203, "imu1/gyr_x": -3.885496183206107, "imu1/gyr_y": 2.267175572519084, "imu1/gyr_z": -0.10687022900763359, "imu2/acl_x": -0.11731588134765625, "imu2/acl_y": 0.05985504150390625, "imu2/acl_z": 9.686939916992188, "imu2/gyr_x": 1.9618320610687023, "imu2/gyr_y": -1.2213740458015268, "imu2/gyr_z": -1.1068702290076335, "milliseconds": 24448}