{"cam/image_array": "194_cam-image_array_.jpg", "user/angle": 0.0, "user/throttle": -1.0, "user/mode": "user", "imu1/acl_x": 0.16998831787109375, "imu1/acl_y": -0.09816226806640624, "imu1/acl_z": 12.770671655273437, "imu1/gyr_x": -1.9694656488549618, "imu1/gyr_y": 2.3206106870229006, "imu1/gyr_z": -1.8549618320610688, "imu2/acl_x": -0.105344873046875, "imu2/acl_y": 0.02633621826171875, "imu2/acl_z": 9.744400756835937, "imu2/gyr_x": 3.801526717557252, "imu2/gyr_y": -1.1984732824427482, "imu2/gyr_z": -0.9083969465648855, "milliseconds": 19971}