{"cam/image_array": "207_cam-image_array_.jpg", "user/angle": 0.0, "user/throttle": -1.0, "user/mode": "user", "imu1/acl_x": 0.12689268798828124, "imu1/acl_y": -0.09816226806640624, "imu1/acl_z": 12.885593334960937, "imu1/gyr_x": -4.00763358778626, "imu1/gyr_y": 2.3893129770992365, "imu1/gyr_z": -1.7709923664122138, "imu2/acl_x": -0.14125789794921875, "imu2/acl_y": -0.0047884033203125, "imu2/acl_z": 9.639055883789062, "imu2/gyr_x": 3.763358778625954, "imu2/gyr_y": -1.3435114503816794, "imu2/gyr_z": -0.9465648854961832, "milliseconds": 20642}