{"cam/image_array": "68_cam-image_array_.jpg", "user/angle": 0.0, "user/throttle": -0.07572281660192318, "user/mode": "user", "imu1/acl_x": 0.16519991455078123, "imu1/acl_y": -0.11252747802734374, "imu1/acl_z": 12.923900561523437, "imu1/gyr_x": -3.8244274809160306, "imu1/gyr_y": 2.404580152671756, "imu1/gyr_z": -1.7099236641221374, "imu2/acl_x": -0.17238251953125, "imu2/acl_y": 0.0430956298828125, "imu2/acl_z": 9.749189160156249, "imu2/gyr_x": 3.83206106870229, "imu2/gyr_y": -1.3893129770992367, "imu2/gyr_z": -1.1450381679389312, "milliseconds": 11332}