{"cam/image_array": "79_cam-image_array_.jpg", "user/angle": 0.0, "user/throttle": -0.057142857142857405, "user/mode": "user", "imu1/acl_x": 0.08379705810546874, "imu1/acl_y": -0.09576806640624999, "imu1/acl_z": 12.933477368164061, "imu1/gyr_x": -3.984732824427481, "imu1/gyr_y": 2.450381679389313, "imu1/gyr_z": -3.900763358778626, "imu2/acl_x": -0.086191259765625, "imu2/acl_y": 0.011971008300781249, "imu2/acl_z": 9.756371765136718, "imu2/gyr_x": 3.6793893129770994, "imu2/gyr_y": -1.3129770992366412, "imu2/gyr_z": -0.8549618320610687, "milliseconds": 11893}