{"cam/image_array": "66_cam-image_array_.jpg", "user/angle": 0.0, "user/throttle": -0.07572281660192318, "user/mode": "user", "imu1/acl_x": 0.14125789794921875, "imu1/acl_y": -0.0718260498046875, "imu1/acl_z": 12.916717956542968, "imu1/gyr_x": -3.9923664122137406, "imu1/gyr_y": 2.267175572519084, "imu1/gyr_z": -1.7328244274809161, "imu2/acl_x": -0.076614453125, "imu2/acl_y": 0.02633621826171875, "imu2/acl_z": 9.701305126953125, "imu2/gyr_x": 5.847328244274809, "imu2/gyr_y": -1.3282442748091603, "imu2/gyr_z": -1.0381679389312977, "milliseconds": 11235}