{"cam/image_array": "137_cam-image_array_.jpg", "user/angle": 0.0, "user/throttle": -0.3571428571428572, "user/mode": "user", "imu1/acl_x": 0.105344873046875, "imu1/acl_y": -0.0909796630859375, "imu1/acl_z": 12.916717956542968, "imu1/gyr_x": -5.847328244274809, "imu1/gyr_y": 2.4656488549618323, "imu1/gyr_z": -1.8473282442748091, "imu2/acl_x": -0.086191259765625, "imu2/acl_y": 0.05027823486328125, "imu2/acl_z": 9.665392102050781, "imu2/gyr_x": 5.816793893129771, "imu2/gyr_y": -1.2213740458015268, "imu2/gyr_z": -1.1145038167938932, "milliseconds": 14891}