{"cam/image_array": "278_cam-image_array_.jpg", "user/angle": -1.0, "user/throttle": 0.6119473475368662, "user/mode": "user", "imu1/acl_x": 0.12210428466796874, "imu1/acl_y": -0.07422025146484375, "imu1/acl_z": 12.993332409667968, "imu1/gyr_x": -4.083969465648855, "imu1/gyr_y": 2.49618320610687, "imu1/gyr_z": -1.8396946564885497, "imu2/acl_x": -0.11013327636718749, "imu2/acl_y": 0.05746083984375, "imu2/acl_z": 9.737218151855469, "imu2/gyr_x": 5.847328244274809, "imu2/gyr_y": -1.251908396946565, "imu2/gyr_z": -0.9389312977099237, "milliseconds": 25991}