{"cam/image_array": "303_cam-image_array_.jpg", "user/angle": -1.0, "user/throttle": 0.20447974617626755, "user/mode": "user", "imu1/acl_x": 0.08379705810546874, "imu1/acl_y": -0.0718260498046875, "imu1/acl_z": 12.955025183105468, "imu1/gyr_x": -3.9160305343511452, "imu1/gyr_y": 2.366412213740458, "imu1/gyr_z": -2.0763358778625953, "imu2/acl_x": -0.30406361083984373, "imu2/acl_y": -0.13168109130859373, "imu2/acl_z": 9.720458740234374, "imu2/gyr_x": 3.83206106870229, "imu2/gyr_y": -1.213740458015267, "imu2/gyr_z": -0.8854961832061069, "milliseconds": 27288}