{"cam/image_array": "240_cam-image_array_.jpg", "user/angle": 0.0, "user/throttle": -0.15643266233984526, "user/mode": "user", "imu1/acl_x": 0.1484405029296875, "imu1/acl_y": -0.13168109130859373, "imu1/acl_z": 12.883199133300781, "imu1/gyr_x": -3.8625954198473282, "imu1/gyr_y": 2.33587786259542, "imu1/gyr_z": -1.8549618320610688, "imu2/acl_x": -0.28969840087890625, "imu2/acl_y": 0.033518823242187495, "imu2/acl_z": 9.6151138671875, "imu2/gyr_x": 3.7557251908396947, "imu2/gyr_y": -1.2748091603053435, "imu2/gyr_z": -0.9770992366412213, "milliseconds": 24048}