{"cam/image_array": "271_cam-image_array_.jpg", "user/angle": -1.0, "user/throttle": 0.7539923712991294, "user/mode": "user", "imu1/acl_x": 0.1580173095703125, "imu1/acl_y": -0.076614453125, "imu1/acl_z": 12.911929553222656, "imu1/gyr_x": -3.8396946564885495, "imu1/gyr_y": 2.3053435114503817, "imu1/gyr_z": -2.2213740458015265, "imu2/acl_x": -0.12689268798828124, "imu2/acl_y": 0.06943184814453125, "imu2/acl_z": 9.605537060546874, "imu2/gyr_x": 3.7938931297709924, "imu2/gyr_y": -1.1068702290076335, "imu2/gyr_z": -0.9694656488549618, "milliseconds": 25646}