{"cam/image_array": "294_cam-image_array_.jpg", "user/angle": 0.0, "user/throttle": -0.244969261635354, "user/mode": "user", "imu1/acl_x": 0.2825157958984375, "imu1/acl_y": -0.07900865478515624, "imu1/acl_z": 12.887987536621093, "imu1/gyr_x": -3.9618320610687023, "imu1/gyr_y": 2.3206106870229006, "imu1/gyr_z": -1.7786259541984732, "imu2/acl_x": -0.11252747802734374, "imu2/acl_y": 0.0143652099609375, "imu2/acl_z": 9.751583361816406, "imu2/gyr_x": 3.885496183206107, "imu2/gyr_y": -1.5419847328244274, "imu2/gyr_z": -1.015267175572519, "milliseconds": 26839}