{"cam/image_array": "193_cam-image_array_.jpg", "user/angle": 0.0, "user/throttle": -0.5571428571428572, "user/mode": "user", "imu1/acl_x": 0.12210428466796874, "imu1/acl_y": -0.076614453125, "imu1/acl_z": 12.9095353515625, "imu1/gyr_x": -1.9770992366412214, "imu1/gyr_y": 2.3587786259541983, "imu1/gyr_z": -1.6793893129770991, "imu2/acl_x": -0.14604630126953125, "imu2/acl_y": -0.1292868896484375, "imu2/acl_z": 9.70369932861328, "imu2/gyr_x": 3.7557251908396947, "imu2/gyr_y": -1.251908396946565, "imu2/gyr_z": -1.1755725190839694, "milliseconds": 19930}