{"cam/image_array": "287_cam-image_array_.jpg", "user/angle": 0.0, "user/throttle": -0.10661024826997109, "user/mode": "user", "imu1/acl_x": 0.17477672119140625, "imu1/acl_y": -0.10295067138671875, "imu1/acl_z": 12.916717956542968, "imu1/gyr_x": -3.931297709923664, "imu1/gyr_y": 2.366412213740458, "imu1/gyr_z": -1.8396946564885497, "imu2/acl_x": -0.011971008300781249, "imu2/acl_y": 0.04548983154296875, "imu2/acl_z": 9.667786303710937, "imu2/gyr_x": 3.786259541984733, "imu2/gyr_y": -1.1908396946564885, "imu2/gyr_z": -0.8778625954198473, "milliseconds": 26455}