{"cam/image_array": "1_cam-image_array_.jpg", "user/angle": 0.0, "user/throttle": 0.0, "user/mode": "user", "imu1/acl_x": 0.15322890625, "imu1/acl_y": -0.10295067138671875, "imu1/acl_z": 12.856862915039061, "imu1/gyr_x": -3.9236641221374047, "imu1/gyr_y": 2.427480916030534, "imu1/gyr_z": -2.0229007633587788, "imu2/acl_x": -0.21787235107421873, "imu2/acl_y": -0.0143652099609375, "imu2/acl_z": 9.634267480468749, "imu2/gyr_x": 3.8091603053435112, "imu2/gyr_y": -1.4045801526717556, "imu2/gyr_z": -0.9389312977099237, "milliseconds": 7875}