{"cam/image_array": "112_cam-image_array_.jpg", "user/angle": 0.0, "user/throttle": -0.23114846315478127, "user/mode": "user", "imu1/acl_x": 0.086191259765625, "imu1/acl_y": -0.06943184814453125, "imu1/acl_z": 12.993332409667968, "imu1/gyr_x": -3.8625954198473282, "imu1/gyr_y": 2.3206106870229006, "imu1/gyr_z": -1.786259541984733, "imu2/acl_x": -0.14125789794921875, "imu2/acl_y": -0.033518823242187495, "imu2/acl_z": 9.6151138671875, "imu2/gyr_x": 5.854961832061068, "imu2/gyr_y": -1.1374045801526718, "imu2/gyr_z": -0.9770992366412213, "milliseconds": 13604}