{"cam/image_array": "154_cam-image_array_.jpg", "user/angle": -1.0, "user/throttle": 1.0, "user/mode": "user", "imu1/acl_x": 0.15562310791015624, "imu1/acl_y": -0.09337386474609374, "imu1/acl_z": 12.85207451171875, "imu1/gyr_x": -3.9160305343511452, "imu1/gyr_y": 2.427480916030534, "imu1/gyr_z": -1.8854961832061068, "imu2/acl_x": -0.1197100830078125, "imu2/acl_y": 0.0, "imu2/acl_z": 9.658209497070311, "imu2/gyr_x": 3.900763358778626, "imu2/gyr_y": -1.3511450381679388, "imu2/gyr_z": -1.0610687022900764, "milliseconds": 15753}