{"cam/image_array": "130_cam-image_array_.jpg", "user/angle": 0.0, "user/throttle": -0.12337888742153846, "user/mode": "user", "imu1/acl_x": 0.1388636962890625, "imu1/acl_y": -0.086191259765625, "imu1/acl_z": 12.785036865234375, "imu1/gyr_x": -3.8244274809160306, "imu1/gyr_y": 2.5267175572519083, "imu1/gyr_z": -2.015267175572519, "imu2/acl_x": -0.08858546142578125, "imu2/acl_y": 0.0, "imu2/acl_z": 9.64623848876953, "imu2/gyr_x": 3.816793893129771, "imu2/gyr_y": -1.282442748091603, "imu2/gyr_z": -1.0610687022900764, "milliseconds": 14512}