{"cam/image_array": "44_cam-image_array_.jpg", "user/angle": -1.0, "user/throttle": 0.09999999999999921, "user/mode": "user", "imu1/acl_x": 0.08379705810546874, "imu1/acl_y": -0.062249243164062495, "imu1/acl_z": 12.797007873535156, "imu1/gyr_x": -3.969465648854962, "imu1/gyr_y": 2.183206106870229, "imu1/gyr_z": -2.0610687022900764, "imu2/acl_x": -0.12689268798828124, "imu2/acl_y": -0.028730419921875, "imu2/acl_z": 9.730035546875, "imu2/gyr_x": 3.717557251908397, "imu2/gyr_y": -1.0687022900763359, "imu2/gyr_z": -0.7938931297709924, "milliseconds": 10111}