{"cam/image_array": "256_cam-image_array_.jpg", "user/angle": -1.0, "user/throttle": 0.759008928519527, "user/mode": "user", "imu1/acl_x": 0.1292868896484375, "imu1/acl_y": -0.105344873046875, "imu1/acl_z": 12.988544006347656, "imu1/gyr_x": -3.900763358778626, "imu1/gyr_y": 2.1908396946564888, "imu1/gyr_z": -2.1297709923664123, "imu2/acl_x": -0.14125789794921875, "imu2/acl_y": 0.0383072265625, "imu2/acl_z": 9.708487731933593, "imu2/gyr_x": 3.885496183206107, "imu2/gyr_y": -1.297709923664122, "imu2/gyr_z": -1.0687022900763359, "milliseconds": 24857}