{"cam/image_array": "329_cam-image_array_.jpg", "user/angle": 1.0, "user/throttle": 0.6453041010184686, "user/mode": "user", "imu1/acl_x": 0.1388636962890625, "imu1/acl_y": -0.07422025146484375, "imu1/acl_z": 12.957419384765624, "imu1/gyr_x": -3.9923664122137406, "imu1/gyr_y": 2.2900763358778624, "imu1/gyr_z": -1.8091603053435115, "imu2/acl_x": -0.1388636962890625, "imu2/acl_y": 0.02633621826171875, "imu2/acl_z": 9.674968908691406, "imu2/gyr_x": 3.8625954198473282, "imu2/gyr_y": -1.282442748091603, "imu2/gyr_z": -0.9923664122137404, "milliseconds": 29517}