{"cam/image_array": "30_cam-image_array_.jpg", "user/angle": 0.0, "user/throttle": -1.0, "user/mode": "user", "imu1/acl_x": 0.17956512451171874, "imu1/acl_y": -0.11013327636718749, "imu1/acl_z": 12.885593334960937, "imu1/gyr_x": -4.015267175572519, "imu1/gyr_y": 2.33587786259542, "imu1/gyr_z": -3.7938931297709924, "imu2/acl_x": -0.023942016601562498, "imu2/acl_y": 0.07900865478515624, "imu2/acl_z": 9.548076220703125, "imu2/gyr_x": 3.7786259541984735, "imu2/gyr_y": -1.1984732824427482, "imu2/gyr_z": -1.0229007633587786, "milliseconds": 9373}