{"cam/image_array": "132_cam-image_array_.jpg", "user/angle": 0.0, "user/throttle": -0.45714285714285685, "user/mode": "user", "imu1/acl_x": 0.0047884033203125, "imu1/acl_y": -0.0718260498046875, "imu1/acl_z": 12.907141149902342, "imu1/gyr_x": -5.854961832061068, "imu1/gyr_y": 2.4580152671755724, "imu1/gyr_z": -1.8931297709923665, "imu2/acl_x": -0.05746083984375, "imu2/acl_y": -0.00239420166015625, "imu2/acl_z": 9.60793126220703, "imu2/gyr_x": 1.9694656488549618, "imu2/gyr_y": -1.3969465648854962, "imu2/gyr_z": -0.9465648854961832, "milliseconds": 14617}