{"cam/image_array": "150_cam-image_array_.jpg", "user/angle": -1.0, "user/throttle": 0.016501290698930384, "user/mode": "user", "imu1/acl_x": 0.12449848632812499, "imu1/acl_y": -0.06943184814453125, "imu1/acl_z": 12.911929553222656, "imu1/gyr_x": -4.00763358778626, "imu1/gyr_y": 2.282442748091603, "imu1/gyr_z": -1.8778625954198473, "imu2/acl_x": -0.17477672119140625, "imu2/acl_y": -0.0047884033203125, "imu2/acl_z": 9.789890588378906, "imu2/gyr_x": 3.8473282442748094, "imu2/gyr_y": -1.0458015267175573, "imu2/gyr_z": -0.916030534351145, "milliseconds": 15563}