{"cam/image_array": "250_cam-image_array_.jpg", "user/angle": -1.0, "user/throttle": 0.25776518636221957, "user/mode": "user", "imu1/acl_x": 0.11731588134765625, "imu1/acl_y": -0.016759411621093748, "imu1/acl_z": 12.938265771484375, "imu1/gyr_x": -2.045801526717557, "imu1/gyr_y": 2.2290076335877864, "imu1/gyr_z": -2.045801526717557, "imu2/acl_x": -0.15083470458984374, "imu2/acl_y": 0.031124621582031248, "imu2/acl_z": 9.758765966796874, "imu2/gyr_x": 3.8473282442748094, "imu2/gyr_y": -1.3740458015267176, "imu2/gyr_z": -0.9770992366412213, "milliseconds": 24541}