{"cam/image_array": "222_cam-image_array_.jpg", "user/angle": 0.04901018733611449, "user/throttle": 1.0, "user/mode": "user", "imu1/acl_x": 0.16041151123046873, "imu1/acl_y": -0.06703764648437499, "imu1/acl_z": 12.945448376464842, "imu1/gyr_x": -4.106870229007634, "imu1/gyr_y": 2.3282442748091605, "imu1/gyr_z": -1.816793893129771, "imu2/acl_x": -0.13646949462890623, "imu2/acl_y": 0.0047884033203125, "imu2/acl_z": 9.619902270507811, "imu2/gyr_x": 3.6946564885496183, "imu2/gyr_y": -1.3435114503816794, "imu2/gyr_z": -0.8625954198473282, "milliseconds": 22333}