{"cam/image_array": "284_cam-image_array_.jpg", "user/angle": -1.0, "user/throttle": 0.0685717519945135, "user/mode": "user", "imu1/acl_x": 0.1197100830078125, "imu1/acl_y": -0.08140285644531249, "imu1/acl_z": 12.928688964843749, "imu1/gyr_x": -4.061068702290076, "imu1/gyr_y": 2.5114503816793894, "imu1/gyr_z": -1.9923664122137406, "imu2/acl_x": -0.143652099609375, "imu2/acl_y": 0.00718260498046875, "imu2/acl_z": 9.674968908691406, "imu2/gyr_x": 3.7938931297709924, "imu2/gyr_y": -1.251908396946565, "imu2/gyr_z": -1.083969465648855, "milliseconds": 26292}