{"cam/image_array": "191_cam-image_array_.jpg", "user/angle": 0.0, "user/throttle": -0.5571428571428572, "user/mode": "user", "imu1/acl_x": 0.1580173095703125, "imu1/acl_y": -0.0526724365234375, "imu1/acl_z": 12.797007873535156, "imu1/gyr_x": -3.9770992366412212, "imu1/gyr_y": 2.4732824427480917, "imu1/gyr_z": -3.9083969465648853, "imu2/acl_x": -0.12689268798828124, "imu2/acl_y": 0.143652099609375, "imu2/acl_z": 9.78031378173828, "imu2/gyr_x": 3.854961832061069, "imu2/gyr_y": -1.2290076335877862, "imu2/gyr_z": -0.9694656488549618, "milliseconds": 19822}