{"cam/image_array": "255_cam-image_array_.jpg", "user/angle": -1.0, "user/throttle": 0.535651640339373, "user/mode": "user", "imu1/acl_x": 0.09816226806640624, "imu1/acl_y": -0.11252747802734374, "imu1/acl_z": 13.022062829589842, "imu1/gyr_x": -2.0381679389312977, "imu1/gyr_y": 2.4580152671755724, "imu1/gyr_z": -2.0763358778625953, "imu2/acl_x": -0.20350714111328125, "imu2/acl_y": -0.016759411621093748, "imu2/acl_z": 9.679757312011718, "imu2/gyr_x": 3.9160305343511452, "imu2/gyr_y": -1.3206106870229009, "imu2/gyr_z": -0.8778625954198473, "milliseconds": 24816}