{"cam/image_array": "47_cam-image_array_.jpg", "user/angle": 0.0, "user/throttle": 0.0, "user/mode": "user", "imu1/acl_x": 0.13646949462890623, "imu1/acl_y": -0.08140285644531249, "imu1/acl_z": 12.871228125, "imu1/gyr_x": -3.9083969465648853, "imu1/gyr_y": 2.49618320610687, "imu1/gyr_z": -2.1297709923664123, "imu2/acl_x": -0.13407529296874998, "imu2/acl_y": 0.0430956298828125, "imu2/acl_z": 9.545682019042967, "imu2/gyr_x": 3.732824427480916, "imu2/gyr_y": -1.3511450381679388, "imu2/gyr_z": -1.0, "milliseconds": 10245}