{"cam/image_array": "173_cam-image_array_.jpg", "user/angle": 0.0, "user/throttle": 0.0, "user/mode": "user", "imu1/acl_x": 0.19871873779296872, "imu1/acl_y": -0.00239420166015625, "imu1/acl_z": 12.904746948242186, "imu1/gyr_x": -3.946564885496183, "imu1/gyr_y": 2.5114503816793894, "imu1/gyr_z": -1.8854961832061068, "imu2/acl_x": -0.1292868896484375, "imu2/acl_y": 0.05027823486328125, "imu2/acl_z": 9.801861596679688, "imu2/gyr_x": 3.8091603053435112, "imu2/gyr_y": -1.2671755725190839, "imu2/gyr_z": -0.8931297709923665, "milliseconds": 17837}