{"cam/image_array": "39_cam-image_array_.jpg", "user/angle": 0.07142857142857169, "user/throttle": 1.0, "user/mode": "user", "imu1/acl_x": 0.13646949462890623, "imu1/acl_y": -0.09816226806640624, "imu1/acl_z": 12.933477368164061, "imu1/gyr_x": -4.030534351145038, "imu1/gyr_y": 2.4122137404580153, "imu1/gyr_z": -3.900763358778626, "imu2/acl_x": -0.15322890625, "imu2/acl_y": 0.0143652099609375, "imu2/acl_z": 9.787496386718749, "imu2/gyr_x": 3.7557251908396947, "imu2/gyr_y": -1.2061068702290076, "imu2/gyr_z": -1.0610687022900764, "milliseconds": 9820}