{"cam/image_array": "312_cam-image_array_.jpg", "user/angle": 1.0, "user/throttle": 0.5142857142857147, "user/mode": "user", "imu1/acl_x": 0.08379705810546874, "imu1/acl_y": 0.0047884033203125, "imu1/acl_z": 12.947842578125, "imu1/gyr_x": -3.8931297709923665, "imu1/gyr_y": 2.404580152671756, "imu1/gyr_z": -2.030534351145038, "imu2/acl_x": -0.11731588134765625, "imu2/acl_y": 0.016759411621093748, "imu2/acl_z": 9.682151513671874, "imu2/gyr_x": 3.885496183206107, "imu2/gyr_y": -1.2213740458015268, "imu2/gyr_z": -0.9847328244274809, "milliseconds": 28596}