{"cam/image_array": "4_cam-image_array_.jpg", "user/angle": 0.0, "user/throttle": 0.0, "user/mode": "user", "imu1/acl_x": 0.1484405029296875, "imu1/acl_y": -0.023942016601562498, "imu1/acl_z": 12.919112158203124, "imu1/gyr_x": -4.0458015267175576, "imu1/gyr_y": 2.3587786259541983, "imu1/gyr_z": -1.786259541984733, "imu2/acl_x": -0.14604630126953125, "imu2/acl_y": 0.016759411621093748, "imu2/acl_z": 9.665392102050781, "imu2/gyr_x": 3.9160305343511452, "imu2/gyr_y": -1.251908396946565, "imu2/gyr_z": -1.0687022900763359, "milliseconds": 8042}