{"cam/image_array": "101_cam-image_array_.jpg", "user/angle": 0.45661464537211127, "user/throttle": 1.0, "user/mode": "user", "imu1/acl_x": 0.16041151123046873, "imu1/acl_y": -0.0430956298828125, "imu1/acl_z": 12.933477368164061, "imu1/gyr_x": -3.9236641221374047, "imu1/gyr_y": 2.351145038167939, "imu1/gyr_z": -1.7251908396946565, "imu2/acl_x": -0.16280571289062498, "imu2/acl_y": 0.00718260498046875, "imu2/acl_z": 9.555258825683593, "imu2/gyr_x": 4.091603053435114, "imu2/gyr_y": -1.213740458015267, "imu2/gyr_z": -1.0229007633587786, "milliseconds": 13055}