{"cam/image_array": "149_cam-image_array_.jpg", "user/angle": 0.0, "user/throttle": -0.024751262099031678, "user/mode": "user", "imu1/acl_x": 0.11252747802734374, "imu1/acl_y": -0.09337386474609374, "imu1/acl_z": 12.919112158203124, "imu1/gyr_x": -3.854961832061069, "imu1/gyr_y": 2.5572519083969465, "imu1/gyr_z": -1.8931297709923665, "imu2/acl_x": -0.08379705810546874, "imu2/acl_y": 0.00718260498046875, "imu2/acl_z": 9.730035546875, "imu2/gyr_x": 3.7938931297709924, "imu2/gyr_y": -1.3206106870229009, "imu2/gyr_z": -0.9083969465648855, "milliseconds": 15506}