{"cam/image_array": "32_cam-image_array_.jpg", "user/angle": 0.0, "user/throttle": -1.0, "user/mode": "user", "imu1/acl_x": 0.10773907470703124, "imu1/acl_y": -0.086191259765625, "imu1/acl_z": 12.995726611328124, "imu1/gyr_x": -3.8396946564885495, "imu1/gyr_y": 2.3969465648854964, "imu1/gyr_z": -1.9541984732824427, "imu2/acl_x": -0.2825157958984375, "imu2/acl_y": 0.028730419921875, "imu2/acl_z": 9.72285294189453, "imu2/gyr_x": 3.8396946564885495, "imu2/gyr_y": -1.213740458015267, "imu2/gyr_z": -1.1450381679389312, "milliseconds": 9478}