{"cam/image_array": "225_cam-image_array_.jpg", "user/angle": 0.04901018733611449, "user/throttle": 1.0, "user/mode": "user", "imu1/acl_x": 0.023942016601562498, "imu1/acl_y": -0.0383072265625, "imu1/acl_z": 13.010091821289063, "imu1/gyr_x": -3.900763358778626, "imu1/gyr_y": 2.3435114503816794, "imu1/gyr_z": -1.9312977099236641, "imu2/acl_x": -0.16280571289062498, "imu2/acl_y": 0.009576806640625, "imu2/acl_z": 9.672574707031249, "imu2/gyr_x": 3.7099236641221376, "imu2/gyr_y": -1.2213740458015268, "imu2/gyr_z": -0.9694656488549618, "milliseconds": 22503}