{"cam/image_array": "65_cam-image_array_.jpg", "user/angle": 1.0, "user/throttle": 0.9571428571428572, "user/mode": "user", "imu1/acl_x": 0.10773907470703124, "imu1/acl_y": -0.076614453125, "imu1/acl_z": 12.943054174804686, "imu1/gyr_x": -4.0, "imu1/gyr_y": 2.312977099236641, "imu1/gyr_z": -2.045801526717557, "imu2/acl_x": -0.10295067138671875, "imu2/acl_y": 0.040701428222656245, "imu2/acl_z": 9.581595043945311, "imu2/gyr_x": 3.931297709923664, "imu2/gyr_y": -1.2748091603053435, "imu2/gyr_z": -1.0381679389312977, "milliseconds": 11183}