{"cam/image_array": "192_cam-image_array_.jpg", "user/angle": 0.0, "user/throttle": 0.0, "user/mode": "user", "imu1/acl_x": 0.09337386474609374, "imu1/acl_y": -0.1149216796875, "imu1/acl_z": 13.000515014648437, "imu1/gyr_x": -3.83206106870229, "imu1/gyr_y": 2.33587786259542, "imu1/gyr_z": -0.015267175572519083, "imu2/acl_x": -0.14604630126953125, "imu2/acl_y": 0.06703764648437499, "imu2/acl_z": 9.655815295410155, "imu2/gyr_x": 3.9923664122137406, "imu2/gyr_y": -1.1755725190839694, "imu2/gyr_z": -0.9694656488549618, "milliseconds": 19854}