{"cam/image_array": "325_cam-image_array_.jpg", "user/angle": 1.0, "user/throttle": 0.6453041010184686, "user/mode": "user", "imu1/acl_x": 0.11731588134765625, "imu1/acl_y": -0.11252747802734374, "imu1/acl_z": 12.938265771484375, "imu1/gyr_x": -3.9083969465648853, "imu1/gyr_y": 2.4656488549618323, "imu1/gyr_z": -2.1068702290076335, "imu2/acl_x": -0.11252747802734374, "imu2/acl_y": -0.01915361328125, "imu2/acl_z": 9.612719665527344, "imu2/gyr_x": 3.7404580152671754, "imu2/gyr_y": -1.16793893129771, "imu2/gyr_z": -1.0076335877862594, "milliseconds": 29305}