{"cam/image_array": "82_cam-image_array_.jpg", "user/angle": -1.0, "user/throttle": 0.1982374536451602, "user/mode": "user", "imu1/acl_x": 0.11731588134765625, "imu1/acl_y": -0.09337386474609374, "imu1/acl_z": 12.914323754882812, "imu1/gyr_x": -3.854961832061069, "imu1/gyr_y": 2.5343511450381677, "imu1/gyr_z": -1.7251908396946565, "imu2/acl_x": -0.15322890625, "imu2/acl_y": 0.06703764648437499, "imu2/acl_z": 9.674968908691406, "imu2/gyr_x": 3.900763358778626, "imu2/gyr_y": -1.2671755725190839, "imu2/gyr_z": -0.9770992366412213, "milliseconds": 12057}