{"cam/image_array": "235_cam-image_array_.jpg", "user/angle": 0.0, "user/throttle": -0.15741571837777657, "user/mode": "user", "imu1/acl_x": 0.15562310791015624, "imu1/acl_y": -0.08858546142578125, "imu1/acl_z": 12.847286108398437, "imu1/gyr_x": -1.9770992366412214, "imu1/gyr_y": 2.3969465648854964, "imu1/gyr_z": -1.83206106870229, "imu2/acl_x": -0.143652099609375, "imu2/acl_y": -0.040701428222656245, "imu2/acl_z": 9.751583361816406, "imu2/gyr_x": 3.969465648854962, "imu2/gyr_y": -1.2748091603053435, "imu2/gyr_z": -0.9007633587786259, "milliseconds": 23796}