{"cam/image_array": "290_cam-image_array_.jpg", "user/angle": 0.0, "user/throttle": -0.1987553838152742, "user/mode": "user", "imu1/acl_x": 0.11731588134765625, "imu1/acl_y": -0.07422025146484375, "imu1/acl_z": 12.880804931640624, "imu1/gyr_x": -3.801526717557252, "imu1/gyr_y": 2.404580152671756, "imu1/gyr_z": -1.8396946564885497, "imu2/acl_x": -0.0383072265625, "imu2/acl_y": 0.0383072265625, "imu2/acl_z": 9.545682019042967, "imu2/gyr_x": 3.8091603053435112, "imu2/gyr_y": -1.3893129770992367, "imu2/gyr_z": -1.0763358778625953, "milliseconds": 26617}