{"cam/image_array": "75_cam-image_array_.jpg", "user/angle": 0.0, "user/throttle": -0.3741176409296447, "user/mode": "user", "imu1/acl_x": 0.1484405029296875, "imu1/acl_y": -0.11013327636718749, "imu1/acl_z": 12.871228125, "imu1/gyr_x": -3.8091603053435112, "imu1/gyr_y": 2.351145038167939, "imu1/gyr_z": -1.9618320610687023, "imu2/acl_x": -0.14604630126953125, "imu2/acl_y": 0.00718260498046875, "imu2/acl_z": 9.591171850585937, "imu2/gyr_x": 3.786259541984733, "imu2/gyr_y": -1.2595419847328244, "imu2/gyr_z": -0.9312977099236641, "milliseconds": 11698}