{"cam/image_array": "234_cam-image_array_.jpg", "user/angle": 0.0, "user/throttle": -0.15741571837777657, "user/mode": "user", "imu1/acl_x": 0.1388636962890625, "imu1/acl_y": -0.07900865478515624, "imu1/acl_z": 12.974178796386719, "imu1/gyr_x": -5.847328244274809, "imu1/gyr_y": 2.427480916030534, "imu1/gyr_z": -1.7251908396946565, "imu2/acl_x": -0.1484405029296875, "imu2/acl_y": 0.03591302490234375, "imu2/acl_z": 9.662997900390625, "imu2/gyr_x": 3.8702290076335877, "imu2/gyr_y": -0.9770992366412213, "imu2/gyr_z": -1.1297709923664123, "milliseconds": 23740}