{"cam/image_array": "15_cam-image_array_.jpg", "user/angle": 0.0, "user/throttle": -1.0, "user/mode": "user", "imu1/acl_x": 0.12449848632812499, "imu1/acl_y": -0.1388636962890625, "imu1/acl_z": 12.914323754882812, "imu1/gyr_x": -3.7938931297709924, "imu1/gyr_y": 2.435114503816794, "imu1/gyr_z": -1.9236641221374047, "imu2/acl_x": -0.011971008300781249, "imu2/acl_y": -0.016759411621093748, "imu2/acl_z": 9.593566052246093, "imu2/gyr_x": 3.854961832061069, "imu2/gyr_y": -1.3587786259541985, "imu2/gyr_z": -1.1908396946564885, "milliseconds": 8595}