{"cam/image_array": "196_cam-image_array_.jpg", "user/angle": 0.0, "user/throttle": -1.0, "user/mode": "user", "imu1/acl_x": 0.13168109130859373, "imu1/acl_y": -0.1005564697265625, "imu1/acl_z": 12.780248461914061, "imu1/gyr_x": -3.9160305343511452, "imu1/gyr_y": 2.267175572519084, "imu1/gyr_z": -1.83206106870229, "imu2/acl_x": -0.08858546142578125, "imu2/acl_y": 0.011971008300781249, "imu2/acl_z": 9.686939916992188, "imu2/gyr_x": 3.7099236641221376, "imu2/gyr_y": -1.2290076335877862, "imu2/gyr_z": -0.9389312977099237, "milliseconds": 20084}