{"cam/image_array": "317_cam-image_array_.jpg", "user/angle": 1.0, "user/throttle": 0.6348544985217355, "user/mode": "user", "imu1/acl_x": 0.23223756103515625, "imu1/acl_y": -0.0526724365234375, "imu1/acl_z": 12.907141149902342, "imu1/gyr_x": -3.8244274809160306, "imu1/gyr_y": 2.2519083969465647, "imu1/gyr_z": -1.6717557251908397, "imu2/acl_x": -0.24660277099609373, "imu2/acl_y": 0.0143652099609375, "imu2/acl_z": 9.682151513671874, "imu2/gyr_x": 3.7938931297709924, "imu2/gyr_y": -1.2366412213740459, "imu2/gyr_z": -1.1068702290076335, "milliseconds": 28887}