{"cam/image_array": "214_cam-image_array_.jpg", "user/angle": 0.04939746897963046, "user/throttle": 1.0, "user/mode": "user", "imu1/acl_x": 0.11252747802734374, "imu1/acl_y": -0.11731588134765625, "imu1/acl_z": 12.722787622070312, "imu1/gyr_x": -4.106870229007634, "imu1/gyr_y": 2.5114503816793894, "imu1/gyr_z": -3.900763358778626, "imu2/acl_x": -0.16041151123046873, "imu2/acl_y": 0.0047884033203125, "imu2/acl_z": 9.603142858886718, "imu2/gyr_x": 3.8473282442748094, "imu2/gyr_y": -1.2748091603053435, "imu2/gyr_z": -1.0076335877862594, "milliseconds": 21915}