{"cam/image_array": "157_cam-image_array_.jpg", "user/angle": -1.0, "user/throttle": 1.0, "user/mode": "user", "imu1/acl_x": 0.13168109130859373, "imu1/acl_y": -0.13646949462890623, "imu1/acl_z": 12.928688964843749, "imu1/gyr_x": -5.854961832061068, "imu1/gyr_y": 2.4122137404580153, "imu1/gyr_z": -2.114503816793893, "imu2/acl_x": -0.201112939453125, "imu2/acl_y": 0.033518823242187495, "imu2/acl_z": 9.773131176757811, "imu2/gyr_x": 3.801526717557252, "imu2/gyr_y": -1.2061068702290076, "imu2/gyr_z": -1.0916030534351144, "milliseconds": 15917}