{"cam/image_array": "252_cam-image_array_.jpg", "user/angle": -1.0, "user/throttle": 0.28857789250148774, "user/mode": "user", "imu1/acl_x": 0.2753331909179687, "imu1/acl_y": -0.06943184814453125, "imu1/acl_z": 12.935871569824219, "imu1/gyr_x": -5.8396946564885495, "imu1/gyr_y": 2.3206106870229006, "imu1/gyr_z": -1.7557251908396947, "imu2/acl_x": -0.11252747802734374, "imu2/acl_y": 0.076614453125, "imu2/acl_z": 9.591171850585937, "imu2/gyr_x": 3.732824427480916, "imu2/gyr_y": -1.2290076335877862, "imu2/gyr_z": -0.9465648854961832, "milliseconds": 24650}