{"cam/image_array": "185_cam-image_array_.jpg", "user/angle": 0.0, "user/throttle": -1.0, "user/mode": "user", "imu1/acl_x": 0.143652099609375, "imu1/acl_y": -0.04548983154296875, "imu1/acl_z": 12.928688964843749, "imu1/gyr_x": -5.8320610687022905, "imu1/gyr_y": 2.4580152671755724, "imu1/gyr_z": -1.7709923664122138, "imu2/acl_x": -0.201112939453125, "imu2/acl_y": -0.04548983154296875, "imu2/acl_z": 9.660603698730467, "imu2/gyr_x": 3.8702290076335877, "imu2/gyr_y": -1.3282442748091603, "imu2/gyr_z": -1.0229007633587786, "milliseconds": 18447}