{"cam/image_array": "218_cam-image_array_.jpg", "user/angle": 0.04901018733611449, "user/throttle": 1.0, "user/mode": "user", "imu1/acl_x": 0.15322890625, "imu1/acl_y": -0.11731588134765625, "imu1/acl_z": 12.945448376464842, "imu1/gyr_x": -3.7709923664122136, "imu1/gyr_y": 2.3282442748091605, "imu1/gyr_z": -2.0381679389312977, "imu2/acl_x": -0.1197100830078125, "imu2/acl_y": 0.028730419921875, "imu2/acl_z": 9.658209497070311, "imu2/gyr_x": 3.7709923664122136, "imu2/gyr_y": -1.2061068702290076, "imu2/gyr_z": -1.1450381679389312, "milliseconds": 22130}