{"cam/image_array": "189_cam-image_array_.jpg", "user/angle": 0.0, "user/throttle": 0.0, "user/mode": "user", "imu1/acl_x": 0.09337386474609374, "imu1/acl_y": -0.11252747802734374, "imu1/acl_z": 12.840103503417968, "imu1/gyr_x": -4.076335877862595, "imu1/gyr_y": 2.2977099236641223, "imu1/gyr_z": -1.6259541984732824, "imu2/acl_x": -0.1197100830078125, "imu2/acl_y": 0.01915361328125, "imu2/acl_z": 9.68454571533203, "imu2/gyr_x": 3.8625954198473282, "imu2/gyr_y": -0.9923664122137404, "imu2/gyr_z": -1.0534351145038168, "milliseconds": 19703}