{"cam/image_array": "13_cam-image_array_.jpg", "user/angle": 0.0, "user/throttle": 0.0, "user/mode": "user", "imu1/acl_x": 0.1149216796875, "imu1/acl_y": -0.09337386474609374, "imu1/acl_z": 12.976572998046874, "imu1/gyr_x": -4.0, "imu1/gyr_y": 2.3893129770992365, "imu1/gyr_z": -1.9923664122137406, "imu2/acl_x": -0.2705447875976562, "imu2/acl_y": 0.00718260498046875, "imu2/acl_z": 9.634267480468749, "imu2/gyr_x": 3.732824427480916, "imu2/gyr_y": -1.1526717557251909, "imu2/gyr_z": -1.16793893129771, "milliseconds": 8495}