{"cam/image_array": "17_cam-image_array_.jpg", "user/angle": 0.0, "user/throttle": -1.0, "user/mode": "user", "imu1/acl_x": 0.12210428466796874, "imu1/acl_y": -0.12689268798828124, "imu1/acl_z": 12.765883251953124, "imu1/gyr_x": -5.8320610687022905, "imu1/gyr_y": 2.427480916030534, "imu1/gyr_z": -1.83206106870229, "imu2/acl_x": -0.16280571289062498, "imu2/acl_y": 0.028730419921875, "imu2/acl_z": 9.739612353515625, "imu2/gyr_x": 5.801526717557252, "imu2/gyr_y": -1.297709923664122, "imu2/gyr_z": -1.0916030534351144, "milliseconds": 8708}