{"cam/image_array": "299_cam-image_array_.jpg", "user/angle": -1.0, "user/throttle": 0.20447974617626755, "user/mode": "user", "imu1/acl_x": 0.16280571289062498, "imu1/acl_y": -0.105344873046875, "imu1/acl_z": 12.983755603027342, "imu1/gyr_x": -3.801526717557252, "imu1/gyr_y": 2.427480916030534, "imu1/gyr_z": -0.061068702290076333, "imu2/acl_x": -0.14125789794921875, "imu2/acl_y": 0.12689268798828124, "imu2/acl_z": 9.603142858886718, "imu2/gyr_x": 3.7938931297709924, "imu2/gyr_y": -1.1374045801526718, "imu2/gyr_z": -1.0, "milliseconds": 27061}