{"cam/image_array": "126_cam-image_array_.jpg", "user/angle": 0.0, "user/throttle": -0.4142857142857151, "user/mode": "user", "imu1/acl_x": 0.009576806640625, "imu1/acl_y": -0.11731588134765625, "imu1/acl_z": 13.010091821289063, "imu1/gyr_x": -3.9923664122137406, "imu1/gyr_y": 2.564885496183206, "imu1/gyr_z": -0.11450381679389313, "imu2/acl_x": -0.13646949462890623, "imu2/acl_y": 0.009576806640625, "imu2/acl_z": 9.713276135253906, "imu2/gyr_x": 3.763358778625954, "imu2/gyr_y": -1.183206106870229, "imu2/gyr_z": -1.1603053435114503, "milliseconds": 14301}