{"cam/image_array": "9_cam-image_array_.jpg", "user/angle": 1.0, "user/throttle": 1.0, "user/mode": "user", "imu1/acl_x": 0.29448680419921874, "imu1/acl_y": -0.009576806640625, "imu1/acl_z": 12.94065997314453, "imu1/gyr_x": -1.9923664122137406, "imu1/gyr_y": 2.4427480916030535, "imu1/gyr_z": -2.122137404580153, "imu2/acl_x": -0.10295067138671875, "imu2/acl_y": 0.03591302490234375, "imu2/acl_z": 9.651026892089844, "imu2/gyr_x": 3.7404580152671754, "imu2/gyr_y": -1.3893129770992367, "imu2/gyr_z": -0.9694656488549618, "milliseconds": 8288}