{"cam/image_array": "181_cam-image_array_.jpg", "user/angle": 0.0, "user/throttle": -1.0, "user/mode": "user", "imu1/acl_x": 0.1484405029296875, "imu1/acl_y": -0.040701428222656245, "imu1/acl_z": 12.899958544921875, "imu1/gyr_x": -3.83206106870229, "imu1/gyr_y": 2.5114503816793894, "imu1/gyr_z": -1.8778625954198473, "imu2/acl_x": -0.16280571289062498, "imu2/acl_y": -0.03591302490234375, "imu2/acl_z": 9.775525378417969, "imu2/gyr_x": 3.7099236641221376, "imu2/gyr_y": -1.282442748091603, "imu2/gyr_z": -0.9236641221374046, "milliseconds": 18238}