{"cam/image_array": "100_cam-image_array_.jpg", "user/angle": 0.45661464537211127, "user/throttle": 1.0, "user/mode": "user", "imu1/acl_x": 0.105344873046875, "imu1/acl_y": -0.028730419921875, "imu1/acl_z": 12.86404552001953, "imu1/gyr_x": -3.9083969465648853, "imu1/gyr_y": 2.5801526717557253, "imu1/gyr_z": -1.83206106870229, "imu2/acl_x": -0.062249243164062495, "imu2/acl_y": -0.055066638183593745, "imu2/acl_z": 9.634267480468749, "imu2/gyr_x": 3.7709923664122136, "imu2/gyr_y": -1.213740458015267, "imu2/gyr_z": -0.916030534351145, "milliseconds": 12980}