{"cam/image_array": "53_cam-image_array_.jpg", "user/angle": 0.0, "user/throttle": -1.0, "user/mode": "user", "imu1/acl_x": 0.0909796630859375, "imu1/acl_y": -0.00718260498046875, "imu1/acl_z": 12.950236779785156, "imu1/gyr_x": -3.9389312977099236, "imu1/gyr_y": 2.4122137404580153, "imu1/gyr_z": -2.0, "imu2/acl_x": -0.28012159423828126, "imu2/acl_y": 0.05746083984375, "imu2/acl_z": 9.744400756835937, "imu2/gyr_x": 3.9083969465648853, "imu2/gyr_y": -1.2595419847328244, "imu2/gyr_z": -1.0305343511450382, "milliseconds": 10553}