{"cam/image_array": "297_cam-image_array_.jpg", "user/angle": -1.0, "user/throttle": 0.07618411361427603, "user/mode": "user", "imu1/acl_x": 0.11731588134765625, "imu1/acl_y": -0.09576806640624999, "imu1/acl_z": 12.935871569824219, "imu1/gyr_x": -5.862595419847328, "imu1/gyr_y": 2.2748091603053435, "imu1/gyr_z": -1.7938931297709924, "imu2/acl_x": -0.14604630126953125, "imu2/acl_y": 0.0383072265625, "imu2/acl_z": 9.672574707031249, "imu2/gyr_x": 3.717557251908397, "imu2/gyr_y": -1.183206106870229, "imu2/gyr_z": -0.8702290076335878, "milliseconds": 26967}