{"cam/image_array": "147_cam-image_array_.jpg", "user/angle": 0.0, "user/throttle": -0.024751262099031678, "user/mode": "user", "imu1/acl_x": 0.17477672119140625, "imu1/acl_y": -0.13407529296874998, "imu1/acl_z": 12.837709301757812, "imu1/gyr_x": -3.9770992366412212, "imu1/gyr_y": 2.5267175572519083, "imu1/gyr_z": -1.9923664122137406, "imu2/acl_x": -0.10295067138671875, "imu2/acl_y": 0.0526724365234375, "imu2/acl_z": 9.718064538574218, "imu2/gyr_x": 3.8244274809160306, "imu2/gyr_y": -1.2442748091603053, "imu2/gyr_z": -0.9770992366412213, "milliseconds": 15403}