{"cam/image_array": "208_cam-image_array_.jpg", "user/angle": 0.0, "user/throttle": 0.0, "user/mode": "user", "imu1/acl_x": 0.14604630126953125, "imu1/acl_y": -0.08858546142578125, "imu1/acl_z": 12.964601989746093, "imu1/gyr_x": -3.9618320610687023, "imu1/gyr_y": 2.4427480916030535, "imu1/gyr_z": -1.916030534351145, "imu2/acl_x": -0.2825157958984375, "imu2/acl_y": -0.02154781494140625, "imu2/acl_z": 9.586383447265625, "imu2/gyr_x": 3.885496183206107, "imu2/gyr_y": -1.1755725190839694, "imu2/gyr_z": -0.9541984732824428, "milliseconds": 21615}