{"cam/image_array": "123_cam-image_array_.jpg", "user/angle": -0.22857142857142862, "user/throttle": 0.2571428571428571, "user/mode": "user", "imu1/acl_x": 0.29448680419921874, "imu1/acl_y": -0.10295067138671875, "imu1/acl_z": 12.837709301757812, "imu1/gyr_x": -1.984732824427481, "imu1/gyr_y": 2.312977099236641, "imu1/gyr_z": -1.900763358778626, "imu2/acl_x": -0.04548983154296875, "imu2/acl_y": -0.13168109130859373, "imu2/acl_z": 9.53131680908203, "imu2/gyr_x": 3.9389312977099236, "imu2/gyr_y": -1.3129770992366412, "imu2/gyr_z": -1.1450381679389312, "milliseconds": 14150}