{"cam/image_array": "38_cam-image_array_.jpg", "user/angle": 0.0, "user/throttle": -0.7875779839875477, "user/mode": "user", "imu1/acl_x": 0.143652099609375, "imu1/acl_y": -0.1388636962890625, "imu1/acl_z": 12.785036865234375, "imu1/gyr_x": -3.9618320610687023, "imu1/gyr_y": 2.381679389312977, "imu1/gyr_z": -1.984732824427481, "imu2/acl_x": -0.02154781494140625, "imu2/acl_y": 0.0, "imu2/acl_z": 9.70369932861328, "imu2/gyr_x": 3.7709923664122136, "imu2/gyr_y": -1.381679389312977, "imu2/gyr_z": -1.1984732824427482, "milliseconds": 9789}