{"cam/image_array": "170_cam-image_array_.jpg", "user/angle": 0.0, "user/throttle": 0.0, "user/mode": "user", "imu1/acl_x": 0.296881005859375, "imu1/acl_y": -0.09816226806640624, "imu1/acl_z": 12.734758630371093, "imu1/gyr_x": -4.0, "imu1/gyr_y": 2.3893129770992365, "imu1/gyr_z": -3.8931297709923665, "imu2/acl_x": -0.13646949462890623, "imu2/acl_y": 0.05746083984375, "imu2/acl_z": 9.533711010742186, "imu2/gyr_x": 3.7709923664122136, "imu2/gyr_y": -1.3587786259541985, "imu2/gyr_z": -0.8778625954198473, "milliseconds": 17660}