{"cam/image_array": "247_cam-image_array_.jpg", "user/angle": 0.0, "user/throttle": -0.07784385585427553, "user/mode": "user", "imu1/acl_x": 0.13646949462890623, "imu1/acl_y": -0.11252747802734374, "imu1/acl_z": 12.923900561523437, "imu1/gyr_x": -3.931297709923664, "imu1/gyr_y": 2.2900763358778624, "imu1/gyr_z": -1.7557251908396947, "imu2/acl_x": -0.1388636962890625, "imu2/acl_y": -0.023942016601562498, "imu2/acl_z": 9.672574707031249, "imu2/gyr_x": 3.786259541984733, "imu2/gyr_y": -1.2366412213740459, "imu2/gyr_z": -0.9694656488549618, "milliseconds": 24407}