{"cam/image_array": "156_cam-image_array_.jpg", "user/angle": -1.0, "user/throttle": 1.0, "user/mode": "user", "imu1/acl_x": 0.12210428466796874, "imu1/acl_y": -0.07900865478515624, "imu1/acl_z": 12.873622326660156, "imu1/gyr_x": -3.877862595419847, "imu1/gyr_y": 2.4732824427480917, "imu1/gyr_z": -1.8854961832061068, "imu2/acl_x": -0.21308394775390624, "imu2/acl_y": 0.055066638183593745, "imu2/acl_z": 9.674968908691406, "imu2/gyr_x": 3.8244274809160306, "imu2/gyr_y": -1.1526717557251909, "imu2/gyr_z": -1.0763358778625953, "milliseconds": 15854}