{"cam/image_array": "178_cam-image_array_.jpg", "user/angle": 0.0, "user/throttle": -1.0, "user/mode": "user", "imu1/acl_x": 0.1484405029296875, "imu1/acl_y": -0.076614453125, "imu1/acl_z": 12.734758630371093, "imu1/gyr_x": -5.862595419847328, "imu1/gyr_y": 2.366412213740458, "imu1/gyr_z": -3.9083969465648853, "imu2/acl_x": -0.08858546142578125, "imu2/acl_y": 0.143652099609375, "imu2/acl_z": 9.662997900390625, "imu2/gyr_x": 3.7480916030534353, "imu2/gyr_y": -1.3587786259541985, "imu2/gyr_z": -1.1221374045801527, "milliseconds": 18072}