{"cam/image_array": "59_cam-image_array_.jpg", "user/angle": 0.0, "user/throttle": -1.0, "user/mode": "user", "imu1/acl_x": 0.00718260498046875, "imu1/acl_y": -0.10295067138671875, "imu1/acl_z": 12.964601989746093, "imu1/gyr_x": -1.9618320610687023, "imu1/gyr_y": 2.33587786259542, "imu1/gyr_z": -1.9083969465648856, "imu2/acl_x": -0.11013327636718749, "imu2/acl_y": -0.12210428466796874, "imu2/acl_z": 9.591171850585937, "imu2/gyr_x": 3.7404580152671754, "imu2/gyr_y": -1.2748091603053435, "imu2/gyr_z": -1.0, "milliseconds": 10860}