{"cam/image_array": "117_cam-image_array_.jpg", "user/angle": 1.0, "user/throttle": 0.034961615736102764, "user/mode": "user", "imu1/acl_x": 0.29448680419921874, "imu1/acl_y": -0.06703764648437499, "imu1/acl_z": 12.880804931640624, "imu1/gyr_x": -3.9770992366412212, "imu1/gyr_y": 2.6030534351145036, "imu1/gyr_z": -1.8091603053435115, "imu2/acl_x": -0.00239420166015625, "imu2/acl_y": 0.0, "imu2/acl_z": 9.600748657226562, "imu2/gyr_x": 3.854961832061069, "imu2/gyr_y": -1.4732824427480915, "imu2/gyr_z": -0.9847328244274809, "milliseconds": 13841}