{"cam/image_array": "91_cam-image_array_.jpg", "user/angle": -0.9134579955998362, "user/throttle": 1.0, "user/mode": "user", "imu1/acl_x": 0.11731588134765625, "imu1/acl_y": -0.08140285644531249, "imu1/acl_z": 12.8329208984375, "imu1/gyr_x": -3.8473282442748094, "imu1/gyr_y": 2.480916030534351, "imu1/gyr_z": -1.8396946564885497, "imu2/acl_x": -0.13646949462890623, "imu2/acl_y": -0.05746083984375, "imu2/acl_z": 9.593566052246093, "imu2/gyr_x": 3.8091603053435112, "imu2/gyr_y": -1.381679389312977, "imu2/gyr_z": -1.1603053435114503, "milliseconds": 12534}