{"cam/image_array": "249_cam-image_array_.jpg", "user/angle": -1.0, "user/throttle": 0.16022040561004616, "user/mode": "user", "imu1/acl_x": 0.12689268798828124, "imu1/acl_y": -0.0718260498046875, "imu1/acl_z": 12.808978881835937, "imu1/gyr_x": -3.8396946564885495, "imu1/gyr_y": 2.4198473282442747, "imu1/gyr_z": -1.8473282442748091, "imu2/acl_x": -0.13407529296874998, "imu2/acl_y": 0.055066638183593745, "imu2/acl_z": 9.528922607421874, "imu2/gyr_x": 3.900763358778626, "imu2/gyr_y": -1.3587786259541985, "imu2/gyr_z": -1.0610687022900764, "milliseconds": 24507}