{"cam/image_array": "201_cam-image_array_.jpg", "user/angle": 0.0, "user/throttle": -1.0, "user/mode": "user", "imu1/acl_x": 0.076614453125, "imu1/acl_y": -0.06943184814453125, "imu1/acl_z": 12.885593334960937, "imu1/gyr_x": -4.122137404580153, "imu1/gyr_y": 2.3435114503816794, "imu1/gyr_z": -1.8396946564885497, "imu2/acl_x": -0.13168109130859373, "imu2/acl_y": -0.02633621826171875, "imu2/acl_z": 9.689334118652344, "imu2/gyr_x": 5.847328244274809, "imu2/gyr_y": -1.2748091603053435, "imu2/gyr_z": -1.0687022900763359, "milliseconds": 20347}