{"cam/image_array": "264_cam-image_array_.jpg", "user/angle": -1.0, "user/throttle": 0.7539923712991294, "user/mode": "user", "imu1/acl_x": 0.08140285644531249, "imu1/acl_y": -0.27293898925781246, "imu1/acl_z": 12.959813586425781, "imu1/gyr_x": -3.877862595419847, "imu1/gyr_y": 2.2748091603053435, "imu1/gyr_z": -1.6793893129770991, "imu2/acl_x": -0.1197100830078125, "imu2/acl_y": 0.016759411621093748, "imu2/acl_z": 9.710881933593749, "imu2/gyr_x": 3.854961832061069, "imu2/gyr_y": -1.3435114503816794, "imu2/gyr_z": -1.1526717557251909, "milliseconds": 25282}