{"cam/image_array": "12_cam-image_array_.jpg", "user/angle": 0.0, "user/throttle": -0.8857142857142855, "user/mode": "user", "imu1/acl_x": 0.29927520751953124, "imu1/acl_y": -0.0718260498046875, "imu1/acl_z": 12.885593334960937, "imu1/gyr_x": -3.954198473282443, "imu1/gyr_y": 2.282442748091603, "imu1/gyr_z": -1.9770992366412214, "imu2/acl_x": -0.30406361083984373, "imu2/acl_y": -0.07900865478515624, "imu2/acl_z": 9.557653027343749, "imu2/gyr_x": 3.8244274809160306, "imu2/gyr_y": -1.1526717557251909, "imu2/gyr_z": -1.015267175572519, "milliseconds": 8453}