{"cam/image_array": "128_cam-image_array_.jpg", "user/angle": 0.0, "user/throttle": -0.13139708280690832, "user/mode": "user", "imu1/acl_x": 0.1005564697265625, "imu1/acl_y": -0.0718260498046875, "imu1/acl_z": 12.899958544921875, "imu1/gyr_x": -3.969465648854962, "imu1/gyr_y": 2.2748091603053435, "imu1/gyr_z": -2.0381679389312977, "imu2/acl_x": -0.11013327636718749, "imu2/acl_y": 0.13407529296874998, "imu2/acl_z": 9.526528405761718, "imu2/gyr_x": 3.7938931297709924, "imu2/gyr_y": -1.3282442748091603, "imu2/gyr_z": -1.1068702290076335, "milliseconds": 14410}