{"cam/image_array": "177_cam-image_array_.jpg", "user/angle": 0.0, "user/throttle": -1.0, "user/mode": "user", "imu1/acl_x": 0.143652099609375, "imu1/acl_y": -0.0718260498046875, "imu1/acl_z": 12.983755603027342, "imu1/gyr_x": -3.8702290076335877, "imu1/gyr_y": 2.5877862595419847, "imu1/gyr_z": -1.7404580152671756, "imu2/acl_x": -0.1005564697265625, "imu2/acl_y": 0.011971008300781249, "imu2/acl_z": 9.64623848876953, "imu2/gyr_x": 3.8473282442748094, "imu2/gyr_y": -1.4885496183206106, "imu2/gyr_z": -1.015267175572519, "milliseconds": 18035}