{"cam/image_array": "85_cam-image_array_.jpg", "user/angle": 1.0, "user/throttle": 0.19999999999999976, "user/mode": "user", "imu1/acl_x": 0.1484405029296875, "imu1/acl_y": -0.062249243164062495, "imu1/acl_z": 12.861651318359375, "imu1/gyr_x": -3.9160305343511452, "imu1/gyr_y": 2.282442748091603, "imu1/gyr_z": -1.9541984732824427, "imu2/acl_x": -0.10773907470703124, "imu2/acl_y": 0.076614453125, "imu2/acl_z": 9.507374792480467, "imu2/gyr_x": 3.8473282442748094, "imu2/gyr_y": -1.2213740458015268, "imu2/gyr_z": -0.9389312977099237, "milliseconds": 12212}