{"cam/image_array": "159_cam-image_array_.jpg", "user/angle": -1.0, "user/throttle": 1.0, "user/mode": "user", "imu1/acl_x": 0.2442085693359375, "imu1/acl_y": -0.12449848632812499, "imu1/acl_z": 13.019668627929686, "imu1/gyr_x": -3.83206106870229, "imu1/gyr_y": 2.427480916030534, "imu1/gyr_z": -3.786259541984733, "imu2/acl_x": -0.1197100830078125, "imu2/acl_y": 0.1484405029296875, "imu2/acl_z": 9.629479077148437, "imu2/gyr_x": 3.8396946564885495, "imu2/gyr_y": -1.297709923664122, "imu2/gyr_z": -0.9083969465648855, "milliseconds": 16009}