{"cam/image_array": "107_cam-image_array_.jpg", "user/angle": 0.0, "user/throttle": 0.0, "user/mode": "user", "imu1/acl_x": 0.00718260498046875, "imu1/acl_y": -0.033518823242187495, "imu1/acl_z": 13.01727442626953, "imu1/gyr_x": -3.8702290076335877, "imu1/gyr_y": 2.351145038167939, "imu1/gyr_z": -2.099236641221374, "imu2/acl_x": -0.15562310791015624, "imu2/acl_y": 0.0430956298828125, "imu2/acl_z": 9.502586389160156, "imu2/gyr_x": 3.931297709923664, "imu2/gyr_y": -1.4045801526717556, "imu2/gyr_z": -0.9236641221374046, "milliseconds": 13327}