{"cam/image_array": "281_cam-image_array_.jpg", "user/angle": -1.0, "user/throttle": 0.22839861949713677, "user/mode": "user", "imu1/acl_x": 0.2561795776367187, "imu1/acl_y": -0.06943184814453125, "imu1/acl_z": 12.883199133300781, "imu1/gyr_x": -3.877862595419847, "imu1/gyr_y": 2.3053435114503817, "imu1/gyr_z": -1.8625954198473282, "imu2/acl_x": -0.11252747802734374, "imu2/acl_y": -0.03591302490234375, "imu2/acl_z": 9.622296472167967, "imu2/gyr_x": 3.854961832061069, "imu2/gyr_y": -1.3511450381679388, "imu2/gyr_z": -1.0916030534351144, "milliseconds": 26139}