{"cam/image_array": "202_cam-image_array_.jpg", "user/angle": 0.0, "user/throttle": -1.0, "user/mode": "user", "imu1/acl_x": 0.13646949462890623, "imu1/acl_y": -0.10295067138671875, "imu1/acl_z": 12.907141149902342, "imu1/gyr_x": -3.969465648854962, "imu1/gyr_y": 2.33587786259542, "imu1/gyr_z": -0.04580152671755725, "imu2/acl_x": -0.1388636962890625, "imu2/acl_y": -0.00239420166015625, "imu2/acl_z": 9.785102185058593, "imu2/gyr_x": 3.9160305343511452, "imu2/gyr_y": -1.2366412213740459, "imu2/gyr_z": -1.015267175572519, "milliseconds": 20391}