{"cam/image_array": "90_cam-image_array_.jpg", "user/angle": -0.9134579955998362, "user/throttle": 1.0, "user/mode": "user", "imu1/acl_x": 0.06703764648437499, "imu1/acl_y": -0.09576806640624999, "imu1/acl_z": 12.935871569824219, "imu1/gyr_x": -1.9618320610687023, "imu1/gyr_y": 2.3893129770992365, "imu1/gyr_z": -1.8854961832061068, "imu2/acl_x": -0.040701428222656245, "imu2/acl_y": 0.02154781494140625, "imu2/acl_z": 9.617508068847656, "imu2/gyr_x": 3.969465648854962, "imu2/gyr_y": -1.3129770992366412, "imu2/gyr_z": -1.1221374045801527, "milliseconds": 12497}