{"cam/image_array": "110_cam-image_array_.jpg", "user/angle": 0.0, "user/throttle": -0.6325693609838142, "user/mode": "user", "imu1/acl_x": 0.181959326171875, "imu1/acl_y": -0.08858546142578125, "imu1/acl_z": 12.871228125, "imu1/gyr_x": -4.022900763358779, "imu1/gyr_y": 2.33587786259542, "imu1/gyr_z": -3.9083969465648853, "imu2/acl_x": -0.00239420166015625, "imu2/acl_y": -0.009576806640625, "imu2/acl_z": 9.677363110351562, "imu2/gyr_x": 3.9160305343511452, "imu2/gyr_y": -1.1984732824427482, "imu2/gyr_z": -0.9541984732824428, "milliseconds": 13494}