{"cam/image_array": "8_cam-image_array_.jpg", "user/angle": -0.8428571428571425, "user/throttle": 1.0, "user/mode": "user", "imu1/acl_x": 0.10773907470703124, "imu1/acl_y": -0.0143652099609375, "imu1/acl_z": 12.94065997314453, "imu1/gyr_x": -3.984732824427481, "imu1/gyr_y": 2.366412213740458, "imu1/gyr_z": -1.8549618320610688, "imu2/acl_x": -0.09576806640624999, "imu2/acl_y": -0.02154781494140625, "imu2/acl_z": 9.718064538574218, "imu2/gyr_x": 3.984732824427481, "imu2/gyr_y": -1.1984732824427482, "imu2/gyr_z": -1.0, "milliseconds": 8249}