{"cam/image_array": "321_cam-image_array_.jpg", "user/angle": 1.0, "user/throttle": 0.6453041010184686, "user/mode": "user", "imu1/acl_x": 0.11731588134765625, "imu1/acl_y": -0.07422025146484375, "imu1/acl_z": 12.921506359863281, "imu1/gyr_x": -3.954198473282443, "imu1/gyr_y": 2.435114503816794, "imu1/gyr_z": -2.1068702290076335, "imu2/acl_x": -0.1149216796875, "imu2/acl_y": 0.009576806640625, "imu2/acl_z": 9.76116016845703, "imu2/gyr_x": 3.7099236641221376, "imu2/gyr_y": -1.1297709923664123, "imu2/gyr_z": -0.9847328244274809, "milliseconds": 29089}