{"cam/image_array": "241_cam-image_array_.jpg", "user/angle": 0.0, "user/throttle": -0.15643266233984526, "user/mode": "user", "imu1/acl_x": 0.15562310791015624, "imu1/acl_y": -0.062249243164062495, "imu1/acl_z": 12.995726611328124, "imu1/gyr_x": -4.076335877862595, "imu1/gyr_y": 2.2442748091603053, "imu1/gyr_z": -1.8091603053435115, "imu2/acl_x": -0.1388636962890625, "imu2/acl_y": 0.1484405029296875, "imu2/acl_z": 9.706093530273437, "imu2/gyr_x": 3.786259541984733, "imu2/gyr_y": -1.2595419847328244, "imu2/gyr_z": -1.0534351145038168, "milliseconds": 24100}