{"cam/image_array": "102_cam-image_array_.jpg", "user/angle": 0.499584285939352, "user/throttle": 1.0, "user/mode": "user", "imu1/acl_x": 0.08858546142578125, "imu1/acl_y": -0.1292868896484375, "imu1/acl_z": 12.895170141601561, "imu1/gyr_x": -3.984732824427481, "imu1/gyr_y": 2.2061068702290076, "imu1/gyr_z": -3.8702290076335877, "imu2/acl_x": -0.1388636962890625, "imu2/acl_y": 0.028730419921875, "imu2/acl_z": 9.706093530273437, "imu2/gyr_x": 3.717557251908397, "imu2/gyr_y": -1.381679389312977, "imu2/gyr_z": -1.1068702290076335, "milliseconds": 13092}