{"cam/image_array": "195_cam-image_array_.jpg", "user/angle": 0.0, "user/throttle": -1.0, "user/mode": "user", "imu1/acl_x": 0.1867477294921875, "imu1/acl_y": -0.09816226806640624, "imu1/acl_z": 12.880804931640624, "imu1/gyr_x": -5.862595419847328, "imu1/gyr_y": 2.381679389312977, "imu1/gyr_z": -0.07633587786259542, "imu2/acl_x": -0.13407529296874998, "imu2/acl_y": 0.14125789794921875, "imu2/acl_z": 9.595960253906249, "imu2/gyr_x": 3.931297709923664, "imu2/gyr_y": -1.1908396946564885, "imu2/gyr_z": -1.0610687022900764, "milliseconds": 20024}