{"cam/image_array": "263_cam-image_array_.jpg", "user/angle": -1.0, "user/throttle": 0.7539923712991294, "user/mode": "user", "imu1/acl_x": 0.181959326171875, "imu1/acl_y": -0.08140285644531249, "imu1/acl_z": 12.931083166503905, "imu1/gyr_x": -3.900763358778626, "imu1/gyr_y": 2.4885496183206106, "imu1/gyr_z": -1.9236641221374047, "imu2/acl_x": -0.09576806640624999, "imu2/acl_y": 0.040701428222656245, "imu2/acl_z": 9.76116016845703, "imu2/gyr_x": 3.6717557251908395, "imu2/gyr_y": -1.3435114503816794, "imu2/gyr_z": -0.9847328244274809, "milliseconds": 25233}