{"cam/image_array": "277_cam-image_array_.jpg", "user/angle": -1.0, "user/throttle": 0.6119473475368662, "user/mode": "user", "imu1/acl_x": 0.13168109130859373, "imu1/acl_y": -0.07422025146484375, "imu1/acl_z": 12.892775939941405, "imu1/gyr_x": -1.9618320610687023, "imu1/gyr_y": 2.480916030534351, "imu1/gyr_z": -1.6641221374045803, "imu2/acl_x": -0.1149216796875, "imu2/acl_y": -0.028730419921875, "imu2/acl_z": 9.701305126953125, "imu2/gyr_x": 3.8473282442748094, "imu2/gyr_y": -1.2290076335877862, "imu2/gyr_z": -1.1450381679389312, "milliseconds": 25943}