{"cam/image_array": "204_cam-image_array_.jpg", "user/angle": 0.0, "user/throttle": -1.0, "user/mode": "user", "imu1/acl_x": 0.1197100830078125, "imu1/acl_y": -0.0909796630859375, "imu1/acl_z": 12.741941235351561, "imu1/gyr_x": -3.8091603053435112, "imu1/gyr_y": 2.4198473282442747, "imu1/gyr_z": -1.8854961832061068, "imu2/acl_x": -0.27293898925781246, "imu2/acl_y": -0.02633621826171875, "imu2/acl_z": 9.744400756835937, "imu2/gyr_x": 3.83206106870229, "imu2/gyr_y": -1.297709923664122, "imu2/gyr_z": -0.9923664122137404, "milliseconds": 20492}