{"cam/image_array": "323_cam-image_array_.jpg", "user/angle": 1.0, "user/throttle": 0.6453041010184686, "user/mode": "user", "imu1/acl_x": 0.13407529296874998, "imu1/acl_y": -0.0909796630859375, "imu1/acl_z": 12.823344091796875, "imu1/gyr_x": -3.7709923664122136, "imu1/gyr_y": 2.4122137404580153, "imu1/gyr_z": -0.04580152671755725, "imu2/acl_x": -0.105344873046875, "imu2/acl_y": 0.047884033203124995, "imu2/acl_z": 9.710881933593749, "imu2/gyr_x": 3.7709923664122136, "imu2/gyr_y": -1.2366412213740459, "imu2/gyr_z": -1.0458015267175573, "milliseconds": 29208}