{"cam/image_array": "310_cam-image_array_.jpg", "user/angle": 0.0, "user/throttle": 0.0, "user/mode": "user", "imu1/acl_x": 0.11252747802734374, "imu1/acl_y": -0.105344873046875, "imu1/acl_z": 12.943054174804686, "imu1/gyr_x": -3.7786259541984735, "imu1/gyr_y": 2.5419847328244276, "imu1/gyr_z": -1.8931297709923665, "imu2/acl_x": -0.1388636962890625, "imu2/acl_y": -0.02154781494140625, "imu2/acl_z": 9.713276135253906, "imu2/gyr_x": 3.8625954198473282, "imu2/gyr_y": -1.1374045801526718, "imu2/gyr_z": -1.0610687022900764, "milliseconds": 28500}