{"cam/image_array": "210_cam-image_array_.jpg", "user/angle": 2.4492935982947065e-17, "user/throttle": 0.39999999999999997, "user/mode": "user", "imu1/acl_x": 0.0383072265625, "imu1/acl_y": -0.07900865478515624, "imu1/acl_z": 12.739547033691405, "imu1/gyr_x": -3.83206106870229, "imu1/gyr_y": 2.4198473282442747, "imu1/gyr_z": -1.786259541984733, "imu2/acl_x": -0.011971008300781249, "imu2/acl_y": 0.13646949462890623, "imu2/acl_z": 9.72285294189453, "imu2/gyr_x": 3.8244274809160306, "imu2/gyr_y": -1.3511450381679388, "imu2/gyr_z": -1.0381679389312977, "milliseconds": 21721}