{"cam/image_array": "279_cam-image_array_.jpg", "user/angle": -1.0, "user/throttle": 0.3871230849554204, "user/mode": "user", "imu1/acl_x": 0.1388636962890625, "imu1/acl_y": -0.105344873046875, "imu1/acl_z": 12.990938208007812, "imu1/gyr_x": -1.9694656488549618, "imu1/gyr_y": 2.312977099236641, "imu1/gyr_z": -3.900763358778626, "imu2/acl_x": -0.11013327636718749, "imu2/acl_y": -0.055066638183593745, "imu2/acl_z": 9.660603698730467, "imu2/gyr_x": 3.8244274809160306, "imu2/gyr_y": -1.2748091603053435, "imu2/gyr_z": -0.9923664122137404, "milliseconds": 26037}