{"cam/image_array": "109_cam-image_array_.jpg", "user/angle": 0.0, "user/throttle": -1.0, "user/mode": "user", "imu1/acl_x": 0.13168109130859373, "imu1/acl_y": -0.09816226806640624, "imu1/acl_z": 12.914323754882812, "imu1/gyr_x": -4.038167938931298, "imu1/gyr_y": 2.351145038167939, "imu1/gyr_z": -1.6488549618320612, "imu2/acl_x": -0.047884033203124995, "imu2/acl_y": 0.0143652099609375, "imu2/acl_z": 9.627084875488281, "imu2/gyr_x": 3.83206106870229, "imu2/gyr_y": -1.0, "imu2/gyr_z": -1.0305343511450382, "milliseconds": 13435}