{"cam/image_array": "268_cam-image_array_.jpg", "user/angle": -1.0, "user/throttle": 0.7539923712991294, "user/mode": "user", "imu1/acl_x": 0.13407529296874998, "imu1/acl_y": -0.07900865478515624, "imu1/acl_z": 12.808978881835937, "imu1/gyr_x": -3.8091603053435112, "imu1/gyr_y": 2.4427480916030535, "imu1/gyr_z": -2.114503816793893, "imu2/acl_x": -0.11013327636718749, "imu2/acl_y": 0.028730419921875, "imu2/acl_z": 9.686939916992188, "imu2/gyr_x": 3.717557251908397, "imu2/gyr_y": -1.3206106870229009, "imu2/gyr_z": -1.083969465648855, "milliseconds": 25467}