{"cam/image_array": "308_cam-image_array_.jpg", "user/angle": -1.0, "user/throttle": 0.21951361432766553, "user/mode": "user", "imu1/acl_x": 0.14604630126953125, "imu1/acl_y": -0.055066638183593745, "imu1/acl_z": 12.837709301757812, "imu1/gyr_x": -3.946564885496183, "imu1/gyr_y": 2.3969465648854964, "imu1/gyr_z": -1.8778625954198473, "imu2/acl_x": -0.11013327636718749, "imu2/acl_y": -0.031124621582031248, "imu2/acl_z": 9.629479077148437, "imu2/gyr_x": 3.801526717557252, "imu2/gyr_y": -1.297709923664122, "imu2/gyr_z": -1.0534351145038168, "milliseconds": 27545}