{"cam/image_array": "182_cam-image_array_.jpg", "user/angle": 0.0, "user/throttle": -1.0, "user/mode": "user", "imu1/acl_x": 0.143652099609375, "imu1/acl_y": -0.07422025146484375, "imu1/acl_z": 12.830526696777342, "imu1/gyr_x": -3.9618320610687023, "imu1/gyr_y": 2.480916030534351, "imu1/gyr_z": -0.04580152671755725, "imu2/acl_x": -0.1388636962890625, "imu2/acl_y": -0.12210428466796874, "imu2/acl_z": 9.526528405761718, "imu2/gyr_x": 3.801526717557252, "imu2/gyr_y": -1.2290076335877862, "imu2/gyr_z": -0.916030534351145, "milliseconds": 18289}