{"cam/image_array": "125_cam-image_array_.jpg", "user/angle": 0.0, "user/throttle": 0.0, "user/mode": "user", "imu1/acl_x": 0.19153613281249998, "imu1/acl_y": -0.143652099609375, "imu1/acl_z": 12.876016528320312, "imu1/gyr_x": -3.931297709923664, "imu1/gyr_y": 2.2748091603053435, "imu1/gyr_z": -3.8931297709923665, "imu2/acl_x": -0.12449848632812499, "imu2/acl_y": -0.00239420166015625, "imu2/acl_z": 9.725247143554688, "imu2/gyr_x": 4.152671755725191, "imu2/gyr_y": -1.3053435114503817, "imu2/gyr_z": -0.9694656488549618, "milliseconds": 14251}