{"cam/image_array": "223_cam-image_array_.jpg", "user/angle": 0.04901018733611449, "user/throttle": 1.0, "user/mode": "user", "imu1/acl_x": 0.18914193115234373, "imu1/acl_y": -0.08140285644531249, "imu1/acl_z": 12.904746948242186, "imu1/gyr_x": -3.7938931297709924, "imu1/gyr_y": 2.4122137404580153, "imu1/gyr_z": -1.8549618320610688, "imu2/acl_x": -0.07900865478515624, "imu2/acl_y": 0.047884033203124995, "imu2/acl_z": 9.600748657226562, "imu2/gyr_x": 3.8396946564885495, "imu2/gyr_y": -1.1908396946564885, "imu2/gyr_z": -0.9618320610687023, "milliseconds": 22385}