{"cam/image_array": "84_cam-image_array_.jpg", "user/angle": 1.0, "user/throttle": 0.19999999999999976, "user/mode": "user", "imu1/acl_x": 0.0143652099609375, "imu1/acl_y": -0.00239420166015625, "imu1/acl_z": 12.856862915039061, "imu1/gyr_x": -2.0076335877862594, "imu1/gyr_y": 2.5419847328244276, "imu1/gyr_z": -1.6641221374045803, "imu2/acl_x": -0.09337386474609374, "imu2/acl_y": 0.00239420166015625, "imu2/acl_z": 9.610325463867188, "imu2/gyr_x": 3.8244274809160306, "imu2/gyr_y": -1.1297709923664123, "imu2/gyr_z": -0.8549618320610687, "milliseconds": 12161}