{"cam/image_array": "166_cam-image_array_.jpg", "user/angle": -1.0, "user/throttle": 1.0, "user/mode": "user", "imu1/acl_x": 0.13168109130859373, "imu1/acl_y": -0.076614453125, "imu1/acl_z": 12.859257116699219, "imu1/gyr_x": -3.931297709923664, "imu1/gyr_y": 2.450381679389313, "imu1/gyr_z": -1.8854961832061068, "imu2/acl_x": -0.15562310791015624, "imu2/acl_y": 0.028730419921875, "imu2/acl_z": 9.560047229003906, "imu2/gyr_x": 1.9541984732824427, "imu2/gyr_y": -1.3206106870229009, "imu2/gyr_z": -0.9770992366412213, "milliseconds": 16377}