{"cam/image_array": "155_cam-image_array_.jpg", "user/angle": -1.0, "user/throttle": 1.0, "user/mode": "user", "imu1/acl_x": 0.14604630126953125, "imu1/acl_y": -0.1197100830078125, "imu1/acl_z": 12.94065997314453, "imu1/gyr_x": -1.9923664122137406, "imu1/gyr_y": 2.3969465648854964, "imu1/gyr_z": -2.053435114503817, "imu2/acl_x": -0.15083470458984374, "imu2/acl_y": 0.040701428222656245, "imu2/acl_z": 9.658209497070311, "imu2/gyr_x": 3.7557251908396947, "imu2/gyr_y": -1.3053435114503817, "imu2/gyr_z": -1.1068702290076335, "milliseconds": 15802}