{"cam/image_array": "31_cam-image_array_.jpg", "user/angle": 0.0, "user/throttle": -1.0, "user/mode": "user", "imu1/acl_x": 0.16280571289062498, "imu1/acl_y": -0.031124621582031248, "imu1/acl_z": 12.873622326660156, "imu1/gyr_x": -3.854961832061069, "imu1/gyr_y": 2.198473282442748, "imu1/gyr_z": -1.8473282442748091, "imu2/acl_x": -0.1580173095703125, "imu2/acl_y": 0.02633621826171875, "imu2/acl_z": 9.631873278808593, "imu2/gyr_x": 3.8244274809160306, "imu2/gyr_y": -1.3053435114503817, "imu2/gyr_z": -0.8625954198473282, "milliseconds": 9413}