{"cam/image_array": "272_cam-image_array_.jpg", "user/angle": -1.0, "user/throttle": 0.7539923712991294, "user/mode": "user", "imu1/acl_x": 0.13407529296874998, "imu1/acl_y": -0.062249243164062495, "imu1/acl_z": 12.892775939941405, "imu1/gyr_x": -3.9618320610687023, "imu1/gyr_y": 2.3969465648854964, "imu1/gyr_z": -2.0381679389312977, "imu2/acl_x": -0.1292868896484375, "imu2/acl_y": 0.0, "imu2/acl_z": 9.60793126220703, "imu2/gyr_x": 2.0229007633587788, "imu2/gyr_y": -1.1908396946564885, "imu2/gyr_z": -0.9923664122137404, "milliseconds": 25698}