{"cam/image_array": "289_cam-image_array_.jpg", "user/angle": 0.0, "user/throttle": -0.1987553838152742, "user/mode": "user", "imu1/acl_x": 0.11252747802734374, "imu1/acl_y": -0.08140285644531249, "imu1/acl_z": 12.923900561523437, "imu1/gyr_x": -3.885496183206107, "imu1/gyr_y": 2.2290076335877864, "imu1/gyr_z": -3.8091603053435112, "imu2/acl_x": -0.1005564697265625, "imu2/acl_y": 0.031124621582031248, "imu2/acl_z": 9.737218151855469, "imu2/gyr_x": 3.7938931297709924, "imu2/gyr_y": -1.4732824427480915, "imu2/gyr_z": -1.16793893129771, "milliseconds": 26566}