{"cam/image_array": "55_cam-image_array_.jpg", "user/angle": 0.0, "user/throttle": -1.0, "user/mode": "user", "imu1/acl_x": 0.2657563842773437, "imu1/acl_y": -0.062249243164062495, "imu1/acl_z": 12.919112158203124, "imu1/gyr_x": -3.8244274809160306, "imu1/gyr_y": 2.435114503816794, "imu1/gyr_z": -2.030534351145038, "imu2/acl_x": -0.12210428466796874, "imu2/acl_y": -0.009576806640625, "imu2/acl_z": 9.524134204101562, "imu2/gyr_x": 3.7709923664122136, "imu2/gyr_y": -1.2900763358778626, "imu2/gyr_z": -0.8549618320610687, "milliseconds": 10648}