{"cam/image_array": "316_cam-image_array_.jpg", "user/angle": 1.0, "user/throttle": 0.6348544985217355, "user/mode": "user", "imu1/acl_x": 0.1580173095703125, "imu1/acl_y": -0.09576806640624999, "imu1/acl_z": 12.801796276855468, "imu1/gyr_x": -4.076335877862595, "imu1/gyr_y": 2.1908396946564888, "imu1/gyr_z": -0.12213740458015267, "imu2/acl_x": -0.13168109130859373, "imu2/acl_y": 0.00239420166015625, "imu2/acl_z": 9.557653027343749, "imu2/gyr_x": 3.7022900763358777, "imu2/gyr_y": -1.2061068702290076, "imu2/gyr_z": -1.099236641221374, "milliseconds": 28822}