{"cam/image_array": "186_cam-image_array_.jpg", "user/angle": 0.0, "user/throttle": -1.0, "user/mode": "user", "imu1/acl_x": 0.1149216796875, "imu1/acl_y": -0.06464344482421874, "imu1/acl_z": 12.90235274658203, "imu1/gyr_x": -3.931297709923664, "imu1/gyr_y": 2.366412213740458, "imu1/gyr_z": -1.9618320610687023, "imu2/acl_x": -0.086191259765625, "imu2/acl_y": -0.016759411621093748, "imu2/acl_z": 9.682151513671874, "imu2/gyr_x": 3.9083969465648853, "imu2/gyr_y": -1.3740458015267176, "imu2/gyr_z": -1.0458015267175573, "milliseconds": 18498}