{"cam/image_array": "238_cam-image_array_.jpg", "user/angle": 0.0, "user/throttle": -0.15643266233984526, "user/mode": "user", "imu1/acl_x": 0.11013327636718749, "imu1/acl_y": -0.08140285644531249, "imu1/acl_z": 12.866439721679686, "imu1/gyr_x": -4.091603053435114, "imu1/gyr_y": 2.366412213740458, "imu1/gyr_z": -2.099236641221374, "imu2/acl_x": -0.08379705810546874, "imu2/acl_y": 0.040701428222656245, "imu2/acl_z": 9.591171850585937, "imu2/gyr_x": 3.900763358778626, "imu2/gyr_y": -1.3435114503816794, "imu2/gyr_z": -0.9923664122137404, "milliseconds": 23946}