{"cam/image_array": "220_cam-image_array_.jpg", "user/angle": 0.04901018733611449, "user/throttle": 1.0, "user/mode": "user", "imu1/acl_x": 0.0526724365234375, "imu1/acl_y": -0.086191259765625, "imu1/acl_z": 12.849680310058593, "imu1/gyr_x": -2.015267175572519, "imu1/gyr_y": 2.312977099236641, "imu1/gyr_z": -1.6870229007633588, "imu2/acl_x": -0.12689268798828124, "imu2/acl_y": 0.14125789794921875, "imu2/acl_z": 9.641450085449218, "imu2/gyr_x": 3.877862595419847, "imu2/gyr_y": -1.2595419847328244, "imu2/gyr_z": -0.9465648854961832, "milliseconds": 22232}