{"cam/image_array": "114_cam-image_array_.jpg", "user/angle": 0.0, "user/throttle": -0.2714285714285703, "user/mode": "user", "imu1/acl_x": 0.2059013427734375, "imu1/acl_y": -0.12210428466796874, "imu1/acl_z": 12.90235274658203, "imu1/gyr_x": -3.9083969465648853, "imu1/gyr_y": 2.3587786259541983, "imu1/gyr_z": -1.9541984732824427, "imu2/acl_x": -0.08140285644531249, "imu2/acl_y": 0.0, "imu2/acl_z": 9.648632690429688, "imu2/gyr_x": 3.6793893129770994, "imu2/gyr_y": -1.251908396946565, "imu2/gyr_z": -0.9465648854961832, "milliseconds": 13700}