{"cam/image_array": "63_cam-image_array_.jpg", "user/angle": -0.014285714285714238, "user/throttle": 0.24285714285714285, "user/mode": "user", "imu1/acl_x": 0.09576806640624999, "imu1/acl_y": -0.09576806640624999, "imu1/acl_z": 12.94065997314453, "imu1/gyr_x": -3.9770992366412212, "imu1/gyr_y": 2.2595419847328246, "imu1/gyr_z": -2.0, "imu2/acl_x": -0.14604630126953125, "imu2/acl_y": -0.0143652099609375, "imu2/acl_z": 9.694122521972655, "imu2/gyr_x": 1.9770992366412214, "imu2/gyr_y": -1.0076335877862594, "imu2/gyr_z": -0.9694656488549618, "milliseconds": 11068}