{"cam/image_array": "37_cam-image_array_.jpg", "user/angle": 0.0, "user/throttle": -0.7875779839875477, "user/mode": "user", "imu1/acl_x": 0.15562310791015624, "imu1/acl_y": -0.12689268798828124, "imu1/acl_z": 12.945448376464842, "imu1/gyr_x": -1.9770992366412214, "imu1/gyr_y": 2.480916030534351, "imu1/gyr_z": -1.7328244274809161, "imu2/acl_x": -0.19393033447265623, "imu2/acl_y": -0.009576806640625, "imu2/acl_z": 9.634267480468749, "imu2/gyr_x": 3.9770992366412212, "imu2/gyr_y": -1.3435114503816794, "imu2/gyr_z": -0.9770992366412213, "milliseconds": 9730}