{"cam/image_array": "273_cam-image_array_.jpg", "user/angle": -1.0, "user/throttle": 0.7198536572942194, "user/mode": "user", "imu1/acl_x": 0.15083470458984374, "imu1/acl_y": -0.0718260498046875, "imu1/acl_z": 12.935871569824219, "imu1/gyr_x": -3.984732824427481, "imu1/gyr_y": 2.3206106870229006, "imu1/gyr_z": -2.0610687022900764, "imu2/acl_x": -0.08140285644531249, "imu2/acl_y": -0.011971008300781249, "imu2/acl_z": 9.641450085449218, "imu2/gyr_x": 5.824427480916031, "imu2/gyr_y": -1.083969465648855, "imu2/gyr_z": -0.8625954198473282, "milliseconds": 25750}