{"cam/image_array": "217_cam-image_array_.jpg", "user/angle": 0.04901018733611449, "user/throttle": 1.0, "user/mode": "user", "imu1/acl_x": 0.25139117431640623, "imu1/acl_y": -0.086191259765625, "imu1/acl_z": 12.837709301757812, "imu1/gyr_x": -1.9618320610687023, "imu1/gyr_y": 2.4580152671755724, "imu1/gyr_z": -1.8931297709923665, "imu2/acl_x": -0.1388636962890625, "imu2/acl_y": -0.011971008300781249, "imu2/acl_z": 9.68454571533203, "imu2/gyr_x": 3.9770992366412212, "imu2/gyr_y": -1.3129770992366412, "imu2/gyr_z": -1.0305343511450382, "milliseconds": 22094}