{"cam/image_array": "215_cam-image_array_.jpg", "user/angle": 0.04939746897963046, "user/throttle": 1.0, "user/mode": "user", "imu1/acl_x": 0.2825157958984375, "imu1/acl_y": -0.1149216796875, "imu1/acl_z": 12.746729638671875, "imu1/gyr_x": -1.9770992366412214, "imu1/gyr_y": 2.099236641221374, "imu1/gyr_z": -1.8931297709923665, "imu2/acl_x": -0.12449848632812499, "imu2/acl_y": 0.01915361328125, "imu2/acl_z": 9.598354455566406, "imu2/gyr_x": 3.8244274809160306, "imu2/gyr_y": -1.213740458015267, "imu2/gyr_z": -1.099236641221374, "milliseconds": 21982}