{"cam/image_array": "113_cam-image_array_.jpg", "user/angle": 0.0, "user/throttle": -0.23114846315478127, "user/mode": "user", "imu1/acl_x": 0.143652099609375, "imu1/acl_y": -0.08140285644531249, "imu1/acl_z": 12.90235274658203, "imu1/gyr_x": -3.9389312977099236, "imu1/gyr_y": 2.4122137404580153, "imu1/gyr_z": -1.916030534351145, "imu2/acl_x": -0.16759411621093748, "imu2/acl_y": 0.0143652099609375, "imu2/acl_z": 9.679757312011718, "imu2/gyr_x": 3.7709923664122136, "imu2/gyr_y": -1.0763358778625953, "imu2/gyr_z": -0.9770992366412213, "milliseconds": 13644}