{"cam/image_array": "176_cam-image_array_.jpg", "user/angle": 0.0, "user/throttle": -1.0, "user/mode": "user", "imu1/acl_x": 0.1292868896484375, "imu1/acl_y": -0.10295067138671875, "imu1/acl_z": 12.981361401367186, "imu1/gyr_x": -3.8473282442748094, "imu1/gyr_y": 2.4198473282442747, "imu1/gyr_z": -1.8015267175572518, "imu2/acl_x": -0.1484405029296875, "imu2/acl_y": 0.028730419921875, "imu2/acl_z": 9.68454571533203, "imu2/gyr_x": 3.8244274809160306, "imu2/gyr_y": -1.3511450381679388, "imu2/gyr_z": -1.0076335877862594, "milliseconds": 17977}