{"cam/image_array": "184_cam-image_array_.jpg", "user/angle": 0.0, "user/throttle": -1.0, "user/mode": "user", "imu1/acl_x": 0.13407529296874998, "imu1/acl_y": -0.06943184814453125, "imu1/acl_z": 13.010091821289063, "imu1/gyr_x": -1.984732824427481, "imu1/gyr_y": 2.3893129770992365, "imu1/gyr_z": -2.015267175572519, "imu2/acl_x": -0.16759411621093748, "imu2/acl_y": -0.12689268798828124, "imu2/acl_z": 9.696516723632811, "imu2/gyr_x": 3.854961832061069, "imu2/gyr_y": -1.3587786259541985, "imu2/gyr_z": -1.0305343511450382, "milliseconds": 18392}