{"cam/image_array": "219_cam-image_array_.jpg", "user/angle": 0.04901018733611449, "user/throttle": 1.0, "user/mode": "user", "imu1/acl_x": 0.143652099609375, "imu1/acl_y": -0.12689268798828124, "imu1/acl_z": 12.830526696777342, "imu1/gyr_x": -3.8931297709923665, "imu1/gyr_y": 2.4732824427480917, "imu1/gyr_z": -1.8244274809160306, "imu2/acl_x": -0.11252747802734374, "imu2/acl_y": 0.04548983154296875, "imu2/acl_z": 9.708487731933593, "imu2/gyr_x": 3.8396946564885495, "imu2/gyr_y": -1.1297709923664123, "imu2/gyr_z": -1.0076335877862594, "milliseconds": 22197}