{"cam/image_array": "99_cam-image_array_.jpg", "user/angle": 0.0, "user/throttle": -1.0, "user/mode": "user", "imu1/acl_x": 0.1388636962890625, "imu1/acl_y": -0.12210428466796874, "imu1/acl_z": 12.86404552001953, "imu1/gyr_x": -3.816793893129771, "imu1/gyr_y": 2.2748091603053435, "imu1/gyr_z": -1.7938931297709924, "imu2/acl_x": -0.0047884033203125, "imu2/acl_y": -0.1388636962890625, "imu2/acl_z": 9.6917283203125, "imu2/gyr_x": 3.9236641221374047, "imu2/gyr_y": -1.1908396946564885, "imu2/gyr_z": -1.083969465648855, "milliseconds": 12937}