{"cam/image_array": "232_cam-image_array_.jpg", "user/angle": 0.0, "user/throttle": -0.15543639770877224, "user/mode": "user", "imu1/acl_x": 0.08858546142578125, "imu1/acl_y": -0.0047884033203125, "imu1/acl_z": 13.09388887939453, "imu1/gyr_x": -4.061068702290076, "imu1/gyr_y": 2.3893129770992365, "imu1/gyr_z": -0.015267175572519083, "imu2/acl_x": -0.16998831787109375, "imu2/acl_y": -0.00718260498046875, "imu2/acl_z": 9.595960253906249, "imu2/gyr_x": 3.763358778625954, "imu2/gyr_y": -1.1221374045801527, "imu2/gyr_z": -0.9694656488549618, "milliseconds": 23637}