{"cam/image_array": "318_cam-image_array_.jpg", "user/angle": 1.0, "user/throttle": 0.6366874331583117, "user/mode": "user", "imu1/acl_x": 0.16280571289062498, "imu1/acl_y": -0.08379705810546874, "imu1/acl_z": 12.9095353515625, "imu1/gyr_x": -4.0534351145038165, "imu1/gyr_y": 2.3587786259541983, "imu1/gyr_z": -1.9083969465648856, "imu2/acl_x": -0.14125789794921875, "imu2/acl_y": 0.02154781494140625, "imu2/acl_z": 9.686939916992188, "imu2/gyr_x": 3.763358778625954, "imu2/gyr_y": -1.251908396946565, "imu2/gyr_z": -0.9236641221374046, "milliseconds": 28912}