{"cam/image_array": "60_cam-image_array_.jpg", "user/angle": 0.0, "user/throttle": -1.0, "user/mode": "user", "imu1/acl_x": 0.28012159423828126, "imu1/acl_y": -0.1005564697265625, "imu1/acl_z": 12.962207788085937, "imu1/gyr_x": -4.00763358778626, "imu1/gyr_y": 2.4198473282442747, "imu1/gyr_z": -1.8015267175572518, "imu2/acl_x": -0.1149216796875, "imu2/acl_y": 0.033518823242187495, "imu2/acl_z": 9.588777648925781, "imu2/gyr_x": 3.7404580152671754, "imu2/gyr_y": -1.381679389312977, "imu2/gyr_z": -0.9618320610687023, "milliseconds": 10915}