{"cam/image_array": "183_cam-image_array_.jpg", "user/angle": 0.0, "user/throttle": -1.0, "user/mode": "user", "imu1/acl_x": 0.16519991455078123, "imu1/acl_y": -0.086191259765625, "imu1/acl_z": 13.005303417968749, "imu1/gyr_x": -3.801526717557252, "imu1/gyr_y": 2.5419847328244276, "imu1/gyr_z": -1.7633587786259541, "imu2/acl_x": -0.105344873046875, "imu2/acl_y": -0.13407529296874998, "imu2/acl_z": 9.770736975097655, "imu2/gyr_x": 3.9923664122137406, "imu2/gyr_y": -1.213740458015267, "imu2/gyr_z": -1.0229007633587786, "milliseconds": 18344}