{"cam/image_array": "253_cam-image_array_.jpg", "user/angle": -1.0, "user/throttle": 0.28857789250148774, "user/mode": "user", "imu1/acl_x": 0.08379705810546874, "imu1/acl_y": -0.1149216796875, "imu1/acl_z": 12.89038173828125, "imu1/gyr_x": -5.816793893129771, "imu1/gyr_y": 2.3969465648854964, "imu1/gyr_z": -3.900763358778626, "imu2/acl_x": -0.11013327636718749, "imu2/acl_y": 0.009576806640625, "imu2/acl_z": 9.622296472167967, "imu2/gyr_x": 3.83206106870229, "imu2/gyr_y": -1.2290076335877862, "imu2/gyr_z": -0.9465648854961832, "milliseconds": 24712}