{"cam/image_array": "319_cam-image_array_.jpg", "user/angle": 1.0, "user/throttle": 0.6366874331583117, "user/mode": "user", "imu1/acl_x": 0.16759411621093748, "imu1/acl_y": -0.047884033203124995, "imu1/acl_z": 12.923900561523437, "imu1/gyr_x": -3.8396946564885495, "imu1/gyr_y": 2.450381679389313, "imu1/gyr_z": -1.9236641221374047, "imu2/acl_x": -0.1149216796875, "imu2/acl_y": -0.0047884033203125, "imu2/acl_z": 9.727641345214844, "imu2/gyr_x": 3.8091603053435112, "imu2/gyr_y": -1.2595419847328244, "imu2/gyr_z": -0.9541984732824428, "milliseconds": 28972}