{"cam/image_array": "227_cam-image_array_.jpg", "user/angle": 0.0, "user/throttle": 0.0, "user/mode": "user", "imu1/acl_x": 0.277727392578125, "imu1/acl_y": -0.07900865478515624, "imu1/acl_z": 12.94065997314453, "imu1/gyr_x": -3.954198473282443, "imu1/gyr_y": 2.4198473282442747, "imu1/gyr_z": -1.9236641221374047, "imu2/acl_x": -0.08379705810546874, "imu2/acl_y": 0.14125789794921875, "imu2/acl_z": 9.706093530273437, "imu2/gyr_x": 3.763358778625954, "imu2/gyr_y": -1.1984732824427482, "imu2/gyr_z": -1.0534351145038168, "milliseconds": 23393}