{"cam/image_array": "50_cam-image_array_.jpg", "user/angle": 0.0, "user/throttle": 0.0, "user/mode": "user", "imu1/acl_x": 0.086191259765625, "imu1/acl_y": -0.1005564697265625, "imu1/acl_z": 12.80658468017578, "imu1/gyr_x": -5.847328244274809, "imu1/gyr_y": 2.3969465648854964, "imu1/gyr_z": -1.8244274809160306, "imu2/acl_x": -0.15083470458984374, "imu2/acl_y": 0.0430956298828125, "imu2/acl_z": 9.773131176757811, "imu2/gyr_x": 3.8244274809160306, "imu2/gyr_y": -1.1526717557251909, "imu2/gyr_z": -1.0, "milliseconds": 10394}