{"cam/image_array": "23_cam-image_array_.jpg", "user/angle": 0.7571428571428573, "user/throttle": 0.5285714285714281, "user/mode": "user", "imu1/acl_x": 0.12210428466796874, "imu1/acl_y": -0.062249243164062495, "imu1/acl_z": 12.859257116699219, "imu1/gyr_x": -3.984732824427481, "imu1/gyr_y": 2.404580152671756, "imu1/gyr_z": -2.0381679389312977, "imu2/acl_x": -0.1388636962890625, "imu2/acl_y": -0.143652099609375, "imu2/acl_z": 9.634267480468749, "imu2/gyr_x": 3.8931297709923665, "imu2/gyr_y": -1.2290076335877862, "imu2/gyr_z": -1.0381679389312977, "milliseconds": 8995}