{"cam/image_array": "34_cam-image_array_.jpg", "user/angle": 0.0, "user/throttle": -1.0, "user/mode": "user", "imu1/acl_x": 0.1149216796875, "imu1/acl_y": -0.031124621582031248, "imu1/acl_z": 12.89038173828125, "imu1/gyr_x": -4.061068702290076, "imu1/gyr_y": 2.366412213740458, "imu1/gyr_z": -2.2213740458015265, "imu2/acl_x": -0.11013327636718749, "imu2/acl_y": 0.028730419921875, "imu2/acl_z": 9.595960253906249, "imu2/gyr_x": 1.9541984732824427, "imu2/gyr_y": -1.3282442748091603, "imu2/gyr_z": -1.099236641221374, "milliseconds": 9580}