{"cam/image_array": "105_cam-image_array_.jpg", "user/angle": 0.5142857142857143, "user/throttle": 0.12857142857142861, "user/mode": "user", "imu1/acl_x": 0.06464344482421874, "imu1/acl_y": -0.028730419921875, "imu1/acl_z": 12.895170141601561, "imu1/gyr_x": -1.9618320610687023, "imu1/gyr_y": 2.2213740458015265, "imu1/gyr_z": -1.9618320610687023, "imu2/acl_x": -0.1388636962890625, "imu2/acl_y": 0.016759411621093748, "imu2/acl_z": 9.64623848876953, "imu2/gyr_x": 3.786259541984733, "imu2/gyr_y": -1.4198473282442747, "imu2/gyr_z": -1.1221374045801527, "milliseconds": 13241}