{"cam/image_array": "98_cam-image_array_.jpg", "user/angle": 0.0, "user/throttle": -1.0, "user/mode": "user", "imu1/acl_x": 0.1292868896484375, "imu1/acl_y": -0.10773907470703124, "imu1/acl_z": 12.904746948242186, "imu1/gyr_x": -1.9694656488549618, "imu1/gyr_y": 2.381679389312977, "imu1/gyr_z": -1.916030534351145, "imu2/acl_x": -0.26336218261718747, "imu2/acl_y": 0.033518823242187495, "imu2/acl_z": 9.629479077148437, "imu2/gyr_x": 3.8396946564885495, "imu2/gyr_y": -1.2671755725190839, "imu2/gyr_z": -1.0916030534351144, "milliseconds": 12877}