{"cam/image_array": "283_cam-image_array_.jpg", "user/angle": -1.0, "user/throttle": 0.0685717519945135, "user/mode": "user", "imu1/acl_x": 0.18914193115234373, "imu1/acl_y": -0.04548983154296875, "imu1/acl_z": 12.859257116699219, "imu1/gyr_x": -3.969465648854962, "imu1/gyr_y": 2.450381679389313, "imu1/gyr_z": -1.9694656488549618, "imu2/acl_x": -0.14604630126953125, "imu2/acl_y": 0.11013327636718749, "imu2/acl_z": 9.785102185058593, "imu2/gyr_x": 3.717557251908397, "imu2/gyr_y": -1.2748091603053435, "imu2/gyr_z": -0.9618320610687023, "milliseconds": 26242}