{"cam/image_array": "276_cam-image_array_.jpg", "user/angle": -1.0, "user/throttle": 0.6719974195348632, "user/mode": "user", "imu1/acl_x": 0.2609679809570312, "imu1/acl_y": -0.06464344482421874, "imu1/acl_z": 12.847286108398437, "imu1/gyr_x": -3.9160305343511452, "imu1/gyr_y": 2.3206106870229006, "imu1/gyr_z": -1.9694656488549618, "imu2/acl_x": -0.1484405029296875, "imu2/acl_y": 0.028730419921875, "imu2/acl_z": 9.78031378173828, "imu2/gyr_x": 3.7251908396946565, "imu2/gyr_y": -1.2595419847328244, "imu2/gyr_z": -0.9541984732824428, "milliseconds": 25890}