{"cam/image_array": "144_cam-image_array_.jpg", "user/angle": 0.0, "user/throttle": -0.024751262099031678, "user/mode": "user", "imu1/acl_x": 0.12689268798828124, "imu1/acl_y": -0.076614453125, "imu1/acl_z": 12.885593334960937, "imu1/gyr_x": -3.9236641221374047, "imu1/gyr_y": 2.267175572519084, "imu1/gyr_z": -1.9923664122137406, "imu2/acl_x": -0.15322890625, "imu2/acl_y": 0.07422025146484375, "imu2/acl_z": 9.706093530273437, "imu2/gyr_x": 3.8625954198473282, "imu2/gyr_y": -1.3129770992366412, "imu2/gyr_z": -1.0916030534351144, "milliseconds": 15242}