{"cam/image_array": "78_cam-image_array_.jpg", "user/angle": 0.0, "user/throttle": -0.057142857142857405, "user/mode": "user", "imu1/acl_x": 0.033518823242187495, "imu1/acl_y": -0.05027823486328125, "imu1/acl_z": 12.947842578125, "imu1/gyr_x": -1.984732824427481, "imu1/gyr_y": 2.404580152671756, "imu1/gyr_z": -0.022900763358778626, "imu2/acl_x": -0.13168109130859373, "imu2/acl_y": -0.0047884033203125, "imu2/acl_z": 9.667786303710937, "imu2/gyr_x": 3.900763358778626, "imu2/gyr_y": -1.1068702290076335, "imu2/gyr_z": -1.0381679389312977, "milliseconds": 11843}