{"cam/image_array": "307_cam-image_array_.jpg", "user/angle": -1.0, "user/throttle": 0.21951361432766553, "user/mode": "user", "imu1/acl_x": 0.14125789794921875, "imu1/acl_y": -0.06464344482421874, "imu1/acl_z": 12.90235274658203, "imu1/gyr_x": -4.022900763358779, "imu1/gyr_y": 2.366412213740458, "imu1/gyr_z": -1.83206106870229, "imu2/acl_x": -0.1292868896484375, "imu2/acl_y": 0.0718260498046875, "imu2/acl_z": 9.674968908691406, "imu2/gyr_x": 3.6793893129770994, "imu2/gyr_y": -1.1755725190839694, "imu2/gyr_z": -0.8778625954198473, "milliseconds": 27485}