{"cam/image_array": "6_cam-image_array_.jpg", "user/angle": -1.0, "user/throttle": 0.20000000000000048, "user/mode": "user", "imu1/acl_x": 0.11013327636718749, "imu1/acl_y": -0.08140285644531249, "imu1/acl_z": 12.916717956542968, "imu1/gyr_x": -3.83206106870229, "imu1/gyr_y": 2.549618320610687, "imu1/gyr_z": -1.9618320610687023, "imu2/acl_x": -0.00239420166015625, "imu2/acl_y": 0.0430956298828125, "imu2/acl_z": 9.758765966796874, "imu2/gyr_x": 3.83206106870229, "imu2/gyr_y": -1.3053435114503817, "imu2/gyr_z": -1.0610687022900764, "milliseconds": 8144}