{"cam/image_array": "258_cam-image_array_.jpg", "user/angle": -1.0, "user/throttle": 0.7613515235509158, "user/mode": "user", "imu1/acl_x": 0.09576806640624999, "imu1/acl_y": -0.09576806640624999, "imu1/acl_z": 12.90235274658203, "imu1/gyr_x": -3.969465648854962, "imu1/gyr_y": 2.4732824427480917, "imu1/gyr_z": -1.7557251908396947, "imu2/acl_x": -0.24181436767578124, "imu2/acl_y": 0.04548983154296875, "imu2/acl_z": 9.765948571777344, "imu2/gyr_x": 3.786259541984733, "imu2/gyr_y": -1.3435114503816794, "imu2/gyr_z": -1.1221374045801527, "milliseconds": 24966}