{"cam/image_array": "28_cam-image_array_.jpg", "user/angle": 0.0, "user/throttle": -1.0, "user/mode": "user", "imu1/acl_x": 0.1771709228515625, "imu1/acl_y": -0.1292868896484375, "imu1/acl_z": 12.866439721679686, "imu1/gyr_x": -3.9923664122137406, "imu1/gyr_y": 2.2442748091603053, "imu1/gyr_z": -1.984732824427481, "imu2/acl_x": -0.10295067138671875, "imu2/acl_y": 0.11013327636718749, "imu2/acl_z": 9.674968908691406, "imu2/gyr_x": 3.7404580152671754, "imu2/gyr_y": -1.213740458015267, "imu2/gyr_z": -1.0305343511450382, "milliseconds": 9248}