{"cam/image_array": "301_cam-image_array_.jpg", "user/angle": -1.0, "user/throttle": 0.20447974617626755, "user/mode": "user", "imu1/acl_x": 0.12449848632812499, "imu1/acl_y": -0.12689268798828124, "imu1/acl_z": 13.01727442626953, "imu1/gyr_x": -4.0534351145038165, "imu1/gyr_y": 2.3206106870229006, "imu1/gyr_z": -1.900763358778626, "imu2/acl_x": -0.07422025146484375, "imu2/acl_y": -0.03591302490234375, "imu2/acl_z": 9.782707983398437, "imu2/gyr_x": 5.801526717557252, "imu2/gyr_y": -1.1068702290076335, "imu2/gyr_z": -1.0076335877862594, "milliseconds": 27165}