{"cam/image_array": "57_cam-image_array_.jpg", "user/angle": 0.0, "user/throttle": -1.0, "user/mode": "user", "imu1/acl_x": 0.16280571289062498, "imu1/acl_y": -0.10773907470703124, "imu1/acl_z": 12.89038173828125, "imu1/gyr_x": -3.900763358778626, "imu1/gyr_y": 2.2519083969465647, "imu1/gyr_z": -1.8854961832061068, "imu2/acl_x": -0.1580173095703125, "imu2/acl_y": -0.11013327636718749, "imu2/acl_z": 9.641450085449218, "imu2/gyr_x": 3.7938931297709924, "imu2/gyr_y": -1.2442748091603053, "imu2/gyr_z": -0.8320610687022901, "milliseconds": 10750}