{"cam/image_array": "70_cam-image_array_.jpg", "user/angle": 0.0, "user/throttle": -0.8714285714285704, "user/mode": "user", "imu1/acl_x": 0.00239420166015625, "imu1/acl_y": -0.12210428466796874, "imu1/acl_z": 12.835315100097656, "imu1/gyr_x": -3.946564885496183, "imu1/gyr_y": 2.4580152671755724, "imu1/gyr_z": -1.9083969465648856, "imu2/acl_x": -0.09337386474609374, "imu2/acl_y": -0.0143652099609375, "imu2/acl_z": 9.658209497070311, "imu2/gyr_x": 3.717557251908397, "imu2/gyr_y": -1.297709923664122, "imu2/gyr_z": -1.099236641221374, "milliseconds": 11432}