{"cam/image_array": "327_cam-image_array_.jpg", "user/angle": 1.0, "user/throttle": 0.6453041010184686, "user/mode": "user", "imu1/acl_x": 0.16280571289062498, "imu1/acl_y": -0.09576806640624999, "imu1/acl_z": 12.727576025390624, "imu1/gyr_x": -4.083969465648855, "imu1/gyr_y": 2.435114503816794, "imu1/gyr_z": -0.0916030534351145, "imu2/acl_x": -0.143652099609375, "imu2/acl_y": 0.028730419921875, "imu2/acl_z": 9.749189160156249, "imu2/gyr_x": 4.068702290076335, "imu2/gyr_y": -1.183206106870229, "imu2/gyr_z": -0.9847328244274809, "milliseconds": 29400}