{"cam/image_array": "14_cam-image_array_.jpg", "user/angle": 0.0, "user/throttle": -1.0, "user/mode": "user", "imu1/acl_x": 0.1292868896484375, "imu1/acl_y": -0.143652099609375, "imu1/acl_z": 12.907141149902342, "imu1/gyr_x": -4.0, "imu1/gyr_y": 2.4122137404580153, "imu1/gyr_z": -2.0916030534351147, "imu2/acl_x": -0.07422025146484375, "imu2/acl_y": 0.0143652099609375, "imu2/acl_z": 9.655815295410155, "imu2/gyr_x": 3.7786259541984735, "imu2/gyr_y": -1.2061068702290076, "imu2/gyr_z": -1.183206106870229, "milliseconds": 8554}