{"cam/image_array": "158_cam-image_array_.jpg", "user/angle": -1.0, "user/throttle": 1.0, "user/mode": "user", "imu1/acl_x": 0.076614453125, "imu1/acl_y": -0.10773907470703124, "imu1/acl_z": 12.895170141601561, "imu1/gyr_x": -3.9770992366412212, "imu1/gyr_y": 2.595419847328244, "imu1/gyr_z": -1.9312977099236641, "imu2/acl_x": -0.09816226806640624, "imu2/acl_y": 0.0, "imu2/acl_z": 9.655815295410155, "imu2/gyr_x": 1.9923664122137406, "imu2/gyr_y": -1.3740458015267176, "imu2/gyr_z": -0.916030534351145, "milliseconds": 15968}