{"cam/image_array": "243_cam-image_array_.jpg", "user/angle": 0.0, "user/throttle": -0.1486394035050551, "user/mode": "user", "imu1/acl_x": 0.296881005859375, "imu1/acl_y": -0.1149216796875, "imu1/acl_z": 12.782642663574219, "imu1/gyr_x": -3.8396946564885495, "imu1/gyr_y": 2.4580152671755724, "imu1/gyr_z": -2.068702290076336, "imu2/acl_x": -0.1292868896484375, "imu2/acl_y": 0.023942016601562498, "imu2/acl_z": 9.686939916992188, "imu2/gyr_x": 3.717557251908397, "imu2/gyr_y": -1.183206106870229, "imu2/gyr_z": -1.0305343511450382, "milliseconds": 24202}