{"cam/image_array": "200_cam-image_array_.jpg", "user/angle": 0.0, "user/throttle": -1.0, "user/mode": "user", "imu1/acl_x": 0.13168109130859373, "imu1/acl_y": -0.0718260498046875, "imu1/acl_z": 12.94065997314453, "imu1/gyr_x": -3.9236641221374047, "imu1/gyr_y": 2.4198473282442747, "imu1/gyr_z": -2.1374045801526718, "imu2/acl_x": -0.05985504150390625, "imu2/acl_y": 0.047884033203124995, "imu2/acl_z": 9.753977563476562, "imu2/gyr_x": 3.8244274809160306, "imu2/gyr_y": -1.2671755725190839, "imu2/gyr_z": -1.1068702290076335, "milliseconds": 20287}