{"cam/image_array": "143_cam-image_array_.jpg", "user/angle": 0.0, "user/throttle": -0.024792169255995224, "user/mode": "user", "imu1/acl_x": 0.1867477294921875, "imu1/acl_y": -0.09576806640624999, "imu1/acl_z": 12.945448376464842, "imu1/gyr_x": -3.8091603053435112, "imu1/gyr_y": 2.572519083969466, "imu1/gyr_z": -2.1526717557251906, "imu2/acl_x": -0.17956512451171874, "imu2/acl_y": 0.033518823242187495, "imu2/acl_z": 9.792284790039062, "imu2/gyr_x": 3.618320610687023, "imu2/gyr_y": -1.2900763358778626, "imu2/gyr_z": -1.0534351145038168, "milliseconds": 15214}