{"cam/image_array": "129_cam-image_array_.jpg", "user/angle": 0.0, "user/throttle": -0.13139708280690832, "user/mode": "user", "imu1/acl_x": 0.105344873046875, "imu1/acl_y": -0.13646949462890623, "imu1/acl_z": 12.694057202148437, "imu1/gyr_x": -3.946564885496183, "imu1/gyr_y": 2.5419847328244276, "imu1/gyr_z": -2.030534351145038, "imu2/acl_x": -0.143652099609375, "imu2/acl_y": -0.02633621826171875, "imu2/acl_z": 9.662997900390625, "imu2/gyr_x": 3.83206106870229, "imu2/gyr_y": -1.3435114503816794, "imu2/gyr_z": -1.099236641221374, "milliseconds": 14463}