{"cam/image_array": "25_cam-image_array_.jpg", "user/angle": 0.0, "user/throttle": -0.10000000000000019, "user/mode": "user", "imu1/acl_x": 0.16759411621093748, "imu1/acl_y": -0.0718260498046875, "imu1/acl_z": 12.828132495117186, "imu1/gyr_x": -3.931297709923664, "imu1/gyr_y": 2.3282442748091605, "imu1/gyr_z": -0.03816793893129771, "imu2/acl_x": -0.1292868896484375, "imu2/acl_y": 0.05027823486328125, "imu2/acl_z": 9.564835632324218, "imu2/gyr_x": 3.854961832061069, "imu2/gyr_y": -1.2213740458015268, "imu2/gyr_z": -0.9312977099236641, "milliseconds": 9098}