{"cam/image_array": "58_cam-image_array_.jpg", "user/angle": 0.0, "user/throttle": -1.0, "user/mode": "user", "imu1/acl_x": 0.14125789794921875, "imu1/acl_y": -0.08858546142578125, "imu1/acl_z": 12.871228125, "imu1/gyr_x": -3.9389312977099236, "imu1/gyr_y": 2.5114503816793894, "imu1/gyr_z": -1.7557251908396947, "imu2/acl_x": -0.13168109130859373, "imu2/acl_y": -0.031124621582031248, "imu2/acl_z": 9.665392102050781, "imu2/gyr_x": 3.7557251908396947, "imu2/gyr_y": -1.1984732824427482, "imu2/gyr_z": -0.9923664122137404, "milliseconds": 10809}