{"cam/image_array": "179_cam-image_array_.jpg", "user/angle": 0.0, "user/throttle": -1.0, "user/mode": "user", "imu1/acl_x": 0.1484405029296875, "imu1/acl_y": -0.055066638183593745, "imu1/acl_z": 12.871228125, "imu1/gyr_x": -3.946564885496183, "imu1/gyr_y": 2.213740458015267, "imu1/gyr_z": -1.8244274809160306, "imu2/acl_x": -0.1580173095703125, "imu2/acl_y": -0.12210428466796874, "imu2/acl_z": 9.787496386718749, "imu2/gyr_x": 3.816793893129771, "imu2/gyr_y": -1.3206106870229009, "imu2/gyr_z": -1.015267175572519, "milliseconds": 18135}