{"cam/image_array": "197_cam-image_array_.jpg", "user/angle": 0.0, "user/throttle": -1.0, "user/mode": "user", "imu1/acl_x": 0.009576806640625, "imu1/acl_y": -0.05027823486328125, "imu1/acl_z": 12.926294763183593, "imu1/gyr_x": -5.847328244274809, "imu1/gyr_y": 2.3969465648854964, "imu1/gyr_z": -1.9923664122137406, "imu2/acl_x": -0.14125789794921875, "imu2/acl_y": -0.031124621582031248, "imu2/acl_z": 9.74200655517578, "imu2/gyr_x": 3.8931297709923665, "imu2/gyr_y": -1.213740458015267, "imu2/gyr_z": -1.015267175572519, "milliseconds": 20137}