{"cam/image_array": "165_cam-image_array_.jpg", "user/angle": -1.0, "user/throttle": 1.0, "user/mode": "user", "imu1/acl_x": 0.11013327636718749, "imu1/acl_y": -0.13407529296874998, "imu1/acl_z": 12.966996191406249, "imu1/gyr_x": -3.8625954198473282, "imu1/gyr_y": 2.4580152671755724, "imu1/gyr_z": -0.022900763358778626, "imu2/acl_x": -0.11013327636718749, "imu2/acl_y": -0.02154781494140625, "imu2/acl_z": 9.579200842285156, "imu2/gyr_x": 3.8396946564885495, "imu2/gyr_y": -1.297709923664122, "imu2/gyr_z": -1.1145038167938932, "milliseconds": 16332}