{"cam/image_array": "116_cam-image_array_.jpg", "user/angle": 1.0, "user/throttle": 0.034961615736102764, "user/mode": "user", "imu1/acl_x": 0.0047884033203125, "imu1/acl_y": -0.08140285644531249, "imu1/acl_z": 12.921506359863281, "imu1/gyr_x": -5.847328244274809, "imu1/gyr_y": 2.5267175572519083, "imu1/gyr_z": -1.8702290076335877, "imu2/acl_x": -0.12689268798828124, "imu2/acl_y": 0.00718260498046875, "imu2/acl_z": 9.744400756835937, "imu2/gyr_x": 3.687022900763359, "imu2/gyr_y": -1.3969465648854962, "imu2/gyr_z": -1.0687022900763359, "milliseconds": 13810}