{"cam/image_array": "136_cam-image_array_.jpg", "user/angle": 0.0, "user/throttle": -0.3571428571428572, "user/mode": "user", "imu1/acl_x": 0.11252747802734374, "imu1/acl_y": -0.1005564697265625, "imu1/acl_z": 12.935871569824219, "imu1/gyr_x": -3.801526717557252, "imu1/gyr_y": 2.519083969465649, "imu1/gyr_z": -1.7404580152671756, "imu2/acl_x": -0.15083470458984374, "imu2/acl_y": -0.01915361328125, "imu2/acl_z": 9.792284790039062, "imu2/gyr_x": 3.8473282442748094, "imu2/gyr_y": -1.1603053435114503, "imu2/gyr_z": -0.8931297709923665, "milliseconds": 14826}