{"cam/image_array": "21_cam-image_array_.jpg", "user/angle": 0.0, "user/throttle": -1.0, "user/mode": "user", "imu1/acl_x": 0.0047884033203125, "imu1/acl_y": -0.12210428466796874, "imu1/acl_z": 12.928688964843749, "imu1/gyr_x": -3.8702290076335877, "imu1/gyr_y": 2.3893129770992365, "imu1/gyr_z": -1.816793893129771, "imu2/acl_x": -0.105344873046875, "imu2/acl_y": -0.009576806640625, "imu2/acl_z": 9.734823950195311, "imu2/gyr_x": 3.885496183206107, "imu2/gyr_y": -1.1374045801526718, "imu2/gyr_z": -0.9389312977099237, "milliseconds": 8893}