{"cam/image_array": "298_cam-image_array_.jpg", "user/angle": -1.0, "user/throttle": 0.07618411361427603, "user/mode": "user", "imu1/acl_x": 0.21068974609375, "imu1/acl_y": -0.08379705810546874, "imu1/acl_z": 12.82573829345703, "imu1/gyr_x": -3.816793893129771, "imu1/gyr_y": 2.312977099236641, "imu1/gyr_z": -2.0916030534351147, "imu2/acl_x": -0.011971008300781249, "imu2/acl_y": -0.02154781494140625, "imu2/acl_z": 9.65342109375, "imu2/gyr_x": 3.6793893129770994, "imu2/gyr_y": -1.2595419847328244, "imu2/gyr_z": -1.015267175572519, "milliseconds": 27017}