{"cam/image_array": "127_cam-image_array_.jpg", "user/angle": 0.0, "user/throttle": -0.4142857142857151, "user/mode": "user", "imu1/acl_x": 0.08858546142578125, "imu1/acl_y": -0.13407529296874998, "imu1/acl_z": 12.97178459472656, "imu1/gyr_x": -3.9923664122137406, "imu1/gyr_y": 2.3282442748091605, "imu1/gyr_z": -1.6259541984732824, "imu2/acl_x": -0.13168109130859373, "imu2/acl_y": -0.11731588134765625, "imu2/acl_z": 9.641450085449218, "imu2/gyr_x": 3.7480916030534353, "imu2/gyr_y": -1.2061068702290076, "imu2/gyr_z": -0.9923664122137404, "milliseconds": 14352}