{"cam/image_array": "35_cam-image_array_.jpg", "user/angle": 0.0, "user/throttle": -1.0, "user/mode": "user", "imu1/acl_x": 0.1005564697265625, "imu1/acl_y": -0.047884033203124995, "imu1/acl_z": 12.899958544921875, "imu1/gyr_x": -4.00763358778626, "imu1/gyr_y": 2.3282442748091605, "imu1/gyr_z": -1.8778625954198473, "imu2/acl_x": -0.1005564697265625, "imu2/acl_y": 0.02633621826171875, "imu2/acl_z": 9.732429748535155, "imu2/gyr_x": 3.763358778625954, "imu2/gyr_y": -1.2213740458015268, "imu2/gyr_z": -1.0305343511450382, "milliseconds": 9612}