{"cam/image_array": "282_cam-image_array_.jpg", "user/angle": -1.0, "user/throttle": 0.22839861949713677, "user/mode": "user", "imu1/acl_x": 0.1149216796875, "imu1/acl_y": -0.08858546142578125, "imu1/acl_z": 12.9095353515625, "imu1/gyr_x": -4.038167938931298, "imu1/gyr_y": 2.351145038167939, "imu1/gyr_z": -2.030534351145038, "imu2/acl_x": -0.15322890625, "imu2/acl_y": 0.033518823242187495, "imu2/acl_z": 9.698910925292969, "imu2/gyr_x": 3.8244274809160306, "imu2/gyr_y": -1.183206106870229, "imu2/gyr_z": -1.0, "milliseconds": 26189}