{"cam/image_array": "104_cam-image_array_.jpg", "user/angle": 0.5142857142857143, "user/throttle": 0.12857142857142861, "user/mode": "user", "imu1/acl_x": 0.1292868896484375, "imu1/acl_y": -0.062249243164062495, "imu1/acl_z": 12.77546005859375, "imu1/gyr_x": -1.9618320610687023, "imu1/gyr_y": 2.404580152671756, "imu1/gyr_z": -1.816793893129771, "imu2/acl_x": -0.06464344482421874, "imu2/acl_y": 0.1484405029296875, "imu2/acl_z": 9.677363110351562, "imu2/gyr_x": 5.809160305343512, "imu2/gyr_y": -1.1984732824427482, "imu2/gyr_z": -0.9541984732824428, "milliseconds": 13194}