{"cam/image_array": "71_cam-image_array_.jpg", "user/angle": 0.0, "user/throttle": -0.8714285714285704, "user/mode": "user", "imu1/acl_x": 0.21787235107421873, "imu1/acl_y": -0.031124621582031248, "imu1/acl_z": 12.868833923339842, "imu1/gyr_x": -3.9083969465648853, "imu1/gyr_y": 2.2519083969465647, "imu1/gyr_z": -1.9389312977099236, "imu2/acl_x": -0.14604630126953125, "imu2/acl_y": -0.1484405029296875, "imu2/acl_z": 9.677363110351562, "imu2/gyr_x": 3.6793893129770994, "imu2/gyr_y": -1.2442748091603053, "imu2/gyr_z": -1.0381679389312977, "milliseconds": 11504}