{"cam/image_array": "80_cam-image_array_.jpg", "user/angle": -1.0, "user/throttle": 0.09427252475062942, "user/mode": "user", "imu1/acl_x": 0.09576806640624999, "imu1/acl_y": -0.086191259765625, "imu1/acl_z": 12.866439721679686, "imu1/gyr_x": -5.8320610687022905, "imu1/gyr_y": 2.3893129770992365, "imu1/gyr_z": -1.9236641221374047, "imu2/acl_x": -0.1388636962890625, "imu2/acl_y": -0.02154781494140625, "imu2/acl_z": 9.560047229003906, "imu2/gyr_x": 3.8091603053435112, "imu2/gyr_y": -1.2671755725190839, "imu2/gyr_z": -0.9541984732824428, "milliseconds": 11946}