{"cam/image_array": "46_cam-image_array_.jpg", "user/angle": -1.0, "user/throttle": 0.09999999999999921, "user/mode": "user", "imu1/acl_x": 0.07900865478515624, "imu1/acl_y": -0.0526724365234375, "imu1/acl_z": 12.873622326660156, "imu1/gyr_x": -3.9923664122137406, "imu1/gyr_y": 2.236641221374046, "imu1/gyr_z": -2.0763358778625953, "imu2/acl_x": -0.12210428466796874, "imu2/acl_y": 0.023942016601562498, "imu2/acl_z": 9.686939916992188, "imu2/gyr_x": 3.900763358778626, "imu2/gyr_y": -1.1374045801526718, "imu2/gyr_z": -0.9770992366412213, "milliseconds": 10214}