{"cam/image_array": "275_cam-image_array_.jpg", "user/angle": -1.0, "user/throttle": 0.6719974195348632, "user/mode": "user", "imu1/acl_x": 0.21787235107421873, "imu1/acl_y": -0.06703764648437499, "imu1/acl_z": 12.789825268554686, "imu1/gyr_x": -3.9389312977099236, "imu1/gyr_y": 2.3587786259541983, "imu1/gyr_z": -2.145038167938931, "imu2/acl_x": -0.16280571289062498, "imu2/acl_y": 0.02154781494140625, "imu2/acl_z": 9.672574707031249, "imu2/gyr_x": 3.8625954198473282, "imu2/gyr_y": -1.3587786259541985, "imu2/gyr_z": -1.015267175572519, "milliseconds": 25841}