{"cam/image_array": "140_cam-image_array_.jpg", "user/angle": 0.0, "user/throttle": -0.3571428571428571, "user/mode": "user", "imu1/acl_x": 0.21787235107421873, "imu1/acl_y": -0.11013327636718749, "imu1/acl_z": 12.895170141601561, "imu1/gyr_x": -3.931297709923664, "imu1/gyr_y": 2.3740458015267176, "imu1/gyr_z": -0.015267175572519083, "imu2/acl_x": -0.00239420166015625, "imu2/acl_y": 0.023942016601562498, "imu2/acl_z": 9.734823950195311, "imu2/gyr_x": 3.7786259541984735, "imu2/gyr_y": -1.3129770992366412, "imu2/gyr_z": -0.8549618320610687, "milliseconds": 15042}