{"cam/image_array": "62_cam-image_array_.jpg", "user/angle": -0.014285714285714238, "user/throttle": 0.24285714285714285, "user/mode": "user", "imu1/acl_x": 0.1771709228515625, "imu1/acl_y": -0.086191259765625, "imu1/acl_z": 12.861651318359375, "imu1/gyr_x": -3.954198473282443, "imu1/gyr_y": 2.267175572519084, "imu1/gyr_z": -3.8931297709923665, "imu2/acl_x": -0.13168109130859373, "imu2/acl_y": -0.011971008300781249, "imu2/acl_z": 9.694122521972655, "imu2/gyr_x": 3.877862595419847, "imu2/gyr_y": -1.381679389312977, "imu2/gyr_z": -1.1221374045801527, "milliseconds": 11027}