{"cam/image_array": "295_cam-image_array_.jpg", "user/angle": 0.0, "user/throttle": -0.19936305570722468, "user/mode": "user", "imu1/acl_x": 0.1484405029296875, "imu1/acl_y": -0.08379705810546874, "imu1/acl_z": 12.880804931640624, "imu1/gyr_x": -4.152671755725191, "imu1/gyr_y": 2.4427480916030535, "imu1/gyr_z": -1.8778625954198473, "imu2/acl_x": -0.18914193115234373, "imu2/acl_y": 0.02154781494140625, "imu2/acl_z": 9.682151513671874, "imu2/gyr_x": 3.7480916030534353, "imu2/gyr_y": -1.0305343511450382, "imu2/gyr_z": -0.9923664122137404, "milliseconds": 26866}