{"cam/image_array": "231_cam-image_array_.jpg", "user/angle": 0.0, "user/throttle": 0.0, "user/mode": "user", "imu1/acl_x": 0.12689268798828124, "imu1/acl_y": -0.09576806640624999, "imu1/acl_z": 12.966996191406249, "imu1/gyr_x": -5.8396946564885495, "imu1/gyr_y": 2.450381679389313, "imu1/gyr_z": -1.816793893129771, "imu2/acl_x": -0.11252747802734374, "imu2/acl_y": -0.01915361328125, "imu2/acl_z": 9.643844287109374, "imu2/gyr_x": 3.8931297709923665, "imu2/gyr_y": -1.3053435114503817, "imu2/gyr_z": -0.9389312977099237, "milliseconds": 23591}