{"cam/image_array": "88_cam-image_array_.jpg", "user/angle": -1.0, "user/throttle": 0.45714285714285724, "user/mode": "user", "imu1/acl_x": 0.1388636962890625, "imu1/acl_y": -0.105344873046875, "imu1/acl_z": 12.969390393066405, "imu1/gyr_x": -5.824427480916031, "imu1/gyr_y": 2.427480916030534, "imu1/gyr_z": -1.8396946564885497, "imu2/acl_x": -0.11731588134765625, "imu2/acl_y": -0.00239420166015625, "imu2/acl_z": 9.682151513671874, "imu2/gyr_x": 5.732824427480916, "imu2/gyr_y": -1.2748091603053435, "imu2/gyr_z": -0.9312977099236641, "milliseconds": 12381}