{"cam/image_array": "261_cam-image_array_.jpg", "user/angle": -1.0, "user/throttle": 0.7539923712991294, "user/mode": "user", "imu1/acl_x": 0.1292868896484375, "imu1/acl_y": -0.1292868896484375, "imu1/acl_z": 12.90235274658203, "imu1/gyr_x": -3.984732824427481, "imu1/gyr_y": 2.3587786259541983, "imu1/gyr_z": -1.8549618320610688, "imu2/acl_x": -0.1149216796875, "imu2/acl_y": -0.009576806640625, "imu2/acl_z": 9.725247143554688, "imu2/gyr_x": 3.8625954198473282, "imu2/gyr_y": -1.2366412213740459, "imu2/gyr_z": -0.9618320610687023, "milliseconds": 25140}