{"cam/image_array": "153_cam-image_array_.jpg", "user/angle": -1.0, "user/throttle": 1.0, "user/mode": "user", "imu1/acl_x": 0.02154781494140625, "imu1/acl_y": -0.040701428222656245, "imu1/acl_z": 12.919112158203124, "imu1/gyr_x": -3.946564885496183, "imu1/gyr_y": 2.33587786259542, "imu1/gyr_z": -1.9236641221374047, "imu2/acl_x": -0.17238251953125, "imu2/acl_y": -0.15322890625, "imu2/acl_z": 9.701305126953125, "imu2/gyr_x": 3.83206106870229, "imu2/gyr_y": -1.3282442748091603, "imu2/gyr_z": -1.0687022900763359, "milliseconds": 15715}